FID,block_id,census_year,clue_small_area,commercial_accommodation,common_area,community_use,educational_research,entertainment_recreation_indoor,equipment_installation,hospital_clinic,house_townhouse,institutional_accommodation,manufacturing,office,park_reserve,parking_commercial_covered,parking_commercial_uncovered,parking_private_covered,parking_private_uncovered,performances_conferences_ceremonies,private_outdoor_space,public_display_area,residential_apartment,retail_cars,retail_shop,retail_showroom,retail_stall,sports_and_recreation_outdoor,square_promenade,storage,student_accommodation,total_space_in_block,transport,transport_storage_uncovered,unoccupied_under_construction,unoccupied_under_demolition_condemned,unoccupied_under_renovation,unoccupied_undeveloped_site,unoccupied_unused,wholesale,workshop_studio,wkb_geometry
com_clue_floor_use_block_2016.662,662,2016,East Melbourne,0,0,0,0,0,0,0,0,0,0,0,,0,0,0,0,0,0,0,0,0,0,0,0,0,0,0,0,10076,,0,0,0,0,,0,0,0,"MULTIPOLYGON (((-37.81761280329104 144.98995535726976, -37.817498192614224 144.98881475567057, -37.81743525351291 144.98882542132947, -37.817346713273935 144.9878969844568, -37.81707112652522 144.98794102295108, -37.81703107740836 144.98758234672312, -37.81679144739936 144.98543645052794, -37.81679564151859 144.9854357151158, -37.81676327598361 144.9851485341753, -37.81682443660657 144.9851378105022, -37.81653785773245 144.98256026682995, -37.81639085194032 144.98258718532995, -37.81609385151066 144.9826415713614, -37.81637948182137 144.9851964458714, -37.81639924934593 144.98537104988287, -37.816473184820765 144.98605424906881, -37.81647605323195 144.98607753492254, -37.81665425375571 144.98764302519805, -37.81665402306537 144.9877992696348, -37.816653709607436 144.98801085713714, -37.816887224639025 144.99008508650945, -37.8175252277798 144.98997516372262, -37.81761280329104 144.98995535726976)))"
com_clue_floor_use_block_2016.1112,1112,2016,Docklands,,13539,0,0,216,0,0,0,0,0,329,0,0,0,11777,0,,17074,0,32127,0,,0,0,0,0,0,0,79537.9921875,0,0,0,,0,0,,0,0,"MULTIPOLYGON (((-37.82336946617084 144.94792303695831, -37.82250880341081 144.9476988192699, -37.82260109604955 144.9496147590175, -37.82253030493959 144.95014641070907, -37.82227046211058 144.9510424146238, -37.82208152064655 144.95169392616435, -37.82253905456073 144.95190493129044, -37.822553667374194 144.95192199215572, -37.82256600573648 144.95194170160732, -37.82257577209422 144.95196358390345, -37.82258273103753 144.95198710932402, -37.82258671229847 144.952011711129, -37.822587621698425 144.9520367932084, -37.822430930264105 144.95257661404847, -37.822409523335004 144.9525667413132, -37.82230524634312 144.95292598189664, -37.82245001215685 144.95299276696568, -37.82248207896046 144.9530075598591, -37.82250153854629 144.95294051992417, -37.82302739708472 144.95318209938543, -37.82303205629152 144.95316598600712, -37.82321473621459 144.95324993490993, -37.823229475382426 144.95319859026185, -37.82314746899721 144.95316175546273, -37.823143300502736 144.95196147287785, -37.82364740164818 144.95219395781817, -37.82363180399277 144.95097236824898, -37.823383796692774 144.9480895887926, -37.82336946617084 144.94792303695831)))"
com_clue_floor_use_block_2016.6,6,2016,Melbourne (CBD),0,15020,0,0,6645,,0,0,0,0,3735,0,12905,0,0,0,9268,,10813,0,0,2180,0,0,0,32911,0,0,100343.2265625,0,0,0,0,0,0,0,0,2532,"MULTIPOLYGON (((-37.81909387846127 144.97140475559115, -37.81922045406143 144.96824653356234, -37.817464744736455 144.96743801558117, -37.81674238675368 144.9699102385508, -37.816008333395324 144.9723816490449, -37.81637384991775 144.97257340916482, -37.81666671090871 144.97278089288537, -37.817249081246025 144.97322654004842, -37.81726889483273 144.9732561383287, -37.817354611998006 144.97339048031924, -37.81749895150572 144.97329853129267, -37.81767211968285 144.9727637297199, -37.81764482047313 144.9727354733566, -37.81775758832494 144.97226184439944, -37.81774887797034 144.97225893831092, -37.81799079625244 144.9711070010843, -37.8180464867868 144.9709169353862, -37.81909387846127 144.97140475559115)))"
com_clue_floor_use_block_2016.927,927,2016,Parkville,0,6061,0,0,0,0,0,5032,,0,0,,0,0,5920,0,0,18068,0,23374,0,0,0,0,0,0,0,0,60551.33984375,0,0,0,0,0,,0,0,0,"MULTIPOLYGON (((-37.786628712217954 144.94261534355684, -37.78694153994476 144.94199295353206, -37.786895468661136 144.94198596624494, -37.786657266498835 144.9419498384121, -37.78680351178407 144.94150382650372, -37.786731735331465 144.9414931277299, -37.78701702178982 144.94092770522977, -37.78740311908289 144.94021773879334, -37.787193102155285 144.94007194234538, -37.787060168823736 144.93997132218774, -37.78694308560269 144.94021061971313, -37.78691344859109 144.9402463270999, -37.786870172884946 144.94028943864376, -37.786823465664696 144.94032642843, -37.78677386918206 144.9403568692143, -37.78672196026604 144.9403804043337, -37.786668342454135 144.94039676155091, -37.78661363872654 144.9404057498487, -37.78655848441934 144.94040726643897, -37.78650352176013 144.94040129350694, -37.786449389059364 144.94038789851038, -37.7863967144844 144.94036723889354, -37.7851101598418 144.93979293654493, -37.78386248669192 144.93938646167416, -37.783814119488895 144.94013516202463, -37.783669885717806 144.94024669617704, -37.78344577513267 144.94069203673553, -37.78431635351696 144.94159895772046, -37.7855284969422 144.94178064372008, -37.78551818930171 144.94188981648188, -37.786263741396674 144.94219124641174, -37.786412673567405 144.9423293826911, -37.78635806458778 144.9424276252523, -37.78643352555236 144.9424955640339, -37.786628712217954 144.94261534355684)))"
com_clue_floor_use_block_2016.926,926,2016,Parkville,0,236,0,0,0,0,0,1778,0,0,0,0,0,0,,0,0,3001,0,926,0,0,0,0,0,0,0,0,9127.59960938,0,0,0,0,0,,0,0,0,"MULTIPOLYGON (((-37.787565931994955 144.94213603240695, -37.78846356967187 144.94100087779762, -37.78843968267018 144.94097090493514, -37.7882599515207 144.94081536327266, -37.788025998599366 144.9406501551141, -37.78761572755634 144.94036533544656, -37.78740311908289 144.94021773879334, -37.78701702178982 144.94092770522977, -37.786731735331465 144.9414931277299, -37.78680351178407 144.94150382650372, -37.786657266498835 144.9419498384121, -37.786895468661136 144.94198596624494, -37.78694153994476 144.94199295353206, -37.78752351835996 144.94208122158142, -37.787565931994955 144.94213603240695)))"
com_clue_floor_use_block_2016.925,925,2016,Parkville,1973,1315,0,0,0,0,0,5222,0,0,0,0,0,0,1112,0,0,5057,0,2284,0,0,0,0,0,0,0,0,16961.66015625,0,0,0,0,0,0,0,0,0,"MULTIPOLYGON (((-37.787565931994955 144.94213603240695, -37.78839783418324 144.9431901998653, -37.78955080771569 144.94236512682895, -37.7893851423588 144.94215724869704, -37.78846356967187 144.94100087779762, -37.787565931994955 144.94213603240695)))"
com_clue_floor_use_block_2016.924,924,2016,Parkville,0,837,0,0,0,0,0,3704,0,0,0,0,0,0,335,0,0,5970,0,3097,0,0,0,0,0,0,0,0,13943.3203125,0,0,0,0,0,0,0,0,0,"MULTIPOLYGON (((-37.787565931994955 144.94213603240695, -37.78752351835996 144.94208122158142, -37.78694153994476 144.94199295353206, -37.786628712217954 144.94261534355684, -37.786823898793806 144.94273512482712, -37.78694792166022 144.94285978604267, -37.78718068242834 144.94308038338772, -37.78729151696978 144.94318542724693, -37.787848837788395 144.94371363325857, -37.78838240649871 144.94333229055502, -37.78839783418324 144.9431901998653, -37.787565931994955 144.94213603240695)))"
com_clue_floor_use_block_2016.930,930,2016,Parkville,0,14921,0,70176,,0,,0,,0,0,0,0,0,0,0,0,,0,0,0,0,0,0,0,0,0,0,196786.984375,0,0,0,0,0,0,0,0,0,"MULTIPOLYGON (((-37.7787229075865 144.9425926937105, -37.77893323413647 144.94435661785505, -37.77888661188723 144.94514261968115, -37.779329190973556 144.94870390255662, -37.77934079288728 144.94877221504242, -37.77935833134925 144.9488384877444, -37.77938158848674 144.94890190466256, -37.77941027854502 144.94896168459712, -37.77942236257194 144.9489594146919, -37.77942193480358 144.94895824114766, -37.781412430697905 144.94857383410368, -37.782081523310424 144.94733189179445, -37.781911960434705 144.94687871571261, -37.78186740576439 144.94631288675976, -37.78175764807194 144.94588599508813, -37.78137294442767 144.9463749375775, -37.78086389129434 144.94715758811006, -37.78045000846393 144.94742980129533, -37.78008317282673 144.94751976826248, -37.77977981191113 144.94770548460662, -37.77936516492319 144.94825500251287, -37.77932411314267 144.94792489456563, -37.779810763522 144.94736290903532, -37.78059542574737 144.94690837851928, -37.78153989438812 144.9458277952248, -37.78158192188257 144.94539804836904, -37.7816578057373 144.94462205994202, -37.78163586870977 144.94373781633718, -37.781637036433914 144.9426242794095, -37.78182026170443 144.94201682160397, -37.7787229075865 144.9425926937105)))"
com_clue_floor_use_block_2016.928,928,2016,Parkville,0,10606,,3120,,0,0,47534,10380,0,,26244,0,0,9136,,0,89778,0,57895,0,0,0,0,,0,0,0,272774.84375,0,0,12437,0,0,,,0,0,"MULTIPOLYGON (((-37.7787229075865 144.9425926937105, -37.78182026170443 144.94201682160397, -37.78211502188287 144.9417756440842, -37.78182151317288 144.94140877136277, -37.78168437717816 144.9412512457062, -37.78169180188931 144.9410154361704, -37.78178372188766 144.94097352273693, -37.78174305488694 144.94005091934773, -37.78177151104804 144.9399428546857, -37.78238847408292 144.93913179685535, -37.782055429045776 144.93906778773047, -37.78166986250591 144.93899368609905, -37.78126127684068 144.93886688518012, -37.78045611659468 144.93852383063654, -37.77896756399404 144.937659652055, -37.77797222065697 144.93714294724523, -37.777786930204954 144.93707974143973, -37.77789437588265 144.93795727172014, -37.77758751087052 144.93782293764485, -37.77735016672782 144.93773218179942, -37.777249101856256 144.93769483459653, -37.7771804879013 144.93766971052474, -37.777173567797796 144.93768716053896, -37.7771670487325 144.93770512621796, -37.777101304896625 144.93778628074384, -37.77704582702879 144.93784719566915, -37.77697325702361 144.9379268774396, -37.776863458450805 144.93803636607524, -37.776749890443675 144.93813655372918, -37.77667277856137 144.93817455006933, -37.776595625263106 144.93821244643004, -37.77653924005415 144.9382254518574, -37.7764828341524 144.9382384078818, -37.77638251704477 144.93829515203663, -37.77628715644315 144.93836425638065, -37.77621127360095 144.93840528582268, -37.77612345020471 144.938492865061, -37.77600969809992 144.93853492809797, -37.775792491291064 144.93858917132994, -37.77571036102564 144.9386147831325, -37.77562700254593 144.9386373624088, -37.77557431680236 144.93867607445716, -37.77544812812966 144.93876879638896, -37.77595833775403 144.94293666952987, -37.77597874526041 144.94310496659787, -37.7787229075865 144.9425926937105)))"
com_clue_floor_use_block_2016.929,929,2016,Parkville,0,10572,0,0,,,30185,,16241,0,993,0,0,0,0,0,0,,0,0,0,0,0,0,0,0,0,0,176403,0,0,0,0,0,0,0,0,0,"MULTIPOLYGON (((-37.7787229075865 144.9425926937105, -37.77597874526041 144.94310496659787, -37.77601305768707 144.94338794231828, -37.77675065086593 144.94946132487888, -37.77941027854502 144.94896168459712, -37.77938158848674 144.94890190466256, -37.77935833134925 144.9488384877444, -37.77934079288728 144.94877221504242, -37.779329190973556 144.94870390255662, -37.77888661188723 144.94514261968115, -37.77893323413647 144.94435661785505, -37.7787229075865 144.9425926937105)))"
com_clue_floor_use_block_2016.415,415,2016,West Melbourne (Residential),0,,0,0,0,0,0,6515,0,0,0,0,0,0,378,0,0,1785,0,2794,0,,0,0,0,0,0,0,12617.03027344,0,0,0,0,0,0,,0,,"MULTIPOLYGON (((-37.807151656659904 144.94414707471603, -37.80796661777983 144.9460149340721, -37.808537495864066 144.94539865528915, -37.807793541053115 144.94370206804953, -37.807151656659904 144.94414707471603)))"
com_clue_floor_use_block_2016.412,412,2016,West Melbourne (Residential),0,482,0,,0,,0,0,0,0,,0,0,0,0,0,0,,0,0,0,0,0,0,0,0,0,0,5795,0,0,0,0,0,0,0,0,,"MULTIPOLYGON (((-37.80732381488938 144.9427148259149, -37.8065878592121 144.94284670798106, -37.807151656659904 144.94414707471603, -37.807793541053115 144.94370206804953, -37.80732381488938 144.9427148259149)))"
com_clue_floor_use_block_2016.411,411,2016,West Melbourne (Residential),0,0,0,0,0,0,0,,0,0,0,0,0,0,0,0,0,,0,0,0,0,0,0,0,0,0,0,2516,0,0,0,0,0,0,0,0,0,"MULTIPOLYGON (((-37.80741789935814 144.94269796554164, -37.80732381488938 144.9427148259149, -37.807793541053115 144.94370206804953, -37.80827923656751 144.94336690238254, -37.80741789935814 144.94269796554164)))"
com_clue_floor_use_block_2016.410,410,2016,West Melbourne (Residential),0,,0,0,0,0,0,0,0,0,0,0,0,0,0,0,0,,0,0,0,0,0,0,0,0,0,0,2561.90991211,0,0,0,0,0,0,1814,0,0,"MULTIPOLYGON (((-37.80732381488938 144.9427148259149, -37.80741789935814 144.94269796554164, -37.80621177827184 144.94175101160093, -37.80614226744421 144.94176340369373, -37.8065878592121 144.94284670798106, -37.80732381488938 144.9427148259149)))"
com_clue_floor_use_block_2016.409,409,2016,West Melbourne (Residential),0,1343,0,0,,,0,474,0,0,,0,0,0,,0,0,414,0,3864,0,,0,0,0,0,,0,19270.98046875,0,0,11901,0,0,0,,0,0,"MULTIPOLYGON (((-37.80543041395481 144.94305250266584, -37.8065878592121 144.94284670798106, -37.80614226744421 144.94176340369373, -37.80543040434141 144.94189031098406, -37.80537501425784 144.94248833509016, -37.80543041395481 144.94305250266584)))"
com_clue_floor_use_block_2016.414,414,2016,West Melbourne (Residential),0,1667,0,0,,0,0,4032,,0,2786,0,0,0,2344,0,,3584,0,6132,0,,,0,0,0,,0,25468.97070312,0,0,0,0,0,0,,0,,"MULTIPOLYGON (((-37.80615481623095 144.9448383320427, -37.807090994044316 144.94696869637522, -37.80796661777983 144.9460149340721, -37.807151656659904 144.94414707471603, -37.80615481623095 144.9448383320427)))"
com_clue_floor_use_block_2016.353,353,2016,North Melbourne,3852,4999,0,0,,0,,9837,6610,0,1449,0,0,0,2846,,0,21214,0,12048,0,458,0,0,0,0,0,0,64762.578125,0,0,0,0,0,0,,0,0,"MULTIPOLYGON (((-37.79661227173731 144.95121992801504, -37.797042512072856 144.95067478966422, -37.79754265377838 144.95004162618022, -37.79501840675145 144.9468817860043, -37.79404964732902 144.94705364393766, -37.79392025528496 144.94710801473602, -37.79347872804157 144.9472935435854, -37.793541507002296 144.9473722026332, -37.79476086467947 144.9489000264969, -37.79658257308317 144.9511827136962, -37.79661227173731 144.95121992801504)))"
com_clue_floor_use_block_2016.301,301,2016,North Melbourne,0,857,0,0,0,0,0,12429,0,0,,0,0,0,0,0,0,8732,0,4575,0,427,0,0,0,0,0,0,27583.66992188,0,0,,0,0,0,0,0,0,"MULTIPOLYGON (((-37.7925266318279 144.94539104571928, -37.79218496128193 144.94228537636144, -37.79099015819642 144.94249909046422, -37.790915545984696 144.94251243664735, -37.79029461515793 144.9432984795418, -37.79034279894942 144.9433589426633, -37.79210757519655 144.945573101245, -37.7925266318279 144.94539104571928)))"
com_clue_floor_use_block_2016.318,318,2016,North Melbourne,0,318,0,,0,0,0,10287,0,0,0,0,0,0,0,0,,7973,0,1108,0,0,0,0,0,0,0,0,22975.11914062,0,0,0,0,0,0,0,0,0,"MULTIPOLYGON (((-37.796128663153745 144.94471657568604, -37.79642131215338 144.9446661459979, -37.79729034425823 144.9445108164095, -37.79817744490916 144.94435225384262, -37.79772121805202 144.94385651342668, -37.79683570318266 144.94289432718446, -37.79579788498212 144.9417666876922, -37.796128663153745 144.94471657568604)))"
com_clue_floor_use_block_2016.319,319,2016,North Melbourne,0,5195,0,0,0,0,0,0,0,0,0,0,0,0,0,0,0,,0,0,0,,0,0,0,0,37281,0,68979.2578125,0,0,0,0,0,0,,0,0,"MULTIPOLYGON (((-37.79558825116497 144.9401500247857, -37.79560750171408 144.9402173966782, -37.79578410871273 144.94164154895006, -37.79579397354155 144.9417318122404, -37.79579788498212 144.9417666876922, -37.79683570318266 144.94289432718446, -37.79772121805202 144.94385651342668, -37.79780983727317 144.943726985793, -37.79837867214419 144.94288051330417, -37.797731863574235 144.94217122522605, -37.79802555610158 144.9417684138551, -37.79778350713932 144.9415043509742, -37.797646909186895 144.94135533050442, -37.79639749335931 144.93998498628636, -37.79558825116497 144.9401500247857)))"
com_clue_floor_use_block_2016.302,302,2016,North Melbourne,0,1263,0,6149,0,0,0,7294,,0,0,0,0,0,,0,0,12645,0,3698,0,0,0,0,0,0,0,0,33105.26953125,0,0,0,0,0,0,0,0,0,"MULTIPOLYGON (((-37.7925266318279 144.94539104571928, -37.792672470460374 144.94532768783884, -37.793563847586874 144.9451715160238, -37.793697359307345 144.94514810675338, -37.79335411963578 144.94207624084063, -37.79249275384845 144.94223031970137, -37.79218496128193 144.94228537636144, -37.7925266318279 144.94539104571928)))"
com_clue_floor_use_block_2016.305,305,2016,North Melbourne,0,,0,0,0,0,0,12292,0,0,0,0,0,0,0,0,0,11207,0,4376,0,0,0,0,0,0,0,0,28600.31054688,0,0,0,0,0,,0,0,0,"MULTIPOLYGON (((-37.79486654230963 144.94494162906142, -37.79452462028143 144.94186685846853, -37.7940033086495 144.94196011311442, -37.79335411963578 144.94207624084063, -37.793697359307345 144.94514810675338, -37.79486654230963 144.94494162906142)))"
com_clue_floor_use_block_2016.303,303,2016,North Melbourne,0,,0,1631,0,0,,3003,0,0,0,0,0,0,0,0,0,5184,,453,0,0,0,0,0,0,0,0,14678.33007812,0,0,3540,0,0,0,0,0,0,"MULTIPOLYGON (((-37.79210757519655 144.945573101245, -37.79347872804157 144.9472935435854, -37.79392025528496 144.94710801473602, -37.793697359307345 144.94514810675338, -37.793563847586874 144.9451715160238, -37.792672470460374 144.94532768783884, -37.7925266318279 144.94539104571928, -37.79210757519655 144.945573101245)))"
com_clue_floor_use_block_2016.304,304,2016,North Melbourne,0,307,0,0,0,0,,4638,0,0,0,0,0,0,0,0,,6549,0,6222,0,0,0,0,0,0,0,0,18804.34960938,0,0,0,0,0,0,,0,0,"MULTIPOLYGON (((-37.79501840675145 144.9468817860043, -37.79508200700176 144.94687050274078, -37.79497406500841 144.9459041538291, -37.79486654230963 144.94494162906142, -37.793697359307345 144.94514810675338, -37.79392025528496 144.94710801473602, -37.79404964732902 144.94705364393766, -37.79501840675145 144.9468817860043)))"
com_clue_floor_use_block_2016.308,308,2016,North Melbourne,0,,0,0,0,0,0,4538,0,0,0,0,0,0,,0,0,1436,0,502,0,0,0,0,0,0,0,0,6565.60986328,0,0,0,0,0,0,0,0,0,"MULTIPOLYGON (((-37.79508200700176 144.94687050274078, -37.79627124078149 144.94665679846662, -37.79616252366081 144.94569106919707, -37.79497406500841 144.9459041538291, -37.79508200700176 144.94687050274078)))"
com_clue_floor_use_block_2016.306,306,2016,North Melbourne,0,535,0,0,0,0,0,15953,0,0,0,0,0,0,,0,0,7895,0,2571,0,0,0,0,0,0,0,0,27319.98046875,0,0,0,0,0,0,0,0,,"MULTIPOLYGON (((-37.79486654230963 144.94494162906142, -37.796054183553714 144.9447287542105, -37.796128663153745 144.94471657568604, -37.79579788498212 144.9417666876922, -37.79579397354155 144.9417318122404, -37.79578410871273 144.94164154895006, -37.79452462028143 144.94186685846853, -37.79486654230963 144.94494162906142)))"
com_clue_floor_use_block_2016.307,307,2016,North Melbourne,0,0,0,0,0,0,0,4713,0,0,0,0,0,0,0,0,0,1503,0,0,0,0,0,0,0,0,0,0,6216.27978516,0,0,0,0,0,0,0,0,0,"MULTIPOLYGON (((-37.79486654230963 144.94494162906142, -37.79497406500841 144.9459041538291, -37.79616252366081 144.94569106919707, -37.796054183553714 144.9447287542105, -37.79486654230963 144.94494162906142)))"
com_clue_floor_use_block_2016.324,324,2016,North Melbourne,0,454,0,0,0,0,0,7903,0,0,0,,0,0,,0,0,4000,0,2064,0,0,0,0,0,0,0,0,18548.47070312,0,0,0,0,0,0,0,0,0,"MULTIPOLYGON (((-37.79616252366081 144.94569106919707, -37.79627124078149 144.94665679846662, -37.7964825846034 144.94661855464668, -37.79663954520503 144.946590650951, -37.797511933879356 144.94643555813323, -37.79729034425823 144.9445108164095, -37.79642131215338 144.9446661459979, -37.796128663153745 144.94471657568604, -37.796054183553714 144.9447287542105, -37.79616252366081 144.94569106919707)))"
com_clue_floor_use_block_2016.326,326,2016,North Melbourne,0,2176,0,0,0,0,0,0,0,0,0,,0,0,0,0,0,13420,0,10630,0,,0,0,0,0,0,0,27008.61914062,0,0,0,0,0,0,0,0,0,"MULTIPOLYGON (((-37.79884165915795 144.94968390881522, -37.79875081065267 144.948871219532, -37.798449873155654 144.9462688070169, -37.797511933879356 144.94643555813323, -37.79663954520503 144.946590650951, -37.7964825846034 144.94661855464668, -37.7983707498924 144.94898832648704, -37.79837119423829 144.94898776110958, -37.79884165915795 144.94968390881522)))"
com_clue_floor_use_block_2016.352,352,2016,North Melbourne,0,1065,0,0,0,,0,14957,0,0,0,0,0,0,0,0,0,15570,0,3327,0,0,0,0,0,0,0,0,35181.2890625,0,0,0,0,,0,0,0,0,"MULTIPOLYGON (((-37.7983707498924 144.94898832648704, -37.7964825846034 144.94661855464668, -37.79627124078149 144.94665679846662, -37.79508200700176 144.94687050274078, -37.79501840675145 144.9468817860043, -37.79754265377838 144.95004162618022, -37.7983707498924 144.94898832648704)))"
com_clue_floor_use_block_2016.325,325,2016,North Melbourne,0,2804,0,0,0,0,0,0,0,0,0,0,0,0,0,0,0,7544,0,8412,0,0,0,0,0,0,0,0,18760.0390625,0,0,0,0,0,0,0,0,0,"MULTIPOLYGON (((-37.798449873155654 144.9462688070169, -37.7982258519037 144.94434360135338, -37.79817744490916 144.94435225384262, -37.79729034425823 144.9445108164095, -37.797511933879356 144.94643555813323, -37.798449873155654 144.9462688070169)))"
com_clue_floor_use_block_2016.317,317,2016,North Melbourne,0,1764,0,0,,0,,705,0,0,,0,0,0,0,,0,,0,5741,0,0,0,0,0,0,0,0,17738,,0,0,0,0,2923,,0,,"MULTIPOLYGON (((-37.7982258519037 144.94434360135338, -37.798295117030975 144.944331256502, -37.799174870241174 144.9430222865508, -37.79802555610158 144.9417684138551, -37.797731863574235 144.94217122522605, -37.79837867214419 144.94288051330417, -37.79780983727317 144.943726985793, -37.79772121805202 144.94385651342668, -37.79817744490916 144.94435225384262, -37.7982258519037 144.94434360135338)))"
com_clue_floor_use_block_2016.328,328,2016,North Melbourne,0,2089,0,,0,0,0,7223,0,0,0,0,0,0,,0,0,,0,6793,0,0,0,0,0,0,0,0,27993,0,0,0,0,0,0,0,0,0,"MULTIPOLYGON (((-37.7995978013431 144.94409908098544, -37.798295117030975 144.944331256502, -37.7982258519037 144.94434360135338, -37.798449873155654 144.9462688070169, -37.79980814930674 144.94602875234773, -37.7995978013431 144.94409908098544)))"
com_clue_floor_use_block_2016.327,327,2016,North Melbourne,0,7801,0,0,,0,,0,0,0,0,0,0,0,0,0,0,15436,0,23594,0,,0,0,0,0,0,0,47415.01171875,0,0,0,0,0,0,0,0,0,"MULTIPOLYGON (((-37.79943353797046 144.94875279650296, -37.80009845303427 144.94863746009213, -37.79980814930674 144.94602875234773, -37.798449873155654 144.9462688070169, -37.79875081065267 144.948871219532, -37.79943353797046 144.94875279650296)))"
com_clue_floor_use_block_2016.332,332,2016,North Melbourne,0,171,0,0,0,0,0,6053,0,,737,0,0,0,,0,0,456,0,212,0,0,0,0,0,0,470,0,10279.16015625,0,0,0,0,0,,,0,1235,"MULTIPOLYGON (((-37.80192402154389 144.94831231783783, -37.80212550520033 144.94827718392625, -37.801832062707774 144.94566866744523, -37.80129205383519 144.94576503838042, -37.80158626879767 144.94837121508954, -37.80192402154389 144.94831231783783)))"
com_clue_floor_use_block_2016.330,330,2016,North Melbourne,0,1812,0,0,0,,0,,0,0,0,0,0,0,1154,0,0,6251,0,10725,0,0,0,0,0,0,0,0,20518.109375,0,0,0,0,0,0,0,0,0,"MULTIPOLYGON (((-37.80081699765114 144.94850535720096, -37.800527369298344 144.9459015045557, -37.79980814930674 144.94602875234773, -37.80009845303427 144.94863746009213, -37.80081699765114 144.94850535720096)))"
com_clue_floor_use_block_2016.331,331,2016,North Melbourne,0,1510,0,0,0,0,,4252,0,0,1511,0,0,0,922,0,0,606,0,3116,0,0,0,0,0,0,,0,17189.4609375,0,0,0,0,,0,1494,0,1924,"MULTIPOLYGON (((-37.800527369298344 144.9459015045557, -37.80081699765114 144.94850535720096, -37.80158626879767 144.94837121508954, -37.80129205383519 144.94576503838042, -37.800527369298344 144.9459015045557)))"
com_clue_floor_use_block_2016.343,343,2016,North Melbourne,0,507,0,2352,0,0,0,4318,0,0,1104,0,0,0,0,0,,5320,0,999,0,,,0,0,0,,0,18886.890625,0,0,0,0,0,,,,,"MULTIPOLYGON (((-37.80260263285283 144.94553114570678, -37.80289329872927 144.9481432931401, -37.80389593600627 144.9479692477875, -37.803577984576506 144.94535446250524, -37.80260263285283 144.94553114570678)))"
com_clue_floor_use_block_2016.333,333,2016,North Melbourne,0,635,0,0,,0,0,4415,0,0,1201,0,0,0,0,0,0,812,0,1934,0,,0,0,0,0,497,0,14436.30957031,0,0,0,,1467,0,809,0,1334,"MULTIPOLYGON (((-37.80289329872927 144.9481432931401, -37.80260263285283 144.94553114570678, -37.801832062707774 144.94566866744523, -37.80212550520033 144.94827718392625, -37.80289329872927 144.9481432931401)))"
com_clue_floor_use_block_2016.329,329,2016,North Melbourne,0,1806,0,,0,0,0,0,0,0,2749,0,0,0,,0,,2967,0,3764,0,0,0,0,0,0,0,0,14266.01953125,0,0,0,0,0,0,0,0,0,"MULTIPOLYGON (((-37.80032471625616 144.94401262527455, -37.800107945347044 144.94403840702947, -37.7995978013431 144.94409908098544, -37.79980814930674 144.94602875234773, -37.800527369298344 144.9459015045557, -37.80042230975123 144.9449331508392, -37.80032471625616 144.94401262527455)))"
com_clue_floor_use_block_2016.334,334,2016,North Melbourne,0,498,0,0,0,0,,4849,0,0,1487,0,0,0,0,0,0,829,0,942,0,323,0,0,0,0,,0,12984.12011719,0,0,0,0,217,2023,1458,0,,"MULTIPOLYGON (((-37.80129205383519 144.94576503838042, -37.801832062707774 144.94566866744523, -37.80260263285283 144.94553114570678, -37.80249372664975 144.944566468046, -37.80042230975123 144.9449331508392, -37.800527369298344 144.9459015045557, -37.80129205383519 144.94576503838042)))"
com_clue_floor_use_block_2016.339,339,2016,North Melbourne,0,1849,0,0,0,0,0,3276,0,,,0,0,0,1832,0,0,,0,5404,0,0,0,0,0,0,613,0,14600.87988281,0,0,0,0,0,0,340,,0,"MULTIPOLYGON (((-37.802267701387095 144.94250722102473, -37.802327120650375 144.94302654203412, -37.80443251307807 144.94265663299927, -37.80437095813373 144.94207899424552, -37.802267701387095 144.94250722102473)))"
com_clue_floor_use_block_2016.340,340,2016,North Melbourne,0,,0,0,,0,0,2851,0,,,0,0,0,,0,0,1203,0,0,0,,0,0,0,0,654,0,6080,0,0,0,0,0,0,,0,457,"MULTIPOLYGON (((-37.802327120650375 144.94302654203412, -37.80238850702073 144.9435970219879, -37.80449226742816 144.94321735282222, -37.80443251307807 144.94265663299927, -37.802327120650375 144.94302654203412)))"
com_clue_floor_use_block_2016.335,335,2016,North Melbourne,0,2241,0,,,0,0,3676,0,,2613,0,0,0,3610,0,0,573,0,3206,0,761,0,0,0,0,,0,22115.2890625,0,0,932,0,0,0,3063,,,"MULTIPOLYGON (((-37.80238850702073 144.9435970219879, -37.80032471625616 144.94401262527455, -37.80042230975123 144.9449331508392, -37.80249372664975 144.944566468046, -37.80238850702073 144.9435970219879)))"
com_clue_floor_use_block_2016.315,315,2016,North Melbourne,0,,0,0,3407,,0,0,0,0,,0,0,0,0,0,0,0,0,0,0,,0,0,41637,0,0,0,47811,0,0,0,0,0,0,0,0,0,"MULTIPOLYGON (((-37.79869911217225 144.94004229395233, -37.79851888964208 144.94007458382725, -37.79840584606751 144.94024062346378, -37.79804290262336 144.94077371110532, -37.797646909186895 144.94135533050442, -37.79778350713932 144.9415043509742, -37.79802555610158 144.9417684138551, -37.799174870241174 144.9430222865508, -37.800107945347044 144.94403840702947, -37.80032471625616 144.94401262527455, -37.800246569923516 144.94329331249563, -37.80010121543747 144.94199892745158, -37.79985970644306 144.93983434980063, -37.79869911217225 144.94004229395233)))"
com_clue_floor_use_block_2016.336,336,2016,North Melbourne,0,1393,0,0,0,,0,3302,0,0,1790,0,0,0,,0,0,628,0,2985,0,,,0,0,0,0,0,16032.09960938,0,0,0,0,0,,2146,,,"MULTIPOLYGON (((-37.800246569923516 144.94329331249563, -37.80032471625616 144.94401262527455, -37.80238850702073 144.9435970219879, -37.802327120650375 144.94302654203412, -37.802267701387095 144.94250722102473, -37.800246569923516 144.94329331249563)))"
com_clue_floor_use_block_2016.337,337,2016,North Melbourne,0,857,0,0,0,,0,686,0,0,1823,0,0,0,0,0,0,5582,0,0,,,,0,0,0,2366,0,17763,0,0,0,0,0,0,474,,1230,"MULTIPOLYGON (((-37.802267701387095 144.94250722102473, -37.80216822409577 144.94162577016772, -37.80010121543747 144.94199892745158, -37.800246569923516 144.94329331249563, -37.802267701387095 144.94250722102473)))"
com_clue_floor_use_block_2016.429,429,2016,West Melbourne (Residential),0,557,0,816,0,0,0,1088,0,,1838,0,0,0,721,0,0,536,0,553,0,0,0,0,0,0,1058,0,9694.66992188,0,0,0,0,0,,1101,,,"MULTIPOLYGON (((-37.81027283914459 144.94733971477964, -37.811115058321754 144.9456053829055, -37.810597944745794 144.9451975139658, -37.809633551710974 144.94678173614332, -37.81027283914459 144.94733971477964)))"
com_clue_floor_use_block_2016.430,430,2016,West Melbourne (Residential),0,2018,0,0,,0,0,2498,0,,2060,0,0,0,2250,0,0,1739,0,3757,,374,,0,0,0,,0,20450.2890625,0,0,0,0,0,0,501,0,,"MULTIPOLYGON (((-37.809633551710974 144.94678173614332, -37.80847321442062 144.94868719591534, -37.80927537487028 144.9493923910243, -37.81027283914459 144.94733971477964, -37.809633551710974 144.94678173614332)))"
com_clue_floor_use_block_2016.442,442,2016,West Melbourne (Residential),0,560,0,0,0,0,0,0,0,0,,0,0,0,0,0,,,0,0,0,0,0,0,0,0,,0,8721,0,0,0,0,0,0,1246,0,0,"MULTIPOLYGON (((-37.81027283914459 144.94733971477964, -37.810957425871244 144.94782534503366, -37.81164640748115 144.9460199293329, -37.811115058321754 144.9456053829055, -37.81027283914459 144.94733971477964)))"
com_clue_floor_use_block_2016.1012,1012,2016,North Melbourne,0,1875,0,,0,,0,0,0,8488,3173,0,0,0,,,0,101685,0,0,0,0,0,0,0,0,12731,0,201797.21875,0,31169,0,0,0,,16343,0,,"MULTIPOLYGON (((-37.79947428183509 144.93632118976356, -37.79948478318443 144.93641709716576, -37.799555617403946 144.9370640040792, -37.799555703243506 144.93706478874293, -37.7995989681021 144.9374599323538, -37.79985970644306 144.93983434980063, -37.80010121543747 144.94199892745158, -37.80216822409577 144.94162577016772, -37.8042824282668 144.94124510909666, -37.80416119448647 144.9401699061851, -37.80499539842167 144.94100482005643, -37.805046641636345 144.94099563241704, -37.80418812641845 144.94014375480975, -37.804245298752384 144.9400554066475, -37.80423955614579 144.93996822513847, -37.80406210383335 144.93975592793964, -37.804089704404795 144.93970788942278, -37.804263289364116 144.93973930593356, -37.804464776477296 144.93994699340686, -37.80458486172012 144.94002752230077, -37.804567512986026 144.9400686181311, -37.8046521525716 144.94012536280127, -37.804722191191665 144.94017942166184, -37.80479008275189 144.94023484644688, -37.80485627294852 144.9402935215565, -37.80492000959583 144.94035664912647, -37.80503264076247 144.94048446750327, -37.80505532840309 144.94044997892522, -37.805123582730864 144.94052744119335, -37.80515981301593 144.94047660693738, -37.804956381231634 144.94025310531447, -37.80486250708881 144.94015286248202, -37.80480881186521 144.94011712756478, -37.80469620900703 144.94003380984708, -37.80449979500534 144.9398531282662, -37.80441916338577 144.93976576866, -37.80439590140842 144.93975253235865, -37.80434027511123 144.93969224356306, -37.80431985066462 144.93966946389176, -37.804217203770285 144.93955432298492, -37.80416211126166 144.9394959107303, -37.80408385798776 144.93940826544835, -37.80405402423228 144.9391052411302, -37.80311543006488 144.9379507960511, -37.803086132002434 144.93789032700704, -37.80290652789612 144.93752620246332, -37.80272543222194 144.93716275153926, -37.80268728905101 144.9370716920852, -37.80267658270973 144.93704780047634, -37.802665392350264 144.93702426420822, -37.802653727238734 144.93700109778828, -37.80264159578029 144.9369783180193, -37.802629377147234 144.9369576611556, -37.80261738105501 144.93693679593989, -37.80260560938448 144.93691572686274, -37.80259406583798 144.93689445949983, -37.80241449060984 144.93653467645998, -37.802346073298814 144.9362272985433, -37.80182758940589 144.9364179808382, -37.80170739313962 144.93646218384615, -37.80142719493964 144.93638664728567, -37.80140836613634 144.93638229447592, -37.80123260598909 144.93643440508217, -37.801216994763266 144.9363491818896, -37.80093577414355 144.9362079562754, -37.80064145552411 144.93609299557394, -37.800154549471365 144.93598980027082, -37.79974702799604 144.93603675414738, -37.79945116115229 144.93611004165945, -37.79947190658045 144.93629950237414, -37.79947428183509 144.93632118976356)))"
com_clue_floor_use_block_2016.408,408,2016,West Melbourne (Residential),0,0,0,0,0,0,0,0,0,0,0,,0,0,0,0,0,0,0,0,0,0,0,0,0,0,0,0,1111,0,0,0,0,0,0,0,0,0,"MULTIPOLYGON (((-37.80559557836632 144.94124345486935, -37.805361899201195 144.94105097973622, -37.80521886314812 144.94107649649595, -37.805316449634425 144.94191060615378, -37.80543040434141 144.94189031098406, -37.80614226744421 144.94176340369373, -37.80621177827184 144.94175101160093, -37.80559557836632 144.94124345486935)))"
com_clue_floor_use_block_2016.401,401,2016,West Melbourne (Residential),0,1920,0,0,0,0,0,0,0,0,,0,0,0,,0,0,0,0,6999,0,0,0,0,0,0,0,0,11122.59960938,0,0,0,0,0,0,0,0,0,"MULTIPOLYGON (((-37.80458960962531 144.9411897993431, -37.804672716120535 144.942025252487, -37.805316449634425 144.94191060615378, -37.80521886314812 144.94107649649595, -37.80458960962531 144.9411897993431)))"
com_clue_floor_use_block_2016.338,338,2016,North Melbourne,0,2092,0,0,0,0,0,0,0,21860,658,0,0,0,,0,,,0,,0,0,0,0,0,0,,0,31366,0,0,0,0,0,,,0,,"MULTIPOLYGON (((-37.804672716120535 144.942025252487, -37.80458960962531 144.9411897993431, -37.8042824282668 144.94124510909666, -37.80216822409577 144.94162577016772, -37.802267701387095 144.94250722102473, -37.80437095813373 144.94207899424552, -37.804672716120535 144.942025252487)))"
com_clue_floor_use_block_2016.344,344,2016,North Melbourne,0,1045,0,0,,0,0,9106,0,0,,0,0,0,,0,0,7119,0,498,0,0,0,0,0,0,0,0,24295.41992188,0,0,0,0,0,0,,0,0,"MULTIPOLYGON (((-37.80470614966838 144.94515008974284, -37.803577984576506 144.94535446250524, -37.80389593600627 144.9479692477875, -37.80496345890775 144.94780366507518, -37.80470614966838 144.94515008974284)))"
com_clue_floor_use_block_2016.342,342,2016,North Melbourne,0,583,0,,0,0,0,4615,0,0,2681,0,0,0,,0,0,1009,0,,,0,,0,0,0,,0,13770.84960938,0,0,0,0,0,0,,0,1609,"MULTIPOLYGON (((-37.80470614966838 144.94515008974284, -37.80459898477575 144.94419083440087, -37.80249372664975 144.944566468046, -37.80260263285283 144.94553114570678, -37.803577984576506 144.94535446250524, -37.80470614966838 144.94515008974284)))"
com_clue_floor_use_block_2016.341,341,2016,North Melbourne,0,1344,0,0,0,0,0,5746,0,0,1785,0,0,0,1203,0,,1575,0,2036,0,0,0,0,0,0,1543,0,17897.74023438,0,0,0,0,0,0,0,1758,,"MULTIPOLYGON (((-37.80449226742816 144.94321735282222, -37.80238850702073 144.9435970219879, -37.80249372664975 144.944566468046, -37.80459898477575 144.94419083440087, -37.80449226742816 144.94321735282222)))"
com_clue_floor_use_block_2016.402,402,2016,West Melbourne (Residential),0,603,0,0,0,0,0,0,0,0,,0,0,0,,,0,,0,2015,0,0,0,0,0,0,2150,0,7951.97021484,0,0,0,0,0,0,,,0,"MULTIPOLYGON (((-37.80443251307807 144.94265663299927, -37.80449226742816 144.94321735282222, -37.80543041395481 144.94305250266584, -37.80537501425784 144.94248833509016, -37.80543040434141 144.94189031098406, -37.805316449634425 144.94191060615378, -37.804672716120535 144.942025252487, -37.80437095813373 144.94207899424552, -37.80443251307807 144.94265663299927)))"
com_clue_floor_use_block_2016.413,413,2016,West Melbourne (Residential),0,1237,0,0,,0,0,2526,0,0,3632,0,0,0,2776,0,0,2399,0,3356,0,0,,0,0,0,0,0,18011.58984375,0,0,0,0,0,0,0,0,,"MULTIPOLYGON (((-37.80544661818333 144.9432207580923, -37.80615481623095 144.9448383320427, -37.807151656659904 144.94414707471603, -37.8065878592121 144.94284670798106, -37.80543041395481 144.94305250266584, -37.80544661818333 144.9432207580923)))"
com_clue_floor_use_block_2016.403,403,2016,West Melbourne (Residential),0,1118,0,0,0,0,0,,0,0,3455,0,0,0,2183,0,0,275,0,2022,0,,790,0,0,0,,0,10491,0,0,0,0,0,0,,0,0,"MULTIPOLYGON (((-37.80544661818333 144.9432207580923, -37.80543041395481 144.94305250266584, -37.80449226742816 144.94321735282222, -37.80459898477575 144.94419083440087, -37.805523747266264 144.94402162658892, -37.80544661818333 144.9432207580923)))"
com_clue_floor_use_block_2016.407,407,2016,West Melbourne (Residential),0,189,0,0,0,0,0,0,0,0,,0,0,0,,0,0,,0,0,0,0,0,0,0,0,0,0,1450,0,0,0,0,0,0,0,0,0,"MULTIPOLYGON (((-37.805523747266264 144.94402162658892, -37.80562959326278 144.9449868102394, -37.80603525345305 144.94492046355282, -37.80615481623095 144.9448383320427, -37.80544661818333 144.9432207580923, -37.805523747266264 144.94402162658892)))"
com_clue_floor_use_block_2016.404,404,2016,West Melbourne (Residential),0,,0,0,0,0,0,2618,0,0,,0,0,0,316,0,0,1133,0,1185,0,0,0,0,0,0,0,0,6068.87011719,0,0,0,0,0,0,,,0,"MULTIPOLYGON (((-37.805523747266264 144.94402162658892, -37.80459898477575 144.94419083440087, -37.80470614966838 144.94515008974284, -37.80562959326278 144.9449868102394, -37.805523747266264 144.94402162658892)))"
com_clue_floor_use_block_2016.406,406,2016,West Melbourne (Residential),0,,0,0,0,0,0,10730,0,0,0,0,0,0,0,0,0,4155,0,,0,0,0,0,0,0,0,0,15452.54980469,0,0,0,0,0,,0,0,0,"MULTIPOLYGON (((-37.805903944897814 144.9474681015545, -37.80603839615298 144.94744605343672, -37.806528416790925 144.94736569494225, -37.80675614777214 144.94732834887677, -37.807090994044316 144.94696869637522, -37.80615481623095 144.9448383320427, -37.80603525345305 144.94492046355282, -37.80562959326278 144.9449868102394, -37.805903944897814 144.9474681015545)))"
com_clue_floor_use_block_2016.405,405,2016,West Melbourne (Residential),0,709,0,0,0,0,0,7067,0,0,,0,0,0,,0,0,5755,0,2130,0,,0,0,0,0,0,0,17011.25,0,0,0,0,0,0,0,0,0,"MULTIPOLYGON (((-37.805903944897814 144.9474681015545, -37.80562959326278 144.9449868102394, -37.80470614966838 144.94515008974284, -37.80496345890775 144.94780366507518, -37.80579953391115 144.947627038766, -37.805918732273156 144.94760185704243, -37.805903944897814 144.9474681015545)))"
com_clue_floor_use_block_2016.422,422,2016,West Melbourne (Residential),0,0,0,0,0,0,0,,0,0,0,0,0,0,0,0,,,0,0,0,0,0,0,0,0,0,0,2380,0,0,0,0,0,,0,0,0,"MULTIPOLYGON (((-37.80579953391115 144.947627038766, -37.80496345890775 144.94780366507518, -37.80497837144836 144.94793717923525, -37.80549249646318 144.94868556883887, -37.805873476761995 144.94827638543248, -37.805849566861454 144.94806641018744, -37.80581835016449 144.94779227980413, -37.80579953391115 144.947627038766)))"
com_clue_floor_use_block_2016.420,420,2016,West Melbourne (Residential),1670,1172,0,0,0,0,0,10927,0,0,1758,0,0,0,0,,0,6453,0,0,0,,0,0,0,0,1523,0,25513.51953125,0,0,0,0,0,0,815,0,0,"MULTIPOLYGON (((-37.80675614777214 144.94732834887677, -37.80662147344185 144.94747299805508, -37.80598058566488 144.94816134632478, -37.805873476761995 144.94827638543248, -37.80549249646318 144.94868556883887, -37.806297836891396 144.9497989364876, -37.807730364442435 144.94788820685642, -37.807090994044316 144.94696869637522, -37.80675614777214 144.94732834887677)))"
com_clue_floor_use_block_2016.1009,1009,2016,West Melbourne (Industrial),0,218,0,0,0,,0,0,0,0,0,0,0,0,0,,0,,0,0,0,0,0,,0,0,0,0,250106.984375,,,0,0,0,,107489,0,,"MULTIPOLYGON (((-37.81203304870601 144.94500449787512, -37.81274183689629 144.9431429269867, -37.81278302830222 144.94303472886034, -37.81257897646285 144.9427471483785, -37.81237995383299 144.94245402402385, -37.81218605468691 144.9421554928835, -37.81199737161699 144.94185169890147, -37.81181399453384 144.94154278722692, -37.81163601066645 144.94122890421417, -37.81146350548274 144.94091019853332, -37.81129656094794 144.94058682462605, -37.811135255385466 144.94025893475862, -37.810979668080165 144.93992668457338, -37.810829870290824 144.9395902344745, -37.8106859359598 144.93924974365103, -37.810547931864605 144.9389053737585, -37.81041592486358 144.93855729098922, -37.81028997725325 144.93820565825044, -37.810170148748725 144.93785064533247, -37.81005649724535 144.9374924209363, -37.80994907705711 144.93713115499455, -37.80984793805573 144.93676702096752, -37.80944987924277 144.93655909488956, -37.809448327764954 144.93655253186918, -37.809213020370855 144.93618124855735, -37.80911770690921 144.93603085851854, -37.80904917646442 144.9358537560423, -37.80899788438855 144.93590752838833, -37.80884915992052 144.93566522831117, -37.808676259479185 144.9355733914538, -37.80734987033193 144.93588384494393, -37.806430317693376 144.9358443478746, -37.804926139564216 144.93617446064454, -37.80539463628054 144.93771898544998, -37.80577943925545 144.9386838763384, -37.805832053997314 144.9387889355502, -37.80587885799947 144.93889827494036, -37.80591963325817 144.93901138489306, -37.805954188515024 144.93912773914315, -37.805982363740995 144.939246793516, -37.806004026692655 144.93936799511047, -37.80601907731674 144.93949077649805, -37.806027444326105 144.93961456604092, -37.806029089683705 144.9397387866324, -37.80602400596 144.93986285917867, -37.80601221547203 144.9399862048949, -37.805993773965774 144.94010824974708, -37.805968767894036 144.94022842339277, -37.805937312753905 144.9403461671785, -37.80589955661011 144.94046092949944, -37.805712669502284 144.94094203174376, -37.80559557836632 144.94124345486935, -37.80621177827184 144.94175101160093, -37.80741789935814 144.94269796554164, -37.80827923656751 144.94336690238254, -37.80952114507076 144.94434984464772, -37.81006551030472 144.94477660956397, -37.810597944745794 144.9451975139658, -37.811115058321754 144.9456053829055, -37.81164640748115 144.9460199293329, -37.81203304870601 144.94500449787512)))"
com_clue_floor_use_block_2016.416,416,2016,West Melbourne (Residential),0,350,0,0,0,0,0,3925,0,0,0,,0,0,273,0,0,2209,0,5888,0,0,0,0,0,0,0,0,13843.19042969,0,0,0,0,0,,,0,0,"MULTIPOLYGON (((-37.807793541053115 144.94370206804953, -37.808537495864066 144.94539865528915, -37.80952114507076 144.94434984464772, -37.80827923656751 144.94336690238254, -37.807793541053115 144.94370206804953)))"
com_clue_floor_use_block_2016.418,418,2016,West Melbourne (Residential),0,120,0,0,0,0,0,1474,0,0,,0,0,0,200,,0,337,0,7929,0,0,0,0,0,0,,0,12336.0703125,0,0,0,0,0,0,827,0,0,"MULTIPOLYGON (((-37.808537495864066 144.94539865528915, -37.80904437438184 144.94613898328117, -37.81006551030472 144.94477660956397, -37.80952114507076 144.94434984464772, -37.808537495864066 144.94539865528915)))"
com_clue_floor_use_block_2016.419,419,2016,West Melbourne (Residential),,2179,0,0,,,0,1573,0,0,1969,0,0,0,2025,0,0,1307,0,5704,0,0,0,0,0,0,,0,26915.98046875,0,0,0,0,,0,10149,0,,"MULTIPOLYGON (((-37.80904437438184 144.94613898328117, -37.808537495864066 144.94539865528915, -37.80796661777983 144.9460149340721, -37.807090994044316 144.94696869637522, -37.807730364442435 144.94788820685642, -37.80904437438184 144.94613898328117)))"
com_clue_floor_use_block_2016.428,428,2016,West Melbourne (Residential),0,133,0,0,0,0,0,2606,0,0,,0,0,0,,0,0,1413,0,2060,0,0,,0,0,0,856,0,10157.95996094,0,0,0,0,0,0,,,,"MULTIPOLYGON (((-37.80904437438184 144.94613898328117, -37.809633551710974 144.94678173614332, -37.810597944745794 144.9451975139658, -37.81006551030472 144.94477660956397, -37.80904437438184 144.94613898328117)))"
com_clue_floor_use_block_2016.427,427,2016,West Melbourne (Residential),0,1795,0,0,799,0,0,1555,0,0,1712,0,0,0,2306,0,0,1866,0,8212,0,1319,0,0,0,0,1217,0,23187.90039062,0,0,0,0,0,0,952,,,"MULTIPOLYGON (((-37.80904437438184 144.94613898328117, -37.807730364442435 144.94788820685642, -37.80847321442062 144.94868719591534, -37.809633551710974 144.94678173614332, -37.80904437438184 144.94613898328117)))"
com_clue_floor_use_block_2016.655,655,2016,East Melbourne,5361,15064,0,0,1081,0,,4950,0,0,6383,0,0,0,16830,0,0,23552,0,41515,0,0,0,0,,0,0,0,115930.0390625,0,0,0,0,0,0,0,0,0,"MULTIPOLYGON (((-37.81646191922686 144.97898220028333, -37.816817485101396 144.9789185089734, -37.81687502500197 144.97890940908772, -37.81821272797954 144.97867739153773, -37.81824561897595 144.97867144925485, -37.818217017648465 144.97841184217617, -37.818136613467715 144.9782827654111, -37.81811454060695 144.97812010383225, -37.818147916144326 144.97808706675502, -37.8181515809465 144.97804244312118, -37.81813603050352 144.97792784991088, -37.817283182732986 144.97664771647945, -37.817178856528855 144.97649576665162, -37.81707994376208 144.9763381689294, -37.816986636233025 144.97617523046142, -37.816899116852454 144.9760072654495, -37.816817554373735 144.97583460324424, -37.816742107701714 144.97565757686797, -37.816672924228 144.97547653101233, -37.81661013616959 144.9752918187306, -37.816553867716486 144.97510379783472, -37.816504226964184 144.97491283338823, -37.81646131131829 144.97471929755883, -37.81642520291284 144.97452356520014, -37.81639597317272 144.97432601713558, -37.81637367827098 144.9741270380108, -37.81635836177264 144.97392701281413, -37.816350052911275 144.9737263314681, -37.81635086138996 144.973417500789, -37.816362751692594 144.9730127627998, -37.81637384991775 144.97257340916482, -37.816008333395324 144.9723816490449, -37.81570949542982 144.97340655326425, -37.81583784081991 144.97435262732037, -37.815887529744856 144.97471891578402, -37.8159795874919 144.9753975593032, -37.81619683094956 144.9769991914402, -37.81620442256388 144.9770551640616, -37.81644295210848 144.9788139319992, -37.81646191922686 144.97898220028333)))"
com_clue_floor_use_block_2016.5,5,2016,Melbourne (CBD),0,,0,0,0,0,0,0,0,0,0,0,0,0,0,0,0,0,0,0,0,369,0,0,0,0,0,0,916.98999023,0,0,0,0,0,0,,0,0,"MULTIPOLYGON (((-37.81792301205209 144.96585853713435, -37.81781957873814 144.96581331350455, -37.817663578011235 144.96634512852904, -37.81776665457735 144.96639694460586, -37.81787765184793 144.96645274324584, -37.818026887545976 144.96590395322647, -37.81792301205209 144.96585853713435)))"
com_clue_floor_use_block_2016.728,728,2016,Southbank,0,0,0,0,0,0,0,0,0,0,0,,0,,0,0,0,0,0,0,0,0,0,0,0,0,0,0,6762,0,0,0,0,0,0,0,0,0,"MULTIPOLYGON (((-37.82510654955506 144.9569335063396, -37.82538911185592 144.95706558847954, -37.825563384456615 144.95714578218005, -37.82561038015401 144.95698345581772, -37.82659185656014 144.95579715961986, -37.82677205759792 144.95566500613, -37.826955735273565 144.95554069310072, -37.8271426758803 144.95542436735204, -37.827332661009535 144.9553161644772, -37.82752546757049 144.95521620997832, -37.827720871452094 144.9551246225732, -37.82791864470246 144.9550415074562, -37.828118554726466 144.95496696200067, -37.827675382615936 144.95298588432166, -37.82619494521147 144.95547043276366, -37.82515448195348 144.9567679466423, -37.82510654955506 144.9569335063396)))"
com_clue_floor_use_block_2016.814,814,2016,Southbank,0,1658,0,0,,,0,0,0,0,15367,0,0,0,,0,0,,0,0,0,0,0,0,0,0,0,0,20691,0,0,0,0,0,0,0,0,0,"MULTIPOLYGON (((-37.823276650428355 144.96598517752764, -37.82305862070224 144.96604812127086, -37.82273932223292 144.96675804658722, -37.82231068870686 144.96771103783183, -37.82353632909382 144.96734021215823, -37.823290950676885 144.96605979728332, -37.823276650428355 144.96598517752764)))"
com_clue_floor_use_block_2016.660,660,2016,Melbourne (Remainder),0,12638,,0,47668,,,0,0,0,9195,0,0,,0,0,0,77628,0,0,0,,0,0,58011,0,0,0,217832.96875,0,0,,0,0,0,,0,0,"MULTIPOLYGON (((-37.82456888716244 144.98878966701838, -37.82554653745702 144.98863864540786, -37.82713891831602 144.98836540245904, -37.8275558934959 144.9882938495408, -37.82887126272595 144.98805831183844, -37.82871508493322 144.98793812381598, -37.828680371021115 144.98791140895304, -37.828579198968605 144.98783355161737, -37.828546669385574 144.98780851812353, -37.82850767990275 144.98777851329388, -37.828485992613174 144.98776182473026, -37.8283669475427 144.98767021377074, -37.82834526021966 144.98765352413375, -37.82822652192003 144.98756215059106, -37.82820483550316 144.98754546212737, -37.82808617381944 144.98745414705778, -37.828064487388566 144.9874374586562, -37.82794182676945 144.9873430667866, -37.82792910604817 144.98733327901206, -37.827699053612704 144.98713012817205, -37.82737424181573 144.98672885360222, -37.826717142284025 144.9854896747668, -37.82653495662278 144.98513113633663, -37.826475851178515 144.9850148196556, -37.82625625757117 144.98250672815126, -37.82606482922059 144.9813586111676, -37.82587208655745 144.98093817545805, -37.825245235458226 144.98012393206957, -37.82350156475007 144.97856682082627, -37.8233096324423 144.97837720390808, -37.82332092588369 144.9785714521318, -37.8240943292224 144.98460864550034, -37.82421542012804 144.98555411735498, -37.824353874477225 144.9867042127026, -37.82456888716244 144.98878966701838)))"
com_clue_floor_use_block_2016.659,659,2016,Melbourne (Remainder),0,25094,0,0,55367,0,0,0,0,0,10128,,,0,0,0,,0,0,0,0,,0,0,,0,0,0,314522,,0,6054,0,0,0,0,0,0,"MULTIPOLYGON (((-37.81900494163426 144.97853426280906, -37.81900735951798 144.97853851600271, -37.820177289683 144.98061673846755, -37.82125464772745 144.98218911899906, -37.82206566228286 144.98365438092821, -37.8224793724709 144.9848086841855, -37.823189190068554 144.98693725123576, -37.82344364492813 144.9889865261044, -37.82402552781753 144.98886830734742, -37.82420461212955 144.9888426378372, -37.82450096614845 144.98880015795174, -37.82456888716244 144.98878966701838, -37.824353874477225 144.9867042127026, -37.82421542012804 144.98555411735498, -37.8240943292224 144.98460864550034, -37.82332092588369 144.9785714521318, -37.8233096324423 144.97837720390808, -37.82249511646018 144.9775042569156, -37.821723983706555 144.97663506999305, -37.82156618416909 144.97650225010923, -37.82148743062398 144.97643514906443, -37.82140524576049 144.97637494006185, -37.82132000927906 144.97632190240975, -37.82123211378554 144.97627627984178, -37.821141964810394 144.97623828165337, -37.82104997814543 144.9762080850468, -37.82095657790548 144.97618582723263, -37.82086219484381 144.97617161229238, -37.82076726355224 144.9761655055756, -37.82067222246112 144.97616753370056, -37.82057751031435 144.97617768919554, -37.82002778284271 144.97623490791054, -37.81989198413495 144.97622890973838, -37.81975655203018 144.97621498454197, -37.819621777213705 144.97619316191378, -37.81948794978081 144.9761634896382, -37.81935535649545 144.97612603149375, -37.81922428259184 144.97608086720342, -37.819095010012006 144.97602809475447, -37.81896781644667 144.9759678270162, -37.818842975374224 144.97590019401045, -37.81879723189958 144.9760690689484, -37.818819570577425 144.9761871023779, -37.81872530202127 144.97612937623228, -37.81863305140331 144.97606668297152, -37.81862070465462 144.97609280780426, -37.818609521503646 144.97611045001872, -37.81859830456315 144.97612581203015, -37.8185833963885 144.97614127826836, -37.8185664796271 144.97616026534718, -37.81855062679603 144.97617739664423, -37.81853408116568 144.9761989966285, -37.81851663302263 144.9762242417335, -37.81850343444157 144.97625098503624, -37.81849074748038 144.976280126115, -37.818480416028464 144.97631046382637, -37.8184726470205 144.97634103486098, -37.81846677197857 144.97637421016447, -37.818463310150904 144.9764088986163, -37.818462169660236 144.97643912502204, -37.81846280216541 144.976458309797, -37.818465388678455 144.97648862640582, -37.81846931545557 144.97651549496436, -37.81847493156371 144.97654082126127, -37.81848111705401 144.97656461770575, -37.818489799889456 144.97659015562775, -37.818500231374514 144.97661440413972, -37.81851019620844 144.97663409975738, -37.81857851201891 144.9767650663015, -37.81863629372241 144.9769015338941, -37.81869761617629 144.97700947845283, -37.81874551419594 144.97714346939696, -37.81869207554575 144.9771936839356, -37.818399213164064 144.9774685422638, -37.81900494163426 144.97853426280906)))"
com_clue_floor_use_block_2016.101,101,2016,West Melbourne (Residential),0,17705,0,,,,0,960,0,,2263,0,,0,7673,0,,3946,0,36528,0,0,0,0,0,0,0,0,93760.2265625,0,0,0,,0,0,18303,0,0,"MULTIPOLYGON (((-37.812101578761876 144.95094260991232, -37.811039161820084 144.95045168940328, -37.810337148127445 144.95293140129306, -37.81139888621878 144.95342562308844, -37.812101578761876 144.95094260991232)))"
com_clue_floor_use_block_2016.654,654,2016,Melbourne (Remainder),0,0,0,0,0,0,0,0,0,0,0,0,0,,0,0,0,0,0,0,0,0,0,0,0,0,0,0,9144,0,0,0,0,0,0,0,0,0,"MULTIPOLYGON (((-37.81826982701446 144.97866707524196, -37.818301679484826 144.97866132145742, -37.81900494163426 144.97853426280906, -37.818399213164064 144.9774685422638, -37.81869207554575 144.9771936839356, -37.81874551419594 144.97714346939696, -37.81869761617629 144.97700947845283, -37.81863629372241 144.9769015338941, -37.81857851201891 144.9767650663015, -37.81851019620844 144.97663409975738, -37.818500231374514 144.97661440413972, -37.818489799889456 144.97659015562775, -37.81848111705401 144.97656461770575, -37.81847493156371 144.97654082126127, -37.81846931545557 144.97651549496436, -37.818465388678455 144.97648862640582, -37.81846280216541 144.976458309797, -37.818462169660236 144.97643912502204, -37.818463310150904 144.9764088986163, -37.81846677197857 144.97637421016447, -37.8184726470205 144.97634103486098, -37.818480416028464 144.97631046382637, -37.81849074748038 144.976280126115, -37.81850343444157 144.97625098503624, -37.81851663302263 144.9762242417335, -37.81853408116568 144.9761989966285, -37.81855062679603 144.97617739664423, -37.8185664796271 144.97616026534718, -37.8185833963885 144.97614127826836, -37.81859830456315 144.97612581203015, -37.818609521503646 144.97611045001872, -37.81862070465462 144.97609280780426, -37.81863305140331 144.97606668297152, -37.81872530202127 144.97612937623228, -37.818819570577425 144.9761871023779, -37.81879723189958 144.9760690689484, -37.818842975374224 144.97590019401045, -37.818745730856534 144.97584135896736, -37.818650268592314 144.97577805400564, -37.81855671892485 144.97571036532267, -37.81843637683349 144.975579336491, -37.81837070234918 144.9755026380343, -37.81830657500348 144.97542388783378, -37.81819918353188 144.97528264658658, -37.8180967648211 144.97513565456347, -37.81799951196972 144.97498318934842, -37.817907609225514 144.97482553785005, -37.81740045815667 144.97384513740388, -37.81737953831142 144.9738029845859, -37.817383344288146 144.97374120836017, -37.81740051990747 144.9734624306703, -37.817354611998006 144.97339048031924, -37.81726889483273 144.9732561383287, -37.817249081246025 144.97322654004842, -37.81666671090871 144.97278089288537, -37.81637384991775 144.97257340916482, -37.816362751692594 144.9730127627998, -37.81635086138996 144.973417500789, -37.816350052911275 144.9737263314681, -37.81635836177264 144.97392701281413, -37.81637367827098 144.9741270380108, -37.81639597317272 144.97432601713558, -37.81642520291284 144.97452356520014, -37.81646131131829 144.97471929755883, -37.816504226964184 144.97491283338823, -37.816553867716486 144.97510379783472, -37.81661013616959 144.9752918187306, -37.816672924228 144.97547653101233, -37.816742107701714 144.97565757686797, -37.816817554373735 144.97583460324424, -37.816899116852454 144.9760072654495, -37.816986636233025 144.97617523046142, -37.81707994376208 144.9763381689294, -37.817178856528855 144.97649576665162, -37.817283182732986 144.97664771647945, -37.81813603050352 144.97792784991088, -37.8181515809465 144.97804244312118, -37.818147916144326 144.97808706675502, -37.81811454060695 144.97812010383225, -37.818136613467715 144.9782827654111, -37.818217017648465 144.97841184217617, -37.81824561897595 144.97867144925485, -37.81826982701446 144.97866707524196)))"
com_clue_floor_use_block_2016.656,656,2016,East Melbourne,1048,11322,,0,,,,17405,0,0,20817,0,0,0,12117,0,,13649,0,16485,0,0,0,0,0,0,,0,98174.9296875,0,0,0,0,933,0,2048,0,0,"MULTIPOLYGON (((-37.81826982701446 144.97866707524196, -37.81824561897595 144.97867144925485, -37.81821272797954 144.97867739153773, -37.81687502500197 144.97890940908772, -37.816817485101396 144.9789185089734, -37.81646191922686 144.97898220028333, -37.81648088610709 144.97915046866433, -37.81658390733541 144.98009275285, -37.816594945720496 144.98020432615033, -37.81671259501269 144.98128518825152, -37.81672545317072 144.98140120747627, -37.816789541633916 144.9819953630706, -37.81679398709144 144.98205057151515, -37.818603297421944 144.9817355721701, -37.81826982701446 144.97866707524196)))"
com_clue_floor_use_block_2016.759,759,2016,Melbourne (Remainder),0,11671,0,0,1321,,0,0,0,0,27468,0,0,0,19768,0,0,12600,0,26934,0,0,0,0,0,0,0,0,103652.03125,0,0,0,0,,0,2472,0,0,"MULTIPOLYGON (((-37.841018486943575 144.97882686257122, -37.84134357086328 144.97740655411278, -37.83908034608332 144.9765814305693, -37.83875399062732 144.97800140260793, -37.83884201928463 144.97803331002936, -37.83910692443367 144.97812977055764, -37.83962789911707 144.9783194758055, -37.84015028185509 144.97850969624776, -37.84041332671142 144.97860548237117, -37.840932808949255 144.9787946505707, -37.841018486943575 144.97882686257122)))"
com_clue_floor_use_block_2016.871,871,2016,Melbourne (Remainder),0,4542,0,28228,0,0,0,0,0,0,9547,0,0,0,,0,0,,0,0,0,0,0,0,0,0,,0,106552,0,0,0,0,0,0,0,0,0,"MULTIPOLYGON (((-37.84797214668503 144.98177059341728, -37.84831493593037 144.98458672187297, -37.85066020122203 144.98419944792062, -37.850205098817575 144.98063794867377, -37.847941014289205 144.9798120888498, -37.847724077941514 144.97973298522987, -37.84797214668503 144.98177059341728)))"
com_clue_floor_use_block_2016.760,760,2016,Melbourne (Remainder),0,36705,0,,1071,,5213,0,0,0,38989,0,3943,0,29924,0,0,23332,0,52962,0,1315,,0,0,0,,0,206791.140625,0,0,0,0,0,0,10857,0,0,"MULTIPOLYGON (((-37.841018486943575 144.97882686257122, -37.84110416402929 144.97885907466676, -37.84162382914305 144.97905209577706, -37.84188685316012 144.979149791776, -37.84214699480193 144.97924641822613, -37.84266476118651 144.97942703693911, -37.8429264417815 144.97952303233518, -37.8434499079314 144.97971506195253, -37.84371759272384 144.97981325799424, -37.84423494318082 144.9800030389368, -37.84506091172651 144.9803060374978, -37.84505346537042 144.98024915698477, -37.84484861211705 144.97868451500918, -37.84134357086328 144.97740655411278, -37.841018486943575 144.97882686257122)))"
com_clue_floor_use_block_2016.864,864,2016,South Yarra,0,3773,0,0,0,,0,2387,0,0,0,0,0,0,930,0,4650,5884,0,9897,0,0,0,0,0,0,0,0,28242.75976562,0,0,0,,0,0,,0,0,"MULTIPOLYGON (((-37.83707049693416 144.9772166717275, -37.837022555142916 144.97707898926095, -37.83696968136499 144.9769442086113, -37.83691198497778 144.97681261088448, -37.836849586932686 144.97668446891322, -37.83678261623014 144.97656005189822, -37.83671121246556 144.9764396162482, -37.83663552510412 144.97632341582622, -37.83658146414561 144.9763346120018, -37.83548312979396 144.97656206505198, -37.83540215069475 144.9759778261904, -37.83538910331216 144.975980541721, -37.8353782925764 144.97588167231515, -37.83535069585589 144.97586945722904, -37.835327709177726 144.9758596318462, -37.835311323969286 144.9758525007899, -37.835207603191996 144.97580731713802, -37.83518127693702 144.97580871853447, -37.83485534884392 144.97588344824138, -37.834954944043474 144.97667144421476, -37.83507555768606 144.97762579314036, -37.83707049693416 144.9772166717275)))"
com_clue_floor_use_block_2016.811,811,2016,Southbank,10477,13132,0,0,873,,0,0,0,0,,0,,0,18633,0,0,,0,36370,0,0,0,0,0,0,0,0,149613.5,0,0,62100,0,0,,3616,0,0,"MULTIPOLYGON (((-37.82312656655853 144.96515898675216, -37.82332671731314 144.96510120188756, -37.823670879299605 144.96480629379712, -37.824616139625654 144.9636950667128, -37.82381212204859 144.9626018514347, -37.82267761630224 144.96387769228429, -37.822619532884744 144.96401042247618, -37.82277213276273 144.96417705735897, -37.823098105993544 144.9650023220914, -37.82312656655853 144.96515898675216)))"
com_clue_floor_use_block_2016.863,863,2016,Melbourne (Remainder),0,1738,0,20459,0,0,0,0,0,0,0,0,0,0,,0,0,,0,,0,0,0,0,0,0,0,0,75442.0625,0,0,0,0,0,0,0,0,0,"MULTIPOLYGON (((-37.8351979767375 144.97858890440338, -37.83507555768606 144.97762579314036, -37.834954944043474 144.97667144421476, -37.83485534884392 144.97588344824138, -37.834694156675894 144.97460819338863, -37.834536092545875 144.97446101324974, -37.834382047955394 144.97430720960585, -37.834232195288656 144.9741469561513, -37.83408670524542 144.97398043343884, -37.833945743296695 144.97380783238552, -37.833809468666914 144.97362934748273, -37.833678035293396 144.973445180179, -37.83355159274689 144.97325553999073, -37.83343028439108 144.97306064228025, -37.83331424736313 144.97286070712028, -37.83326240649685 144.97277273696366, -37.8332072602174 144.97268802070923, -37.83314893901887 144.97260675703868, -37.833087576802946 144.9725291331759, -37.833005633613865 144.97243623604584, -37.832919340418066 144.9723498290935, -37.83288575711276 144.97279530282145, -37.83367931438472 144.97890882705093, -37.8351979767375 144.97858890440338)))"
com_clue_floor_use_block_2016.806,806,2016,Southbank,47401,27899,0,,11437,0,0,0,0,0,,0,63998,0,0,0,,,0,0,0,2410,,0,0,0,,0,166492.03125,0,0,0,0,0,0,2092,0,0,"MULTIPOLYGON (((-37.824199746433386 144.95860736002683, -37.824594015787326 144.9589396341505, -37.824754387435924 144.95911740512022, -37.82534935604543 144.9597769312805, -37.82615259443919 144.95882296269377, -37.8262563683321 144.95887063707855, -37.827114706557005 144.95785966673273, -37.82663802424467 144.95764030507615, -37.825563384456615 144.95714578218005, -37.82538911185592 144.95706558847954, -37.825340880641626 144.95723218040493, -37.82432917280881 144.95845116848145, -37.824199746433386 144.95860736002683)))"
com_clue_floor_use_block_2016.710,710,2016,Melbourne (Remainder),3989,4895,0,,896,0,,0,0,0,,0,0,0,4737,0,0,666,0,5412,0,1206,0,0,0,0,0,0,29646.7109375,0,0,3799,0,0,0,1817,0,,"MULTIPOLYGON (((-37.83619899203662 144.9755304063162, -37.83614689003403 144.97551140150136, -37.83604758345517 144.9754712172824, -37.83595028739752 144.97542385484005, -37.83585532723241 144.975369474609, -37.83576302149525 144.9753082587971, -37.83566515246178 144.97524010828485, -37.835566371881946 144.97517408157626, -37.835396678531104 144.97506177976084, -37.83522406667434 144.97495678948775, -37.835048733041155 144.97485923032636, -37.83495925898497 144.97480804656857, -37.834872130714615 144.97475078906444, -37.834787607122095 144.97468763027973, -37.834705939207005 144.97461875539193, -37.834694156675894 144.97460819338863, -37.83485534884392 144.97588344824138, -37.83518127693702 144.97580871853447, -37.835207603191996 144.97580731713802, -37.835311323969286 144.9758525007899, -37.835327709177726 144.9758596318462, -37.83535069585589 144.97586945722904, -37.8353782925764 144.97588167231515, -37.83538910331216 144.975980541721, -37.83540215069475 144.9759778261904, -37.83548312979396 144.97656206505198, -37.83658146414561 144.9763346120018, -37.83663552510412 144.97632341582622, -37.83652679858564 144.9761833531632, -37.83619899203662 144.9755304063162)))"
com_clue_floor_use_block_2016.720,720,2016,Melbourne (Remainder),0,17009,0,0,1362,1319,,0,0,0,31264,,,0,13843,0,0,9446,0,14060,0,526,0,0,0,0,0,0,97203.9296875,0,0,0,0,0,0,4392,0,0,"MULTIPOLYGON (((-37.83875399062732 144.97800140260793, -37.83908034608332 144.9765814305693, -37.838992234948925 144.9765493077357, -37.83619899203662 144.9755304063162, -37.83652679858564 144.9761833531632, -37.83663552510412 144.97632341582622, -37.83671121246556 144.9764396162482, -37.83678261623014 144.97656005189822, -37.836849586932686 144.97668446891322, -37.83691198497778 144.97681261088448, -37.83696968136499 144.9769442086113, -37.837022555142916 144.97707898926095, -37.83707049693416 144.9772166717275, -37.83713113416616 144.97720423514735, -37.837159699122594 144.97742570515183, -37.83735603560024 144.97749658476494, -37.83787876965763 144.97768530064084, -37.838140115271045 144.97777965158042, -37.83826635246638 144.97782522690306, -37.83866596106154 144.97796949528265, -37.83875399062732 144.97800140260793)))"
com_clue_floor_use_block_2016.865,865,2016,South Yarra,0,2097,0,,,0,0,4804,0,0,0,0,0,0,937,0,0,6546,0,7006,0,0,0,0,0,0,0,0,21804.73046875,0,0,0,0,0,0,0,0,0,"MULTIPOLYGON (((-37.8351979767375 144.97858890440338, -37.8372538632015 144.9781557950956, -37.837159699122594 144.97742570515183, -37.83713113416616 144.97720423514735, -37.83707049693416 144.9772166717275, -37.83507555768606 144.97762579314036, -37.8351979767375 144.97858890440338)))"
com_clue_floor_use_block_2016.866,866,2016,South Yarra,0,,1490,,,,0,0,0,0,0,,0,0,0,0,0,,0,0,0,0,0,0,,0,307,0,415065.8125,0,0,0,0,0,0,0,0,0,"MULTIPOLYGON (((-37.83772230722857 144.98178838036026, -37.83795528017765 144.98359533162593, -37.83809857952702 144.98470687785533, -37.83820001200586 144.98549702446965, -37.83820042695027 144.98549694272842, -37.83875459900407 144.98538779758326, -37.83919683373717 144.98530069607008, -37.83923212973004 144.98535138545884, -37.8401099149433 144.98517423412338, -37.84015138887886 144.98510805177423, -37.84099757209864 144.98493485271206, -37.84099671701272 144.98492812145088, -37.84101450336711 144.98492448053392, -37.84101108215677 144.9848975577809, -37.84126009115955 144.9848465891963, -37.84134051367503 144.98474176690638, -37.842924734152035 144.98442429771993, -37.843549337301106 144.9842991257336, -37.843652232654506 144.98447165842995, -37.84448980782457 144.98429307508096, -37.844504644302724 144.98420263401752, -37.84554268122852 144.98398635422615, -37.84506091172651 144.9803060374978, -37.84423494318082 144.9800030389368, -37.84371759272384 144.97981325799424, -37.8434499079314 144.97971506195253, -37.8429264417815 144.97952303233518, -37.84266476118651 144.97942703693911, -37.84214699480193 144.97924641822613, -37.84188685316012 144.979149791776, -37.84162382914305 144.97905209577706, -37.84110416402929 144.97885907466676, -37.841018486943575 144.97882686257122, -37.840932808949255 144.9787946505707, -37.84041332671142 144.97860548237117, -37.84015028185509 144.97850969624776, -37.83962789911707 144.9783194758055, -37.83910692443367 144.97812977055764, -37.83884201928463 144.97803331002936, -37.83875399062732 144.97800140260793, -37.83866596106154 144.97796949528265, -37.83826635246638 144.97782522690306, -37.838140115271045 144.97777965158042, -37.83787876965763 144.97768530064084, -37.83735603560024 144.97749658476494, -37.837159699122594 144.97742570515183, -37.8372538632015 144.9781557950956, -37.83748908857597 144.97997975000615, -37.83772230722857 144.98178838036026)))"
com_clue_floor_use_block_2016.860,860,2016,South Yarra,0,9291,0,,0,0,0,25049,0,0,0,0,0,0,,0,0,20732,0,36994,0,0,0,0,0,0,0,0,96510.421875,0,0,0,0,0,0,0,0,0,"MULTIPOLYGON (((-37.83772230722857 144.98178838036026, -37.83415014421647 144.98253731699143, -37.834297280179015 144.98367143053332, -37.83438398414385 144.98433978132525, -37.83795528017765 144.98359533162593, -37.83772230722857 144.98178838036026)))"
com_clue_floor_use_block_2016.861,861,2016,South Yarra,0,6181,0,1601,1787,,0,20261,0,0,,0,0,0,2223,,0,19101,0,26878,0,376,0,0,0,0,0,0,84018.4921875,0,0,0,0,3568,0,,0,0,"MULTIPOLYGON (((-37.83748908857597 144.97997975000615, -37.833914198223546 144.98071885420242, -37.83415014421647 144.98253731699143, -37.83772230722857 144.98178838036026, -37.83748908857597 144.97997975000615)))"
com_clue_floor_use_block_2016.862,862,2016,South Yarra,3472,3787,0,0,2126,0,0,20505,0,0,0,,0,0,1576,0,0,18574,0,12947,0,0,0,0,0,0,,4736,73051.921875,0,0,2166,0,0,,,0,0,"MULTIPOLYGON (((-37.83748908857597 144.97997975000615, -37.8372538632015 144.9781557950956, -37.8351979767375 144.97858890440338, -37.83367931438472 144.97890882705093, -37.833914198223546 144.98071885420242, -37.83748908857597 144.97997975000615)))"
com_clue_floor_use_block_2016.750,750,2016,Southbank,0,10465,0,0,0,,,0,0,0,541,0,0,0,16070,0,0,,0,40914,0,0,0,0,0,0,,0,74330,0,0,0,0,0,0,0,0,0,"MULTIPOLYGON (((-37.82539900268882 144.96935913139882, -37.824957021164465 144.97087740784923, -37.82501724042883 144.97090501781494, -37.825200421997096 144.9709853157406, -37.825385336551996 144.9710590293462, -37.82557183530514 144.97112610017518, -37.82575976864465 144.971186474336, -37.8259489852148 144.97124010139174, -37.82613933201378 144.97128694003777, -37.826067880252744 144.96915678553142, -37.82539900268882 144.96935913139882)))"
com_clue_floor_use_block_2016.751,751,2016,Southbank,0,5582,0,17523,,0,0,0,0,0,,0,0,0,0,0,0,,0,0,0,0,0,0,0,0,,0,40668,0,0,0,0,,0,0,0,0,"MULTIPOLYGON (((-37.823743128285436 144.96861824898636, -37.82332680842492 144.97012997308397, -37.824957021164465 144.97087740784923, -37.82539900268882 144.96935913139882, -37.825792808716244 144.96800916227122, -37.823743128285436 144.96861824898636)))"
com_clue_floor_use_block_2016.742,742,2016,Southbank,0,13049,0,0,,447,0,0,0,0,0,,0,0,11066,0,0,12712,0,39585,0,0,0,0,0,0,0,0,79573,0,0,0,0,0,0,0,0,0,"MULTIPOLYGON (((-37.82843761679738 144.96848565804785, -37.828638284422425 144.96779526244137, -37.8285662554365 144.9671702206411, -37.825792808716244 144.96800916227122, -37.82539900268882 144.96935913139882, -37.826067880252744 144.96915678553142, -37.82837773487655 144.96845799194145, -37.82843761679738 144.96848565804785)))"
com_clue_floor_use_block_2016.738,738,2016,Southbank,0,16727,0,0,0,,0,0,0,0,9203,0,0,0,12263,0,,8757,0,33118,0,,0,0,0,0,0,0,82716.5234375,0,0,0,0,0,0,1087,0,0,"MULTIPOLYGON (((-37.82581568410798 144.96529969481364, -37.823290950676885 144.96605979728332, -37.82353632909382 144.96734021215823, -37.8262252684847 144.96652660840041, -37.825842099530334 144.96533886769438, -37.82581568410798 144.96529969481364)))"
com_clue_floor_use_block_2016.739,739,2016,Southbank,0,5709,0,16269,,,0,0,0,0,0,0,0,0,0,,12089,,0,0,0,0,0,0,0,0,0,0,39341,0,0,0,0,0,0,0,0,0,"MULTIPOLYGON (((-37.823743128285436 144.96861824898636, -37.825792808716244 144.96800916227122, -37.8262252684847 144.96652660840041, -37.82353632909382 144.96734021215823, -37.823743128285436 144.96861824898636)))"
com_clue_floor_use_block_2016.746,746,2016,Southbank,0,4658,0,0,,,0,0,0,0,29391,0,0,0,6074,0,0,,0,0,0,0,0,0,0,0,0,0,48288.87109375,0,0,0,0,,0,684,0,0,"MULTIPOLYGON (((-37.83038466750261 144.9652679457247, -37.829925833076224 144.9668467209345, -37.831046316600485 144.96735256998727, -37.83148556655095 144.9658440817434, -37.83078054089631 144.96514814333824, -37.83038466750261 144.9652679457247)))"
com_clue_floor_use_block_2016.745,745,2016,Southbank,0,1720,0,,0,0,0,0,0,0,4009,,,0,0,0,0,,0,0,0,0,0,0,0,0,0,0,25757.44921875,0,0,0,0,0,0,0,0,,"MULTIPOLYGON (((-37.82832349158169 144.96589169564749, -37.83038466750261 144.9652679457247, -37.83078054089631 144.96514814333824, -37.82973409704853 144.96411521706167, -37.829366834652085 144.96422623449476, -37.82932443601251 144.9641497170399, -37.82868626854686 144.96437328980323, -37.82869689964577 144.96442874377018, -37.82808012767483 144.96461517607653, -37.82832349158169 144.96589169564749)))"
com_clue_floor_use_block_2016.744,744,2016,Southbank,0,6783,0,0,,,0,0,0,0,4249,,0,0,,0,0,8121,0,20777,0,0,0,0,0,0,0,0,47461.8984375,0,0,0,0,0,0,315,0,0,"MULTIPOLYGON (((-37.82832349158169 144.96589169564749, -37.8285662554365 144.9671702206411, -37.829796406173344 144.96679801947784, -37.829925833076224 144.9668467209345, -37.83038466750261 144.9652679457247, -37.82832349158169 144.96589169564749)))"
com_clue_floor_use_block_2016.741,741,2016,Southbank,0,5916,0,0,,,,0,0,0,5800,0,0,0,,0,,6065,,7628,0,,0,,0,,,0,37654.58984375,0,0,0,0,,0,712,0,0,"MULTIPOLYGON (((-37.82832349158169 144.96589169564749, -37.8262252684847 144.96652660840041, -37.825792808716244 144.96800916227122, -37.8285662554365 144.9671702206411, -37.82832349158169 144.96589169564749)))"
com_clue_floor_use_block_2016.743,743,2016,Southbank,0,420,0,0,0,0,0,0,0,0,0,,0,0,,0,0,,0,12191,0,0,0,0,0,0,0,0,21834,0,0,0,0,0,0,0,0,0,"MULTIPOLYGON (((-37.8285662554365 144.9671702206411, -37.828638284422425 144.96779526244137, -37.82843761679738 144.96848565804785, -37.82932956340434 144.96889823314262, -37.829925833076224 144.9668467209345, -37.829796406173344 144.96679801947784, -37.8285662554365 144.9671702206411)))"
com_clue_floor_use_block_2016.749,749,2016,Southbank,0,,0,0,0,0,0,0,0,0,37971,0,0,0,0,0,0,,0,0,0,0,0,0,0,0,0,0,82115.8828125,0,0,0,0,0,0,0,0,0,"MULTIPOLYGON (((-37.82843761679738 144.96848565804785, -37.82837773487655 144.96845799194145, -37.826067880252744 144.96915678553142, -37.82613933201378 144.97128694003777, -37.82633947410517 144.97132862639862, -37.826540509685366 144.97136280702617, -37.82674226160546 144.9713894514913, -37.82694455105064 144.97140853736235, -37.82714720106478 144.97142004556466, -37.82735003306499 144.97142396729288, -37.82755286766397 144.97142029944445, -37.82775552647155 144.9714090445702, -37.827957831213546 144.97139021203517, -37.828289923815476 144.97135682436073, -37.82862243874521 144.97133095073676, -37.82932956340434 144.96889823314262, -37.82843761679738 144.96848565804785)))"
com_clue_floor_use_block_2016.748,748,2016,Southbank,3329,23901,0,4155,1064,,0,0,0,0,22913,0,7190,0,32203,0,0,1109,0,59676,0,676,0,0,0,0,,0,163953.84375,0,0,0,0,0,0,6302,0,0,"MULTIPOLYGON (((-37.82932956340434 144.96889823314262, -37.82862243874521 144.97133095073676, -37.828940717909084 144.97131324270413, -37.82925919229794 144.9713024200354, -37.82957776551639 144.97129848432343, -37.82989634657239 144.9713014370132, -37.82997805179836 144.9710208892606, -37.830445870146114 144.96941450686393, -37.82932956340434 144.96889823314262)))"
com_clue_floor_use_block_2016.850,850,2016,Melbourne (Remainder),0,0,,0,4063,,0,0,0,0,0,104344,0,0,0,0,0,0,0,0,0,0,0,0,,0,4083,0,114540.1875,0,0,0,0,0,0,0,0,0,"MULTIPOLYGON (((-37.8283451992316 144.98485261567853, -37.82836539688294 144.98472775920015, -37.82796926921116 144.98259675326514, -37.82792135316891 144.9823643864604, -37.82786659130543 144.98213443674229, -37.82780505940416 144.9819072236365, -37.82773684313959 144.98168306525943, -37.827662038899945 144.98146227375082, -37.827580749302854 144.98124515653177, -37.82749308858015 144.98103201502144, -37.827399179033186 144.98082314814198, -37.82729915093528 144.98061884663997, -37.82719314437202 144.98041939530836, -37.82708130649983 144.9802250707889, -37.82698269204368 144.980040455911, -37.826878613442645 144.97986067145777, -37.826769220242106 144.97968597581732, -37.82665466631661 144.97951661702925, -37.82653511809334 144.97935283937716, -37.826410744507314 144.97919487570948, -37.8262817242656 144.9790429506499, -37.826148242283224 144.97889728296676, -37.826010487783996 144.97875807994416, -37.825868657961834 144.97862554069067, -37.825722957060314 144.97849985502845, -37.82458984442387 144.97756630637713, -37.82442510410942 144.9774255096122, -37.82426422077161 144.97727779493542, -37.82410737748215 144.97712332892263, -37.823954752063884 144.97696228737672, -37.82218967522873 144.97496421217505, -37.822042791792434 144.9747199141821, -37.82166096235558 144.97380082427765, -37.8209304034557 144.97076725683834, -37.820654290520714 144.96926985499402, -37.820722394998135 144.96893594770694, -37.81922045406143 144.96824653356234, -37.81909387846127 144.97140475559115, -37.81908658191471 144.97158675197863, -37.81956352600139 144.97345248132115, -37.8204749736472 144.97472075635443, -37.82289463915113 144.9768874226556, -37.82411618090725 144.97819613274996, -37.825626411756865 144.97942380272158, -37.82671721709199 144.9810045890897, -37.82724281177085 144.98233239122445, -37.82771319974618 144.9849550511063, -37.827720852581805 144.9849764310525, -37.8283451992316 144.98485261567853)))"
com_clue_floor_use_block_2016.852,852,2016,Melbourne (Remainder),0,0,196,,1678,,0,,0,0,10660,841950,0,0,0,0,,129345,2917,0,0,112,0,0,,0,0,0,1001499.5625,0,,0,0,0,0,0,0,0,"MULTIPOLYGON (((-37.82332680842492 144.97012997308397, -37.823050486524714 144.97108781579462, -37.823023443571934 144.97117261408815, -37.82299089352725 144.97125427757848, -37.82295306004524 144.97133224003807, -37.82291020864683 144.97140595909025, -37.822768424316415 144.97158335150274, -37.822699377204316 144.9716555959395, -37.822634210028156 144.97173335759814, -37.82257319915686 144.97181630626508, -37.82251660433543 144.97190408832853, -37.82246466608071 144.9719963325297, -37.82241760560329 144.97209264542087, -37.822375620440994 144.97219261943704, -37.82233889158671 144.9722958281561, -37.822178706757775 144.97291658523113, -37.82209229904914 144.97339269153267, -37.822057577362365 144.97367368914462, -37.82204542337322 144.97381911686395, -37.82204001480945 144.97396519053694, -37.82204136927286 144.97411141439622, -37.82204948357223 144.9742572886988, -37.82206432847509 144.97440231895752, -37.82208585495438 144.9745460123613, -37.82211398880323 144.97468787905788, -37.822148635236466 144.97482743770766, -37.82218967522873 144.97496421217505, -37.823954752063884 144.97696228737672, -37.82410737748215 144.97712332892263, -37.82426422077161 144.97727779493542, -37.82442510410942 144.9774255096122, -37.82458984442387 144.97756630637713, -37.825722957060314 144.97849985502845, -37.825868657961834 144.97862554069067, -37.826010487783996 144.97875807994416, -37.826148242283224 144.97889728296676, -37.8262817242656 144.9790429506499, -37.826410744507314 144.97919487570948, -37.82653511809334 144.97935283937716, -37.82665466631661 144.97951661702925, -37.826769220242106 144.97968597581732, -37.826878613442645 144.97986067145777, -37.82698269204368 144.980040455911, -37.82708130649983 144.9802250707889, -37.82719314437202 144.98041939530836, -37.82729915093528 144.98061884663997, -37.827399179033186 144.98082314814198, -37.82749308858015 144.98103201502144, -37.827580749302854 144.98124515653177, -37.827662038899945 144.98146227375082, -37.82773684313959 144.98168306525943, -37.82780505940416 144.9819072236365, -37.82786659130543 144.98213443674229, -37.82792135316891 144.9823643864604, -37.82796926921116 144.98259675326514, -37.82836539688294 144.98472775920015, -37.8283451992316 144.98485261567853, -37.830511758303984 144.98442294790144, -37.83325869594531 144.98387762358715, -37.834297280179015 144.98367143053332, -37.83415014421647 144.98253731699143, -37.833914198223546 144.98071885420242, -37.83367931438472 144.97890882705093, -37.83288575711276 144.97279530282145, -37.832919340418066 144.9723498290935, -37.83264034213469 144.97208759711336, -37.83256080775919 144.97201642908087, -37.832478718725376 144.97195003400734, -37.83239425505163 144.97188855579918, -37.83225178262417 144.97179040170784, -37.83214049806117 144.97171788372927, -37.83202668034731 144.97165190953197, -37.83191057251712 144.9715926190076, -37.83179242009114 144.97154013947858, -37.83167247550147 144.97149458103215, -37.83155099276531 144.9714560412115, -37.83142823012851 144.971424601535, -37.831304449203884 144.9714003297926, -37.831179912190606 144.97138327557758, -37.83085948968683 144.9713523191707, -37.830538691124566 144.97132835634685, -37.830217611240705 144.9713113935096, -37.82989634657239 144.9713014370132, -37.82957776551639 144.97129848432343, -37.82925919229794 144.9713024200354, -37.828940717909084 144.97131324270413, -37.82862243874521 144.97133095073676, -37.828289923815476 144.97135682436073, -37.827957831213546 144.97139021203517, -37.82775552647155 144.9714090445702, -37.82755286766397 144.97142029944445, -37.82735003306499 144.97142396729288, -37.82714720106478 144.97142004556466, -37.82694455105064 144.97140853736235, -37.82674226160546 144.9713894514913, -37.826540509685366 144.97136280702617, -37.82633947410517 144.97132862639862, -37.82613933201378 144.97128694003777, -37.8259489852148 144.97124010139174, -37.82575976864465 144.971186474336, -37.82557183530514 144.97112610017518, -37.825385336551996 144.9710590293462, -37.825200421997096 144.9709853157406, -37.82501724042883 144.97090501781494, -37.824957021164465 144.97087740784923, -37.82332680842492 144.97012997308397)))"
com_clue_floor_use_block_2016.740,740,2016,Southbank,0,2297,0,0,,0,0,0,0,0,,0,0,0,,0,0,,0,0,11700,,0,0,0,0,0,0,27011,0,0,0,0,0,0,586,0,0,"MULTIPOLYGON (((-37.82808012767483 144.96461517607653, -37.82869689964577 144.96442874377018, -37.82868626854686 144.96437328980323, -37.82932443601251 144.9641497170399, -37.829366834652085 144.96422623449476, -37.82973409704853 144.96411521706167, -37.8285677416904 144.96296397341317, -37.82809811300844 144.9625058929259, -37.82797281461846 144.96271007711664, -37.827820401080395 144.96281513372216, -37.82771561345348 144.96302039429457, -37.827614018656575 144.9636238492779, -37.82741779429417 144.9643105632606, -37.82748971316451 144.96434677274434, -37.82756378736626 144.96437525290145, -37.82763949438327 144.96439580447367, -37.82771630181171 144.96440828187147, -37.8277936674386 144.96441259771714, -37.82787104913024 144.96440872143768, -37.82794789942774 144.96439667941445, -37.82819564819303 144.96431603608525, -37.82817315001967 144.96439351799327, -37.82808012767483 144.96461517607653)))"
com_clue_floor_use_block_2016.747,747,2016,Southbank,0,7448,0,0,,0,0,0,0,0,2973,0,0,0,6603,0,0,,0,17129,0,0,0,0,0,0,0,0,47023.109375,0,0,0,0,0,0,3141,0,7446,"MULTIPOLYGON (((-37.829925833076224 144.9668467209345, -37.82932956340434 144.96889823314262, -37.830445870146114 144.96941450686393, -37.831046316600485 144.96735256998727, -37.829925833076224 144.9668467209345)))"
com_clue_floor_use_block_2016.807,807,2016,Southbank,18274,15964,0,0,,,0,0,0,0,11930,0,0,0,,0,,3786,0,0,0,,0,0,0,0,0,0,66872.9921875,0,0,0,0,0,,,0,0,"MULTIPOLYGON (((-37.824199746433386 144.95860736002683, -37.82350872097125 144.95943742739018, -37.82330615757877 144.95996603237037, -37.823262666444 144.9608172272971, -37.82559616375085 144.96005052258582, -37.82534935604543 144.9597769312805, -37.824754387435924 144.95911740512022, -37.824594015787326 144.9589396341505, -37.824199746433386 144.95860736002683)))"
com_clue_floor_use_block_2016.815,815,2016,Southbank,0,28,0,0,,0,0,0,0,0,2677,0,0,0,0,0,0,,0,0,0,0,1677,0,0,0,0,0,23421.390625,0,0,17753,0,0,0,0,0,,"MULTIPOLYGON (((-37.8258067258962 144.96026535017856, -37.8259211258598 144.9601259240308, -37.826781264916534 144.95911178517804, -37.8262563683321 144.95887063707855, -37.82615259443919 144.95882296269377, -37.82534935604543 144.9597769312805, -37.82559616375085 144.96005052258582, -37.82580462191833 144.9602632846976, -37.8258067258962 144.96026535017856)))"
com_clue_floor_use_block_2016.734,734,2016,Southbank,0,7806,,0,0,550,,0,0,0,3916,0,0,,9567,0,0,2982,0,26947,0,,0,0,0,0,0,0,82631.65625,0,0,19348,0,0,0,2013,0,,"MULTIPOLYGON (((-37.826781264916534 144.95911178517804, -37.8259211258598 144.9601259240308, -37.82814993722192 144.96115044136687, -37.82817582052636 144.96102517728085, -37.82820669328144 144.96090172199484, -37.82840544918492 144.96011355591543, -37.82843117215737 144.95999584982306, -37.82845488462523 144.95987747529057, -37.826781264916534 144.95911178517804)))"
com_clue_floor_use_block_2016.731,731,2016,Southbank,0,0,0,0,,0,0,0,0,0,0,0,0,0,0,0,0,,0,0,0,0,0,0,0,0,0,0,3305,0,0,0,0,0,0,0,0,0,"MULTIPOLYGON (((-37.82764075496906 144.95810174865989, -37.82858553215822 144.9585365324982, -37.828586698797274 144.95832634930406, -37.82858313464587 144.95811620904257, -37.828574841739574 144.95790628098663, -37.828557431441624 144.95763262006156, -37.828534699936675 144.95735957980568, -37.82850666001585 144.95708732580425, -37.82764075496906 144.95810174865989)))"
com_clue_floor_use_block_2016.732,732,2016,Southbank,2950,16093,0,0,,632,0,0,0,0,1566,0,0,0,15363,,0,732,0,47834,0,,0,0,0,0,,0,92385.0234375,0,0,0,0,0,0,1179,0,0,"MULTIPOLYGON (((-37.82764075496906 144.95810174865989, -37.826781264916534 144.95911178517804, -37.82845488462523 144.95987747529057, -37.82848778638298 144.95969192288467, -37.82851575152657 144.95950508838197, -37.828538748504485 144.9593171794703, -37.82855675211111 144.95912840593587, -37.82857052241764 144.95893146063673, -37.82858011767499 144.95873412360174, -37.82858553215822 144.9585365324982, -37.82764075496906 144.95810174865989)))"
com_clue_floor_use_block_2016.733,733,2016,Southbank,0,645,0,0,,0,0,0,0,0,2932,0,0,0,0,0,0,,0,0,0,,0,0,0,0,,0,6776.04003906,0,0,0,0,0,0,,0,0,"MULTIPOLYGON (((-37.826781264916534 144.95911178517804, -37.82764075496906 144.95810174865989, -37.827114706557005 144.95785966673273, -37.8262563683321 144.95887063707855, -37.826781264916534 144.95911178517804)))"
com_clue_floor_use_block_2016.730,730,2016,Southbank,3661,5575,0,0,1998,0,0,0,0,0,1320,0,0,4386,8885,,0,1763,0,24332,0,,0,0,0,0,0,0,55465.58984375,0,0,0,0,0,0,2031,0,0,"MULTIPOLYGON (((-37.82764075496906 144.95810174865989, -37.82850666001585 144.95708732580425, -37.82846937193687 144.9567864776456, -37.82842560167528 144.9564870209311, -37.82837538283212 144.95618917749695, -37.8283058889671 144.95583174983213, -37.82828038408916 144.9557062080205, -37.82663802424467 144.95764030507615, -37.827114706557005 144.95785966673273, -37.82764075496906 144.95810174865989)))"
com_clue_floor_use_block_2016.729,729,2016,Southbank,0,25607,0,0,0,,0,0,,0,372,0,0,,33914,0,0,4800,0,72106,0,2417,,0,0,0,0,0,147436.28125,0,0,0,0,0,0,,0,0,"MULTIPOLYGON (((-37.82663802424467 144.95764030507615, -37.82828038408916 144.9557062080205, -37.82825405639869 144.95557947786102, -37.82818871904734 144.95527644845006, -37.82812024597228 144.9549745218884, -37.828118554726466 144.95496696200067, -37.82791864470246 144.9550415074562, -37.827720871452094 144.9551246225732, -37.82752546757049 144.95521620997832, -37.827332661009535 144.9553161644772, -37.8271426758803 144.95542436735204, -37.826955735273565 144.95554069310072, -37.82677205759792 144.95566500613, -37.82659185656014 144.95579715961986, -37.82561038015401 144.95698345581772, -37.825563384456615 144.95714578218005, -37.82663802424467 144.95764030507615)))"
com_clue_floor_use_block_2016.804,804,2016,Southbank,20268,57756,0,0,14107,2984,0,0,0,0,27324,0,,65128,19183,0,18065,73872,,,0,47548,,154,0,,30,0,438893.0625,0,0,,0,0,0,4316,0,,"MULTIPOLYGON (((-37.82364740164818 144.95219395781817, -37.82366124960538 144.95327938496447, -37.82366458687985 144.95354105131585, -37.82310275616476 144.9559968737463, -37.82510654955506 144.9569335063396, -37.82515448195348 144.9567679466423, -37.82619494521147 144.95547043276366, -37.827675382615936 144.95298588432166, -37.82765333011326 144.9528873100397, -37.8275858809461 144.95256061090348, -37.827452302750665 144.95178469666575, -37.82731753162019 144.95100784463526, -37.82722784274721 144.95045196754293, -37.82721253961667 144.95035374982228, -37.82716554695175 144.95005213393068, -37.82714195247711 144.9499007005627, -37.82702384113303 144.9491426551502, -37.82692740775155 144.94852376262233, -37.82688240028224 144.94813429676697, -37.82691238975315 144.94812908962297, -37.82683650689434 144.9474355083758, -37.82699769405228 144.94724704959413, -37.82689147632322 144.94689663709525, -37.82654135839601 144.94709684257322, -37.825711838818485 144.9479490737121, -37.82523575750261 144.94816969931412, -37.824969192563444 144.9481785426935, -37.82451885955343 144.94819348254038, -37.82441464448699 144.9480798312627, -37.8240634677236 144.9478414296166, -37.8238999929806 144.9477557967352, -37.823340119658816 144.94758197944893, -37.82336946617084 144.94792303695831, -37.823383796692774 144.9480895887926, -37.82363180399277 144.95097236824898, -37.82364740164818 144.95219395781817)))"
com_clue_floor_use_block_2016.851,851,2016,Melbourne (Remainder),0,0,0,0,0,0,0,0,0,0,0,,0,0,0,0,0,0,0,0,0,0,0,0,0,0,0,0,48550,0,0,0,0,0,0,0,0,0,"MULTIPOLYGON (((-37.82218967522873 144.97496421217505, -37.822148635236466 144.97482743770766, -37.82211398880323 144.97468787905788, -37.82208585495438 144.9745460123613, -37.82206432847509 144.97440231895752, -37.82204948357223 144.9742572886988, -37.82204136927286 144.97411141439622, -37.82204001480945 144.97396519053694, -37.82204542337322 144.97381911686395, -37.822057577362365 144.97367368914462, -37.82209229904914 144.97339269153267, -37.822178706757775 144.97291658523113, -37.82233889158671 144.9722958281561, -37.822375620440994 144.97219261943704, -37.82241760560329 144.97209264542087, -37.82246466608071 144.9719963325297, -37.82251660433543 144.97190408832853, -37.82257319915686 144.97181630626508, -37.822634210028156 144.97173335759814, -37.822699377204316 144.9716555959395, -37.822768424316415 144.97158335150274, -37.82291020864683 144.97140595909025, -37.82295306004524 144.97133224003807, -37.82299089352725 144.97125427757848, -37.823023443571934 144.97117261408815, -37.823050486524714 144.97108781579462, -37.82332680842492 144.97012997308397, -37.820722394998135 144.96893594770694, -37.820654290520714 144.96926985499402, -37.8209304034557 144.97076725683834, -37.82166096235558 144.97380082427765, -37.822042791792434 144.9747199141821, -37.82218967522873 144.97496421217505)))"
com_clue_floor_use_block_2016.801,801,2016,Southbank,6879,50471,,0,6353,7025,0,0,0,0,55906,,26680,0,23077,0,0,8775,0,88106,,2623,0,0,0,14210,0,0,306206,0,0,0,0,13481,0,1193,0,0,"MULTIPOLYGON (((-37.81974299159314 144.96475635062856, -37.819852349114555 144.96479210925236, -37.81987026315751 144.96481575448396, -37.81988492288507 144.96484272681425, -37.819895944881026 144.96487232448, -37.819903040912365 144.96490377380346, -37.81990608901229 144.9649327816483, -37.8199057061436 144.9649620393695, -37.8201094511106 144.96501261793784, -37.82028638375794 144.96513053467217, -37.82039056577689 144.96520743937722, -37.82039367516092 144.96519635141584, -37.820570869965145 144.96527312904647, -37.821014332569526 144.96546528141596, -37.821828477463654 144.96581805440107, -37.822619532884744 144.96401042247618, -37.82168314177209 144.96298792684885, -37.82139291332865 144.962689760907, -37.82130370021303 144.96261573149505, -37.82121565167766 144.96275014297026, -37.820952629832824 144.9624797748037, -37.820847295378734 144.9624081354847, -37.82072016172147 144.96232167066677, -37.820668676107644 144.96238230078518, -37.820665363183494 144.9623968174048, -37.82061373429821 144.9624579194156, -37.82008784857754 144.96308028179104, -37.81974299159314 144.96475635062856)))"
com_clue_floor_use_block_2016.810,810,2016,Southbank,6497,31746,0,0,0,380,0,0,0,0,,0,0,0,55728,0,0,1665,0,153127,0,,0,0,0,0,,0,251934.03125,0,0,0,0,0,0,,0,0,"MULTIPOLYGON (((-37.82513928771338 144.96104419765715, -37.82381212204859 144.9626018514347, -37.824616139625654 144.9636950667128, -37.82594364264248 144.9621344151236, -37.82513928771338 144.96104419765715)))"
com_clue_floor_use_block_2016.736,736,2016,Southbank,0,456,0,0,0,,0,0,0,0,,0,0,,0,0,0,4948,0,0,0,0,0,0,0,0,0,0,39975,0,0,7270,0,0,,0,,0,"MULTIPOLYGON (((-37.82581568410798 144.96529969481364, -37.825842099530334 144.96533886769438, -37.8262252684847 144.96652660840041, -37.82832349158169 144.96589169564749, -37.82808012767483 144.96461517607653, -37.82817315001967 144.96439351799327, -37.82819564819303 144.96431603608525, -37.82794789942774 144.96439667941445, -37.82787104913024 144.96440872143768, -37.8277936674386 144.96441259771714, -37.82771630181171 144.96440828187147, -37.82763949438327 144.96439580447367, -37.82756378736626 144.96437525290145, -37.82748971316451 144.96434677274434, -37.82741779429417 144.9643105632606, -37.827614018656575 144.9636238492779, -37.82771561345348 144.96302039429457, -37.827820401080395 144.96281513372216, -37.82797281461846 144.96271007711664, -37.82809811300844 144.9625058929259, -37.82671845837542 144.9611602048594, -37.82594364264248 144.9621344151236, -37.824616139625654 144.9636950667128, -37.82520260671527 144.96448840389266, -37.825512129263174 144.96484954226824, -37.82581568410798 144.96529969481364)))"
com_clue_floor_use_block_2016.735,735,2016,Southbank,0,320,0,,0,,0,0,0,0,667,0,0,,,0,0,186,0,0,0,0,0,0,0,0,0,0,8266.79980469,0,0,0,0,0,0,,0,0,"MULTIPOLYGON (((-37.8258067258962 144.96026535017856, -37.82671845837542 144.9611602048594, -37.82809811300844 144.9625058929259, -37.8285677416904 144.96296397341317, -37.8286907333913 144.96276561632263, -37.828563724288074 144.96257228582576, -37.82848474557009 144.9623258414243, -37.82837463428637 144.96218966103947, -37.828333559687486 144.96223396871653, -37.82828631441679 144.96215829918705, -37.82824414641659 144.96207800221916, -37.828207339899215 144.96199361875063, -37.82817614169889 144.96190571687524, -37.82815076387584 144.96181488609062, -37.82813137474852 144.96172173981796, -37.828118105883455 144.96162690271248, -37.82811290569623 144.9615392797491, -37.8281130163244 144.96145141178792, -37.82811843850901 144.96136381006164, -37.82812913872493 144.96127698447384, -37.82814993722192 144.96115044136687, -37.8259211258598 144.9601259240308, -37.8258067258962 144.96026535017856)))"
com_clue_floor_use_block_2016.809,809,2016,Southbank,0,365,3220,0,,0,0,0,0,0,0,0,0,0,0,0,0,,0,0,0,0,0,0,0,0,0,0,9446,0,0,0,0,0,,0,0,0,"MULTIPOLYGON (((-37.82671845837542 144.9611602048594, -37.8258067258962 144.96026535017856, -37.82580462191833 144.9602632846976, -37.82513928771338 144.96104419765715, -37.82594364264248 144.9621344151236, -37.82671845837542 144.9611602048594)))"
com_clue_floor_use_block_2016.808,808,2016,Southbank,0,21640,0,,955,283,,0,0,0,13244,,0,0,27968,0,,1118,0,58541,0,1683,0,0,0,0,1338,0,129473.7734375,0,0,0,0,0,0,1020,0,0,"MULTIPOLYGON (((-37.82381212204859 144.9626018514347, -37.82513928771338 144.96104419765715, -37.82580462191833 144.9602632846976, -37.82559616375085 144.96005052258582, -37.823262666444 144.9608172272971, -37.82326080562203 144.96099623124556, -37.823279836086826 144.96115564671118, -37.82330539173425 144.96131360459765, -37.823337403967415 144.96146968193602, -37.823375788037026 144.96162345960786, -37.8234204394384 144.96177452244356, -37.82347123855255 144.96192246704712, -37.823528048746304 144.9620668961672, -37.823590719094014 144.9622074197583, -37.823659079090824 144.9623436619421, -37.823732945799485 144.96247525740245, -37.82381212204859 144.9626018514347)))"
com_clue_floor_use_block_2016.737,737,2016,Southbank,0,4023,0,,0,,0,0,0,0,4666,0,0,0,,0,0,,0,6602,0,0,0,0,0,0,,0,33671,0,0,0,0,0,0,0,0,0,"MULTIPOLYGON (((-37.82581568410798 144.96529969481364, -37.825512129263174 144.96484954226824, -37.82520260671527 144.96448840389266, -37.824616139625654 144.9636950667128, -37.823670879299605 144.96480629379712, -37.82332671731314 144.96510120188756, -37.82312656655853 144.96515898675216, -37.823276650428355 144.96598517752764, -37.823290950676885 144.96605979728332, -37.82581568410798 144.96529969481364)))"
com_clue_floor_use_block_2016.813,813,2016,Southbank,0,4705,0,,,0,0,0,0,0,3825,0,11361,0,0,0,0,,0,0,0,0,0,0,0,0,0,0,29522.00976562,0,0,0,0,0,,,0,0,"MULTIPOLYGON (((-37.821216736000466 144.96721586048346, -37.820863032641604 144.96802402732135, -37.82095243015771 144.96804898725517, -37.821967174602136 144.9677533012612, -37.82231068870686 144.96771103783183, -37.82273932223292 144.96675804658722, -37.821216736000466 144.96721586048346)))"
com_clue_floor_use_block_2016.753,753,2016,Southbank,23837,42285,0,0,10928,3162,,0,0,0,61776,0,,0,19159,0,5749,12525,0,19215,0,3334,0,,0,,0,0,252289.046875,0,0,0,0,1049,0,6497,0,0,"MULTIPOLYGON (((-37.821216736000466 144.96721586048346, -37.821828477463654 144.96581805440107, -37.821014332569526 144.96546528141596, -37.820570869965145 144.96527312904647, -37.82039367516092 144.96519635141584, -37.82039056577689 144.96520743937722, -37.82028638375794 144.96513053467217, -37.8201094511106 144.96501261793784, -37.8199057061436 144.9649620393695, -37.81990608901229 144.9649327816483, -37.819903040912365 144.96490377380346, -37.819895944881026 144.96487232448, -37.81988492288507 144.96484272681425, -37.81987026315751 144.96481575448396, -37.819852349114555 144.96479210925236, -37.81974299159314 144.96475635062856, -37.81971312989022 144.9649014775664, -37.81943903131792 144.9662335402619, -37.819390275853856 144.96668258327344, -37.81994324150846 144.96718934020623, -37.82001034559445 144.967272430313, -37.820063485235046 144.9672089583989, -37.82067599084817 144.96797180496145, -37.820863032641604 144.96802402732135, -37.821216736000466 144.96721586048346)))"
com_clue_floor_use_block_2016.812,812,2016,Southbank,12727,22856,0,1801,733,0,,0,0,0,16535,0,0,0,31792,0,,663,0,64636,0,715,,0,0,0,0,0,174333.859375,0,0,15050,0,0,0,4012,0,,"MULTIPOLYGON (((-37.82273932223292 144.96675804658722, -37.82305862070224 144.96604812127086, -37.823276650428355 144.96598517752764, -37.82312656655853 144.96515898675216, -37.823098105993544 144.9650023220914, -37.82277213276273 144.96417705735897, -37.822619532884744 144.96401042247618, -37.821828477463654 144.96581805440107, -37.821216736000466 144.96721586048346, -37.82273932223292 144.96675804658722)))"
com_clue_floor_use_block_2016.651,651,2016,East Melbourne,11074,11532,0,0,4509,,30809,0,0,0,3224,,,0,25813,0,,7597,0,6712,0,,0,0,0,0,209,0,110472.0078125,0,0,0,0,0,0,0,0,0,"MULTIPOLYGON (((-37.81071323487291 144.97545777361785, -37.81100543200368 144.97812602088527, -37.812126568987004 144.9779367761459, -37.81185196519751 144.97538869729726, -37.8118225814589 144.9750948466625, -37.81188690031425 144.97466108685543, -37.810701861589806 144.9753541283169, -37.81071323487291 144.97545777361785)))"
com_clue_floor_use_block_2016.650,650,2016,East Melbourne,0,,0,0,0,0,0,0,0,0,,0,0,0,,,,,0,0,0,0,0,0,0,0,,0,25421.69921875,0,0,0,0,0,0,0,0,0,"MULTIPOLYGON (((-37.809643886383846 144.9765586482479, -37.80983610655556 144.97832150666272, -37.81100543200368 144.97812602088527, -37.81071323487291 144.97545777361785, -37.80954505276959 144.9756523332863, -37.809643886383846 144.9765586482479)))"
com_clue_floor_use_block_2016.645,645,2016,East Melbourne,0,4665,0,0,,0,15420,0,0,0,,0,0,0,0,0,0,,,0,0,0,0,0,0,0,0,0,22751,0,0,0,0,0,0,0,0,0,"MULTIPOLYGON (((-37.80954505276959 144.9756523332863, -37.808211249565424 144.97586801272826, -37.808266072430584 144.97637596485933, -37.80830932680734 144.97678396335158, -37.809643886383846 144.9765586482479, -37.80954505276959 144.9756523332863)))"
com_clue_floor_use_block_2016.646,646,2016,East Melbourne,,2913,0,2536,,0,3238,335,0,0,6259,0,9078,0,1260,0,0,3340,0,773,0,0,0,0,0,0,0,1041,33684.30078125,0,0,0,0,0,0,2274,0,0,"MULTIPOLYGON (((-37.809643886383846 144.9765586482479, -37.80830932680734 144.97678396335158, -37.80849589204351 144.97854388500363, -37.80983610655556 144.97832150666272, -37.809643886383846 144.9765586482479)))"
com_clue_floor_use_block_2016.621,621,2016,East Melbourne,,19731,0,6877,634,1595,2238,1215,0,0,41366,0,0,0,8713,0,0,5220,,5791,0,0,0,0,0,0,0,0,96610.9609375,0,0,0,0,0,0,799,0,0,"MULTIPOLYGON (((-37.80983610655556 144.97832150666272, -37.80849589204351 144.97854388500363, -37.808772970048956 144.98115811656535, -37.81012426840084 144.98093711813794, -37.80983610655556 144.97832150666272)))"
com_clue_floor_use_block_2016.620,620,2016,East Melbourne,0,4717,0,,,,12089,0,0,0,3896,0,9104,,,0,0,14663,0,1638,0,,0,0,0,0,0,0,61449.28125,0,0,,10689,0,0,0,0,0,"MULTIPOLYGON (((-37.81041158259176 144.9835447671369, -37.81012426840084 144.98093711813794, -37.808772970048956 144.98115811656535, -37.8090499893291 144.98377235212345, -37.81041158259176 144.9835447671369)))"
com_clue_floor_use_block_2016.910,910,2016,Parkville,0,500,0,0,0,0,0,5193,0,0,0,0,0,0,,0,,2850,0,2333,0,0,0,0,0,0,0,0,11395.86035156,0,0,0,0,0,0,0,0,0,"MULTIPOLYGON (((-37.79257312765168 144.95842710664954, -37.79315948108591 144.95835542895884, -37.793721273462026 144.95828675187792, -37.79362410952046 144.95704021466366, -37.793573312461376 144.9563885898647, -37.79279579833498 144.95708551954405, -37.79258956848809 144.9574983769884, -37.792526321708635 144.95782371744065, -37.79257312765168 144.95842710664954)))"
com_clue_floor_use_block_2016.619,619,2016,East Melbourne,0,,94,0,676,,0,,0,0,,,0,0,0,0,0,0,,0,0,0,0,0,0,0,,0,263050.9375,0,0,0,0,0,0,0,0,0,"MULTIPOLYGON (((-37.81257457412828 144.977861719136, -37.81251113411215 144.97787227963363, -37.812331999951155 144.9779020995927, -37.812126568987004 144.9779367761459, -37.81100543200368 144.97812602088527, -37.80983610655556 144.97832150666272, -37.81012426840084 144.98093711813794, -37.81041158259176 144.9835447671369, -37.81158997130944 144.9833497853444, -37.8127187277799 144.98315863713023, -37.81383584408938 144.9829702788892, -37.814962553222166 144.98277704788438, -37.81608770205285 144.9825865642808, -37.81570588846001 144.97911055992364, -37.81551490558947 144.97737222575898, -37.81257457412828 144.977861719136)))"
com_clue_floor_use_block_2016.618,618,2016,East Melbourne,20753,13296,0,0,941,0,0,3352,0,0,4773,0,0,0,14449,0,0,7480,0,22056,0,0,0,0,0,0,0,0,90017.921875,0,0,0,,0,0,,0,0,"MULTIPOLYGON (((-37.81608770205285 144.9825865642808, -37.814962553222166 144.98277704788438, -37.81525653249935 144.98538207474382, -37.81637948182137 144.9851964458714, -37.81609385151066 144.9826415713614, -37.81608770205285 144.9825865642808)))"
com_clue_floor_use_block_2016.752,752,2016,Southbank,0,8252,0,0,3514,10736,0,0,0,0,0,0,,0,0,0,31307,,40342,0,0,0,0,0,0,0,0,0,145626,0,0,0,0,0,0,0,0,0,"MULTIPOLYGON (((-37.823743128285436 144.96861824898636, -37.82353632909382 144.96734021215823, -37.82231068870686 144.96771103783183, -37.821967174602136 144.9677533012612, -37.82095243015771 144.96804898725517, -37.820863032641604 144.96802402732135, -37.82067599084817 144.96797180496145, -37.820063485235046 144.9672089583989, -37.82001034559445 144.967272430313, -37.81994324150846 144.96718934020623, -37.819390275853856 144.96668258327344, -37.81922045406143 144.96824653356234, -37.820722394998135 144.96893594770694, -37.82332680842492 144.97012997308397, -37.823743128285436 144.96861824898636)))"
com_clue_floor_use_block_2016.802,802,2016,Southbank,0,78069,0,0,11603,7804,,0,0,0,94737,0,20100,0,57396,0,0,7429,0,112951,,1531,,0,0,,0,0,426926.0625,0,0,0,0,,3098,14642,0,,"MULTIPOLYGON (((-37.82381212204859 144.9626018514347, -37.823732945799485 144.96247525740245, -37.823659079090824 144.9623436619421, -37.823590719094014 144.9622074197583, -37.823528048746304 144.9620668961672, -37.82347123855255 144.96192246704712, -37.8234204394384 144.96177452244356, -37.823375788037026 144.96162345960786, -37.823337403967415 144.96146968193602, -37.82330539173425 144.96131360459765, -37.823279836086826 144.96115564671118, -37.82326080562203 144.96099623124556, -37.823262666444 144.9608172272971, -37.82178006456465 144.96130433000968, -37.820876858969974 144.96139084735466, -37.820564881840326 144.96138874483285, -37.820304724234404 144.96214825697547, -37.82024182629138 144.9623318816039, -37.82008784857754 144.96308028179104, -37.82061373429821 144.9624579194156, -37.820665363183494 144.9623968174048, -37.820668676107644 144.96238230078518, -37.82072016172147 144.96232167066677, -37.820847295378734 144.9624081354847, -37.820952629832824 144.9624797748037, -37.82121565167766 144.96275014297026, -37.82130370021303 144.96261573149505, -37.82139291332865 144.962689760907, -37.82168314177209 144.96298792684885, -37.822619532884744 144.96401042247618, -37.82267761630224 144.96387769228429, -37.82381212204859 144.9626018514347)))"
com_clue_floor_use_block_2016.803,803,2016,Southbank,42196,71933,0,0,69146,0,0,0,0,0,,0,,0,0,0,11324,,0,0,0,4353,0,0,0,,699,0,332425.96875,0,0,0,0,,0,0,0,0,"MULTIPOLYGON (((-37.823262666444 144.9608172272971, -37.82330615757877 144.95996603237037, -37.82350872097125 144.95943742739018, -37.824199746433386 144.95860736002683, -37.82432917280881 144.95845116848145, -37.825340880641626 144.95723218040493, -37.82538911185592 144.95706558847954, -37.82510654955506 144.9569335063396, -37.82310275616476 144.9559968737463, -37.82205443973877 144.95807764688166, -37.82195089296171 144.95828316563768, -37.820849310849475 144.96055835039277, -37.820564881840326 144.96138874483285, -37.820876858969974 144.96139084735466, -37.82178006456465 144.96130433000968, -37.823262666444 144.9608172272971)))"
com_clue_floor_use_block_2016.1107,1107,2016,Docklands,0,2473,,19656,,,0,0,0,0,,,0,0,0,0,0,14271,,0,0,0,0,0,0,0,0,0,42832,0,0,0,0,0,0,0,0,0,"MULTIPOLYGON (((-37.81893027551287 144.94692673007432, -37.820175897868474 144.94824448101284, -37.820538936422466 144.94857139992814, -37.82253030493959 144.95014641070907, -37.82260109604955 144.9496147590175, -37.82250880341081 144.9476988192699, -37.819767044523374 144.94698457741927, -37.81923913424291 144.94677720632717, -37.819000512822996 144.94668347333, -37.81893027551287 144.94692673007432)))"
com_clue_floor_use_block_2016.1106,1106,2016,Docklands,0,0,0,0,0,0,0,0,0,0,0,0,0,0,0,0,0,0,0,0,0,0,0,0,0,0,0,0,11419,0,0,0,0,0,11419,0,0,0,"MULTIPOLYGON (((-37.82227046211058 144.9510424146238, -37.82157623580421 144.95211502171367, -37.820953231917414 144.9523543409784, -37.82051665107545 144.9522414754378, -37.81989067358652 144.95181648645422, -37.81978977228167 144.95216606493622, -37.81978835689676 144.95217095604204, -37.81977342111928 144.95222257882057, -37.81976787174875 144.95222921438452, -37.81977049346602 144.9522326976983, -37.81969777788369 144.952484023763, -37.8199969007289 144.95262155713598, -37.81998084321681 144.9526770394036, -37.81999107948058 144.95268174600767, -37.82000627942717 144.95268873406962, -37.82008651685652 144.95295869612238, -37.82126373115777 144.95451368282045, -37.82208152064655 144.95169392616435, -37.82227046211058 144.9510424146238)))"
com_clue_floor_use_block_2016.1105,1105,2016,Docklands,10575,78250,,0,6534,21947,,0,0,0,235927,0,34421,0,27230,,0,3452,0,16114,0,2237,,0,0,0,1118,0,603362.1875,0,0,136614,0,0,2591,18077,0,,"MULTIPOLYGON (((-37.8179230182729 144.95041498077157, -37.81931545909199 144.9514259696681, -37.819827497778775 144.95177359597096, -37.81989067358652 144.95181648645422, -37.82051665107545 144.9522414754378, -37.820953231917414 144.9523543409784, -37.82157623580421 144.95211502171367, -37.82227046211058 144.9510424146238, -37.82253030493959 144.95014641070907, -37.820538936422466 144.94857139992814, -37.81847902163943 144.9484895322812, -37.8179230182729 144.95041498077157)))"
com_clue_floor_use_block_2016.131,131,2016,Docklands,15713,26118,,4746,4727,1763,0,0,0,0,52548,0,29895,0,10532,0,,8071,,0,0,454,0,0,0,,,0,183082.3125,0,0,0,20022,0,0,,0,0,"MULTIPOLYGON (((-37.82126373115777 144.95451368282045, -37.82110821586742 144.95504986986, -37.82310275616476 144.9559968737463, -37.82366458687985 144.95354105131585, -37.82366124960538 144.95327938496447, -37.82364740164818 144.95219395781817, -37.823143300502736 144.95196147287785, -37.82314746899721 144.95316175546273, -37.823229475382426 144.95319859026185, -37.82321473621459 144.95324993490993, -37.82303205629152 144.95316598600712, -37.82302739708472 144.95318209938543, -37.82250153854629 144.95294051992417, -37.82248207896046 144.9530075598591, -37.82245001215685 144.95299276696568, -37.82230524634312 144.95292598189664, -37.822409523335004 144.9525667413132, -37.822430930264105 144.95257661404847, -37.822587621698425 144.9520367932084, -37.82258671229847 144.952011711129, -37.82258273103753 144.95198710932402, -37.82257577209422 144.95196358390345, -37.82256600573648 144.95194170160732, -37.822553667374194 144.95192199215572, -37.82253905456073 144.95190493129044, -37.82208152064655 144.95169392616435, -37.82126373115777 144.95451368282045)))"
com_clue_floor_use_block_2016.644,644,2016,East Melbourne,1130,22342,0,0,1950,3531,4364,0,,0,46588,,9246,0,9186,0,,4957,,0,0,,0,0,0,0,,0,130815.6875,0,0,0,0,0,0,3250,0,0,"MULTIPOLYGON (((-37.80954505276959 144.9756523332863, -37.80926860687994 144.9731419340992, -37.8092362746836 144.9729716445943, -37.80812268421217 144.97315669362985, -37.80792266321249 144.97319449392177, -37.808211249565424 144.97586801272826, -37.80954505276959 144.9756523332863)))"
com_clue_floor_use_block_2016.909,909,2016,Parkville,0,,0,,0,0,0,0,0,0,0,0,0,0,0,0,,3714,0,0,0,0,0,0,,0,0,,14008.09960938,0,0,4632,0,0,0,0,0,0,"MULTIPOLYGON (((-37.79171686638038 144.95853177597164, -37.791312338050844 144.95792452151557, -37.79104517457789 144.9575601066198, -37.790942830790854 144.95753014162952, -37.78965790883486 144.95733417313892, -37.78974537202675 144.95748217073788, -37.78978031602058 144.95754129947076, -37.789879022061655 144.95875642395265, -37.79171686638038 144.95853177597164)))"
com_clue_floor_use_block_2016.907,907,2016,Parkville,0,278,0,0,0,0,0,1526,0,0,0,,0,0,,0,0,1546,0,1318,0,0,0,0,0,0,0,0,5865.56005859,0,0,0,0,0,0,0,0,0,"MULTIPOLYGON (((-37.78754954532477 144.95701263260702, -37.78760690704344 144.95774085938228, -37.78974537202675 144.95748217073788, -37.78965790883486 144.95733417313892, -37.78754954532477 144.95701263260702)))"
com_clue_floor_use_block_2016.905,905,2016,Parkville,,2916,0,1468,0,0,0,1648,,0,,0,0,0,0,0,,13043,0,7427,0,0,0,0,0,0,0,0,29954.19921875,0,0,0,0,0,0,0,0,0,"MULTIPOLYGON (((-37.78754954532477 144.95701263260702, -37.787215132185324 144.95697828159953, -37.78688030142434 144.9569511313523, -37.786545152323114 144.9569311903887, -37.78620978140035 144.9569184639012, -37.78587428787566 144.95691295700766, -37.785538767265905 144.9569146692503, -37.785203319610105 144.95692360118247, -37.784868041264154 144.956939748917, -37.78453303130468 144.9569631096278, -37.784619642801246 144.95809727794114, -37.78760690704344 144.95774085938228, -37.78754954532477 144.95701263260702)))"
com_clue_floor_use_block_2016.908,908,2016,Parkville,0,5098,0,0,0,,0,,0,0,0,0,0,0,,0,,,0,6252,0,0,0,0,0,0,,12716,35775.98828125,0,0,0,0,0,0,0,0,0,"MULTIPOLYGON (((-37.78760690704344 144.95774085938228, -37.78760704573748 144.95774262132483, -37.78770546927078 144.95902348881964, -37.789449364233356 144.95880918540905, -37.78981818712097 144.9587638600529, -37.789879022061655 144.95875642395265, -37.78978031602058 144.95754129947076, -37.78974537202675 144.95748217073788, -37.78760690704344 144.95774085938228)))"
com_clue_floor_use_block_2016.906,906,2016,Parkville,0,6600,0,5258,,,,0,0,0,8562,0,0,0,2004,0,0,10958,0,5836,0,,0,0,0,0,,4588,52185.05078125,0,0,0,0,0,0,5742,0,,"MULTIPOLYGON (((-37.784620410023656 144.9581073286378, -37.784723206364205 144.95939008588348, -37.78770546927078 144.95902348881964, -37.78760704573748 144.95774262132483, -37.78760690704344 144.95774085938228, -37.784619642801246 144.95809727794114, -37.784620410023656 144.9581073286378)))"
com_clue_floor_use_block_2016.903,903,2016,Parkville,0,11072,0,6736,0,0,0,5771,0,0,,0,0,0,7943,0,0,11187,0,23300,0,0,0,0,0,0,0,630,66888.078125,0,0,0,0,0,0,0,0,,"MULTIPOLYGON (((-37.78453303130468 144.9569631096278, -37.781969570337225 144.957322384193, -37.781554079731734 144.95741420038405, -37.781639007123225 144.95847924877793, -37.78462021319951 144.95810486436014, -37.784620410023656 144.9581073286378, -37.784619642801246 144.95809727794114, -37.78453303130468 144.9569631096278)))"
com_clue_floor_use_block_2016.901,901,2016,Parkville,0,,0,0,0,0,0,4780,0,0,0,0,0,0,,0,0,5396,0,4440,0,0,0,0,0,0,0,0,17224.390625,0,0,0,0,0,0,0,0,0,"MULTIPOLYGON (((-37.781639007123225 144.95847924877793, -37.781554079731734 144.95741420038405, -37.78136256355886 144.95746875105317, -37.781172525756176 144.95753096808076, -37.78098415898722 144.95760078933705, -37.78079765481678 144.95767814137056, -37.780613203829 144.95776294621794, -37.78043099198514 144.95785511923333, -37.780236502784454 144.95796452025112, -37.780044681140126 144.9580811571078, -37.77985569646061 144.95820492631802, -37.77989542898894 144.9586935178752, -37.7816390440912 144.95847971783556, -37.781639007123225 144.95847924877793)))"
com_clue_floor_use_block_2016.904,904,2016,Parkville,4331,8601,0,17476,,0,0,,0,0,,0,0,0,5068,0,0,11519,0,6734,0,0,0,0,0,0,0,0,61285.01171875,0,0,0,0,0,0,,0,0,"MULTIPOLYGON (((-37.784620410023656 144.9581073286378, -37.78462021319951 144.95810486436014, -37.781639007123225 144.95847924877793, -37.7816390440912 144.95847971783556, -37.78174022912186 144.95975899522887, -37.784723206364205 144.95939008588348, -37.784620410023656 144.9581073286378)))"
com_clue_floor_use_block_2016.274,274,2016,Carlton,0,0,1147,0,,0,0,,0,0,769,,0,0,0,0,0,0,0,0,0,,0,0,147507,0,0,0,417860,0,0,0,0,0,0,,0,0,"MULTIPOLYGON (((-37.78174022912186 144.95975899522887, -37.77804236170659 144.96021933215764, -37.778124308597434 144.96089129624204, -37.77821474657698 144.9612310370204, -37.778252551566304 144.96136648640683, -37.77829700326591 144.9614986934436, -37.77834792693443 144.9616271418128, -37.77840512284687 144.96175132950313, -37.778468369016224 144.96187076986982, -37.77853741674843 144.96198499516248, -37.77861199612501 144.9620935609161, -37.77869181590463 144.96219604027624, -37.778776564600314 144.9622920341882, -37.778865908579384 144.96238116577203, -37.77895950118842 144.96246308688455, -37.77905697464634 144.96253747834214, -37.77915794721071 144.96260404745345, -37.779262025997674 144.96266253475486, -37.77936880241889 144.96271271072993, -37.77947785946595 144.96275438015164, -37.7795887707702 144.96278737983798, -37.77970110242361 144.96281157973803, -37.77981441483918 144.962826886288, -37.77995842382459 144.9628333158433, -37.780102519860826 144.96283206528634, -37.7802464443518 144.96282313713053, -37.780389940737116 144.96280654745908, -37.78067651965265 144.9627790359725, -37.78078626989174 144.96277210642418, -37.78089614850544 144.96277395364757, -37.78100571289126 144.96278457053202, -37.781114523458946 144.96280391582064, -37.78122214175042 144.9628319096196, -37.78132813596214 144.9628684400582, -37.781432079985564 144.96291335990819, -37.78153355528732 144.96296649107342, -37.781632153474206 144.9630276165704, -37.78172748011234 144.96309649291294, -37.78181915008621 144.963172842291, -37.78190679582347 144.96325635915693, -37.781990064514474 144.96334670575996, -37.78206862095218 144.96344352001594, -37.78214215017581 144.96354641202842, -37.78221035664896 144.96365496865278, -37.78227296518025 144.9637687546068, -37.78232972538808 144.9638873100771, -37.782380407354296 144.96401015992242, -37.785004756993025 144.96358662311724, -37.78499295635515 144.96347286463723, -37.785157915261294 144.96344486307547, -37.78884990585688 144.9628180923677, -37.7888594279048 144.96275209454316, -37.78887502996217 144.96268796008314, -37.78889649485466 144.9626265749958, -37.78892352725781 144.962568787694, -37.78895575346126 144.9625153953763, -37.78901080819055 144.96245032805578, -37.78907020329032 144.96239163454146, -37.78913347719644 144.96233977379322, -37.78920013493565 144.96229514891584, -37.789269657172 144.9622581091812, -37.78934150189022 144.96222894316787, -37.789434320699165 144.96219300975162, -37.789528561620564 144.96216353829493, -37.789623943257865 144.96214061944826, -37.78972017839654 144.96212432017649, -37.789816976804595 144.96211468935942, -37.78991404973622 144.96211175766769, -37.790011103547904 144.9621155331955, -37.79073856886742 144.96214081447803, -37.79081227286254 144.96214181460738, -37.79088573726608 144.9621342805556, -37.790958343203805 144.9621182781321, -37.791029475660835 144.96209394004157, -37.79109853444793 144.9620614746683, -37.791164934906 144.96202115470183, -37.79122811699258 144.96197332143046, -37.79128754608462 144.96191837904178, -37.79134272012604 144.96185679102015, -37.79139317231062 144.96178907893758, -37.791438477250395 144.96171581433507, -37.791566509309135 144.96151732245005, -37.79157658205007 144.9615007293116, -37.79159838728515 144.96145581662498, -37.791614664010105 144.96140732542588, -37.791625053177526 144.96135632737827, -37.791629325609996 144.96130395190136, -37.791627385112086 144.96125135769302, -37.79161927614499 144.961199707534, -37.7916051771085 144.96115014462384, -37.79158539986922 144.96110376533778, -37.791686101577724 144.9610220136756, -37.791635628730305 144.96091090645467, -37.79158054081094 144.96080333647964, -37.7915209936204 144.96069960949643, -37.79142678046127 144.9605466379815, -37.79132709939847 144.96039927148428, -37.791222160388244 144.96025781993418, -37.7911121848808 144.96012258044726, -37.79099740403826 144.9599938385104, -37.79087805957612 144.95987186455193, -37.790754401961614 144.9597569139908, -37.7906266904724 144.9596492306421, -37.79049519578071 144.95954903983272, -37.79036019370677 144.95945655197994, -37.79022196792099 144.9593719625175, -37.78984379396294 144.95909649233502, -37.78981818712097 144.9587638600529, -37.789449364233356 144.95880918540905, -37.78770546927078 144.95902348881964, -37.784723206364205 144.95939008588348, -37.78174022912186 144.95975899522887)))"
com_clue_floor_use_block_2016.902,902,2016,Parkville,0,2883,0,0,0,,0,6197,0,0,0,,0,0,2741,0,0,12022,0,6250,0,0,0,0,0,0,0,0,37019.640625,0,0,0,0,,0,,0,0,"MULTIPOLYGON (((-37.78174022912186 144.95975899522887, -37.7816390440912 144.95847971783556, -37.77989542898894 144.9586935178752, -37.77985569646061 144.95820492631802, -37.77968741896483 144.95832287379338, -37.77952171759409 144.95844647572923, -37.77935871337658 144.9585756447514, -37.779198522698714 144.9587102856684, -37.77904126284742 144.95885030326696, -37.77888704646802 144.9589955945167, -37.77850855101857 144.95938168386007, -37.77800399063511 144.95990469943422, -37.77804236170659 144.96021933215764, -37.78174022912186 144.95975899522887)))"
com_clue_floor_use_block_2016.272,272,2016,Parkville,0,,0,0,0,0,0,0,0,0,0,0,0,0,0,0,0,,0,0,0,0,0,0,0,0,0,7635,25523,0,0,0,0,0,0,0,0,0,"MULTIPOLYGON (((-37.79315948108591 144.95835542895884, -37.79257312765168 144.95842710664954, -37.79171686638038 144.95853177597164, -37.789879022061655 144.95875642395265, -37.78981818712097 144.9587638600529, -37.78984379396294 144.95909649233502, -37.79022196792099 144.9593719625175, -37.79036019370677 144.95945655197994, -37.79049519578071 144.95954903983272, -37.7906266904724 144.9596492306421, -37.790754401961614 144.9597569139908, -37.79087805957612 144.95987186455193, -37.79099740403826 144.9599938385104, -37.7911121848808 144.96012258044726, -37.791222160388244 144.96025781993418, -37.79132709939847 144.96039927148428, -37.79142678046127 144.9605466379815, -37.7915209936204 144.96069960949643, -37.79158054081094 144.96080333647964, -37.791635628730305 144.96091090645467, -37.791686101577724 144.9610220136756, -37.79173238494289 144.9611378694727, -37.79177178717209 144.96125093588475, -37.79180653654605 144.96136639924666, -37.79183654218136 144.96148395542565, -37.791861724846385 144.96160329655984, -37.7918657003635 144.96143343385864, -37.791876831645524 144.96126407737967, -37.79189508731349 144.96109570489017, -37.79192041703612 144.96092879240842, -37.79195274786783 144.96076381089807, -37.79199198969242 144.9606012283906, -37.792038029661235 144.9604415010537, -37.792090740476716 144.96028508318483, -37.79214997114883 144.96013241383855, -37.7922155543778 144.95998392684442, -37.79228730635736 144.95984003945685, -37.7923650232894 144.959701159265, -37.79315948108591 144.95835542895884)))"
com_clue_floor_use_block_2016.202,202,2016,Carlton,0,0,0,0,0,0,0,6568,0,0,0,0,0,0,,0,0,2268,0,0,0,0,0,0,0,0,0,,9271.5,0,0,0,0,0,0,0,0,0,"MULTIPOLYGON (((-37.79562609631925 144.96479936283146, -37.793935782908186 144.9650903897668, -37.79550339158786 144.96633257702513, -37.79579043604494 144.96628243224356, -37.79562609631925 144.96479936283146)))"
com_clue_floor_use_block_2016.203,203,2016,Carlton,0,434,0,,,0,0,7435,0,0,,0,0,0,,0,0,3040,0,932,0,,0,0,0,0,0,1074,14377.37011719,0,0,0,0,,0,0,0,0,"MULTIPOLYGON (((-37.79683934310964 144.96459043049285, -37.796645724050705 144.96462380197912, -37.79562609631925 144.96479936283146, -37.79579043604494 144.96628243224356, -37.79700027981718 144.96607107978713, -37.79683934310964 144.96459043049285)))"
com_clue_floor_use_block_2016.208,208,2016,Carlton,0,566,0,0,,0,0,2559,0,0,,0,0,0,,0,0,539,0,3031,0,,0,0,0,0,0,497,9122.40039062,0,0,0,0,0,0,0,0,0,"MULTIPOLYGON (((-37.797162518054584 144.9675489540784, -37.79700027981718 144.96607107978713, -37.79579043604494 144.96628243224356, -37.79550339158786 144.96633257702513, -37.79586907819283 144.9666189935155, -37.79707305587634 144.96756444154087, -37.797162518054584 144.9675489540784)))"
com_clue_floor_use_block_2016.217,217,2016,Carlton,0,4251,0,0,4430,0,812,352,0,0,1975,0,,0,,0,,1679,0,2525,0,6654,,0,0,0,592,0,29693.6796875,0,0,0,0,0,0,456,0,,"MULTIPOLYGON (((-37.797162518054584 144.9675489540784, -37.797321554788944 144.96902834132922, -37.7988334842394 144.96875847381483, -37.79867509792029 144.96728330731855, -37.797162518054584 144.9675489540784)))"
com_clue_floor_use_block_2016.207,207,2016,Carlton,0,689,0,0,1773,,,7757,,,426,0,4485,0,,0,0,1813,0,1631,0,1038,0,0,0,0,,,23798.61914062,0,0,0,,1921,0,243,0,0,"MULTIPOLYGON (((-37.7985111296808 144.96580231995912, -37.79700027981718 144.96607107978713, -37.797162518054584 144.9675489540784, -37.79867509792029 144.96728330731855, -37.7985111296808 144.96580231995912)))"
com_clue_floor_use_block_2016.204,204,2016,Carlton,0,13328,0,9025,,0,,1754,0,0,2124,0,20225,0,0,0,0,4756,0,0,0,0,0,0,0,0,0,21272,73605,0,0,0,0,,0,0,0,0,"MULTIPOLYGON (((-37.79683934310964 144.96459043049285, -37.79700027981718 144.96607107978713, -37.7985111296808 144.96580231995912, -37.798351328136604 144.96432775652076, -37.79683934310964 144.96459043049285)))"
com_clue_floor_use_block_2016.237,237,2016,Carlton,0,0,0,0,0,,0,2224,0,0,0,,0,0,0,0,0,,0,0,0,0,0,0,0,0,0,0,6348.52001953,0,0,0,0,0,0,0,0,0,"MULTIPOLYGON (((-37.79983708153445 144.97252318887422, -37.8000602847864 144.9745294242817, -37.800676939142406 144.9744247356431, -37.80045977854039 144.97241480701766, -37.79983708153445 144.97252318887422)))"
com_clue_floor_use_block_2016.273,273,2016,Carlton,0,0,0,0,0,,0,0,0,0,,,0,0,0,0,,,0,0,0,0,0,0,0,0,0,0,442595,0,0,0,0,0,0,0,0,0,"MULTIPOLYGON (((-37.79313960679691 144.9652274651802, -37.793078642397504 144.9650237627023, -37.793011687230965 144.96482306855853, -37.792938836293125 144.9646256640864, -37.7928601907296 144.96443182136608, -37.79277585891303 144.96424181341084, -37.792685959869374 144.96405590385265, -37.79259061883284 144.96387435047043, -37.79248996638424 144.96369740748503, -37.7923841455784 144.96352532082088, -37.792273302074996 144.96335833064805, -37.79220318757928 144.96321460736468, -37.79213918684594 144.96306642270739, -37.79208147826457 144.96291419192693, -37.79203022140871 144.96275833646408, -37.79198555987578 144.9625992918212, -37.79194761754676 144.96243749971612, -37.79191650044689 144.9622734114385, -37.79189229486564 144.96210748335955, -37.79187506825777 144.96194017690783, -37.79186486924328 144.9617719585698, -37.791861724846385 144.96160329655984, -37.79183654218136 144.96148395542565, -37.79180653654605 144.96136639924666, -37.79177178717209 144.96125093588475, -37.79173238494289 144.9611378694727, -37.791686101577724 144.9610220136756, -37.79158539986922 144.96110376533778, -37.7916051771085 144.96115014462384, -37.79161927614499 144.961199707534, -37.791627385112086 144.96125135769302, -37.791629325609996 144.96130395190136, -37.791625053177526 144.96135632737827, -37.791614664010105 144.96140732542588, -37.79159838728515 144.96145581662498, -37.79157658205007 144.9615007293116, -37.791566509309135 144.96151732245005, -37.791438477250395 144.96171581433507, -37.79139317231062 144.96178907893758, -37.79134272012604 144.96185679102015, -37.79128754608462 144.96191837904178, -37.79122811699258 144.96197332143046, -37.791164934906 144.96202115470183, -37.79109853444793 144.9620614746683, -37.791029475660835 144.96209394004157, -37.790958343203805 144.9621182781321, -37.79088573726608 144.9621342805556, -37.79081227286254 144.96214181460738, -37.79073856886742 144.96214081447803, -37.790011103547904 144.9621155331955, -37.78991404973622 144.96211175766769, -37.789816976804595 144.96211468935942, -37.78972017839654 144.96212432017649, -37.789623943257865 144.96214061944826, -37.789528561620564 144.96216353829493, -37.789434320699165 144.96219300975162, -37.78934150189022 144.96222894316787, -37.789269657172 144.9622581091812, -37.78920013493565 144.96229514891584, -37.78913347719644 144.96233977379322, -37.78907020329032 144.96239163454146, -37.78901080819055 144.96245032805578, -37.78895575346126 144.9625153953763, -37.78892352725781 144.962568787694, -37.78889649485466 144.9626265749958, -37.78887502996217 144.96268796008314, -37.7888594279048 144.96275209454316, -37.78884990585688 144.9628180923677, -37.785157915261294 144.96344486307547, -37.78499295635515 144.96347286463723, -37.785004756993025 144.96358662311724, -37.78562165378875 144.9695351058595, -37.79192793733017 144.96844857769068, -37.79226088336759 144.96839120778546, -37.79232630875226 144.96837776761947, -37.79231725497535 144.9682942063476, -37.79241291274308 144.9682055756572, -37.7925046441777 144.96811058270634, -37.79259218364 144.9680095016352, -37.792675274850936 144.96790262677357, -37.792753678920384 144.96779026787812, -37.79282716714116 144.9676727503302, -37.79289552643313 144.96755041725748, -37.79295855830543 144.9674236216131, -37.79301607985535 144.96729273182615, -37.79306792372948 144.96715812953124, -37.79311394070845 144.9670202026835, -37.79315399624128 144.96687935360282, -37.793187973911444 144.96673599092878, -37.79321030807548 144.96656908334216, -37.793225745579626 144.96640094069608, -37.793234247382394 144.96623201608654, -37.793235788876494 144.96606276335035, -37.793230366194145 144.9658936368914, -37.793217994425156 144.96572509286474, -37.79319870569776 144.96555758241456, -37.7931725528992 144.96539155838548, -37.79313960679691 144.9652274651802)))"
com_clue_floor_use_block_2016.201,201,2016,Carlton,0,3552,0,0,0,0,0,1582,0,0,0,,0,0,4908,0,0,5710,0,16193,0,0,0,0,0,0,0,0,32835,0,0,0,0,0,0,,0,0,"MULTIPOLYGON (((-37.793187973911444 144.96673599092878, -37.79358115696123 144.96666272997817, -37.79550339158786 144.96633257702513, -37.793935782908186 144.9650903897668, -37.79313960679691 144.9652274651802, -37.7931725528992 144.96539155838548, -37.79319870569776 144.96555758241456, -37.793217994425156 144.96572509286474, -37.793230366194145 144.9658936368914, -37.793235788876494 144.96606276335035, -37.793234247382394 144.96623201608654, -37.793225745579626 144.96640094069608, -37.79321030807548 144.96656908334216, -37.793187973911444 144.96673599092878)))"
com_clue_floor_use_block_2016.211,211,2016,Carlton,0,826,0,0,0,0,0,0,0,0,,0,0,0,,0,0,,0,1178,0,0,0,0,0,0,0,0,7080,0,0,0,0,0,0,0,0,0,"MULTIPOLYGON (((-37.79374475581569 144.96813547650743, -37.79358115696123 144.96666272997817, -37.793187973911444 144.96673599092878, -37.79315399624128 144.96687935360282, -37.79311394070845 144.9670202026835, -37.79306792372948 144.96715812953124, -37.79301607985535 144.96729273182615, -37.79295855830543 144.9674236216131, -37.79289552643313 144.96755041725748, -37.79282716714116 144.9676727503302, -37.792753678920384 144.96779026787812, -37.792675274850936 144.96790262677357, -37.79259218364 144.9680095016352, -37.7925046441777 144.96811058270634, -37.79241291274308 144.9682055756572, -37.79231725497535 144.9682942063476, -37.79232630875226 144.96837776761947, -37.79374475581569 144.96813547650743)))"
com_clue_floor_use_block_2016.212,212,2016,Carlton,0,38118,0,,,,0,0,9016,0,1820,,0,0,10334,,0,33662,0,73135,0,,0,0,0,0,0,29735,207421.203125,0,0,4800,0,0,0,447,0,0,"MULTIPOLYGON (((-37.79374475581569 144.96813547650743, -37.79232630875226 144.96837776761947, -37.79226088336759 144.96839120778546, -37.79258078817077 144.97134864423617, -37.79446250266953 144.9710271767429, -37.79587318906376 144.96777189189507, -37.79374475581569 144.96813547650743)))"
com_clue_floor_use_block_2016.226,226,2016,Carlton,0,85,0,0,853,0,0,6819,0,0,0,0,0,0,0,0,0,1719,0,720,0,,0,0,0,0,0,0,10304.03027344,0,0,0,0,0,0,,0,0,"MULTIPOLYGON (((-37.79496833479058 144.97094076902846, -37.79521762223444 144.9733199303817, -37.7958910181505 144.97320573193923, -37.795632520480325 144.97082471983967, -37.79496833479058 144.97094076902846)))"
com_clue_floor_use_block_2016.229,229,2016,Carlton,0,,0,0,0,,0,8457,0,0,0,,0,0,,0,0,2590,0,1626,0,0,0,0,0,0,0,0,13082.38964844,0,0,0,0,0,0,0,0,0,"MULTIPOLYGON (((-37.79521762223444 144.9733199303817, -37.793638962311185 144.97359053058398, -37.79351789237845 144.97359309713497, -37.793481183117656 144.97376821050864, -37.793186112335476 144.97444348550644, -37.793213798872245 144.9747105963874, -37.79532546564851 144.97434019012786, -37.79521762223444 144.9733199303817)))"
com_clue_floor_use_block_2016.227,227,2016,Carlton,0,419,0,,,0,0,8725,0,0,,0,0,0,,0,239,2035,0,3141,0,0,0,0,0,0,0,0,15992.00976562,0,0,0,0,0,0,0,0,,"MULTIPOLYGON (((-37.79496833479058 144.97094076902846, -37.79462215344299 144.9709999016105, -37.79355108607854 144.97343475413743, -37.79351789237845 144.97359309713497, -37.793638962311185 144.97359053058398, -37.79521762223444 144.9733199303817, -37.79496833479058 144.97094076902846)))"
com_clue_floor_use_block_2016.228,228,2016,Carlton,0,736,,0,2778,0,0,8885,0,0,489,0,0,0,,0,0,7942,0,2170,0,0,0,0,0,0,,0,23856.11914062,0,0,0,0,,0,0,0,0,"MULTIPOLYGON (((-37.79446250266953 144.9710271767429, -37.79258078817077 144.97134864423617, -37.792833968945125 144.97368974125897, -37.793369589700035 144.97359624083262, -37.79351789237845 144.97359309713497, -37.79355108607854 144.97343475413743, -37.79462215344299 144.9709999016105, -37.79446250266953 144.9710271767429)))"
com_clue_floor_use_block_2016.230,230,2016,Carlton,0,1079,,0,,0,0,7141,0,0,354,,0,0,495,0,0,4150,0,3852,0,438,0,0,0,0,0,0,19603.7890625,0,0,0,0,0,0,0,0,,"MULTIPOLYGON (((-37.79351789237845 144.97359309713497, -37.793369589700035 144.97359624083262, -37.792833968945125 144.97368974125897, -37.79305336899531 144.9757188329826, -37.795430278875116 144.97531538640163, -37.79532546564851 144.97434019012786, -37.793213798872245 144.9747105963874, -37.793186112335476 144.97444348550644, -37.793481183117656 144.97376821050864, -37.79351789237845 144.97359309713497)))"
com_clue_floor_use_block_2016.232,232,2016,Carlton,0,0,0,,1203,0,0,4690,0,0,0,0,0,0,0,0,0,1964,0,,0,0,0,0,0,0,0,0,8417,0,0,0,0,0,0,,0,0,"MULTIPOLYGON (((-37.796680125485196 144.9741088911083, -37.79532546564851 144.97434019012786, -37.795430278875116 144.97531538640163, -37.79678834435379 144.97508486125906, -37.796680125485196 144.9741088911083)))"
com_clue_floor_use_block_2016.209,209,2016,Carlton,0,,0,0,0,0,0,,0,0,,0,0,0,0,0,,,0,0,0,0,0,0,0,0,0,0,2301.89990234,0,0,0,0,0,0,0,0,0,"MULTIPOLYGON (((-37.79586907819283 144.9666189935155, -37.79599133050698 144.96775171007104, -37.79707305587634 144.96756444154087, -37.79586907819283 144.9666189935155)))"
com_clue_floor_use_block_2016.210,210,2016,Carlton,0,5039,0,2550,,0,,4757,0,0,0,0,0,0,4485,0,0,10254,0,11423,0,0,0,0,0,0,0,0,40278.359375,0,0,0,0,0,0,0,0,0,"MULTIPOLYGON (((-37.79587318906376 144.96777189189507, -37.79599133050698 144.96775171007104, -37.79586907819283 144.9666189935155, -37.79550339158786 144.96633257702513, -37.79358115696123 144.96666272997817, -37.79374475581569 144.96813547650743, -37.79587318906376 144.96777189189507)))"
com_clue_floor_use_block_2016.225,225,2016,Carlton,0,324,0,0,,0,0,5578,0,0,,,0,0,0,0,0,1586,0,1530,0,,0,0,0,0,,0,10401.61035156,0,0,0,0,0,0,409,0,0,"MULTIPOLYGON (((-37.7965672550586 144.97309104918534, -37.79630824771747 144.97070665121774, -37.795632520480325 144.97082471983967, -37.7958910181505 144.97320573193923, -37.7965672550586 144.97309104918534)))"
com_clue_floor_use_block_2016.231,231,2016,Carlton,0,,0,,0,0,0,5506,0,0,0,0,0,0,0,0,0,1910,0,0,0,0,0,0,0,0,0,0,7855.93994141,0,0,0,0,0,0,0,0,0,"MULTIPOLYGON (((-37.796680125485196 144.9741088911083, -37.7965672550586 144.97309104918534, -37.7958910181505 144.97320573193923, -37.79521762223444 144.9733199303817, -37.79532546564851 144.97434019012786, -37.796680125485196 144.9741088911083)))"
com_clue_floor_use_block_2016.233,233,2016,Carlton,0,8959,0,0,0,,0,0,0,0,0,,0,0,6065,0,0,6889,0,33440,0,0,0,0,0,0,0,0,58260.19921875,0,0,0,0,0,0,0,0,0,"MULTIPOLYGON (((-37.796680125485196 144.9741088911083, -37.79678834435379 144.97508486125906, -37.797953255115395 144.97488711530244, -37.79773932520227 144.97288882832316, -37.7965672550586 144.97309104918534, -37.796680125485196 144.9741088911083)))"
com_clue_floor_use_block_2016.235,235,2016,Carlton,0,668,0,0,0,0,0,3289,0,0,,0,0,0,,0,0,1973,0,5010,0,0,0,0,0,0,0,0,11658.51953125,0,0,0,0,0,0,0,0,0,"MULTIPOLYGON (((-37.79925689592281 144.97264817916363, -37.79914207999632 144.97285054713802, -37.797996334620244 144.97487980257537, -37.79947048985736 144.974629551008, -37.79927336495854 144.97279784481543, -37.79925689592281 144.97264817916363)))"
com_clue_floor_use_block_2016.224,224,2016,Carlton,0,1902,0,0,720,0,0,8788,,0,1763,0,0,0,1632,0,0,4486,0,6684,0,1374,0,0,0,0,,338,29378.88085938,0,0,,0,824,0,207,0,0,"MULTIPOLYGON (((-37.797479016349335 144.97050331850932, -37.79630824771747 144.97070665121774, -37.7965672550586 144.97309104918534, -37.79773932520227 144.97288882832316, -37.797479016349335 144.97050331850932)))"
com_clue_floor_use_block_2016.213,213,2016,Carlton,0,935,0,,0,,0,0,0,0,3540,,0,0,0,0,,,0,0,0,0,0,0,0,0,0,0,26404.40039062,0,0,0,0,0,0,0,0,0,"MULTIPOLYGON (((-37.79599133050698 144.96775171007104, -37.79587318906376 144.96777189189507, -37.79446250266953 144.9710271767429, -37.79462215344299 144.9709999016105, -37.79496833479058 144.97094076902846, -37.795632520480325 144.97082471983967, -37.79630824771747 144.97070665121774, -37.79614900019248 144.96922697585157, -37.79599133050698 144.96775171007104)))"
com_clue_floor_use_block_2016.215,215,2016,Carlton,,1604,0,0,1143,0,,3798,0,0,527,0,0,0,,0,0,1227,0,4683,0,847,0,0,0,0,0,726,17161.25976562,0,0,0,0,0,0,,0,0,"MULTIPOLYGON (((-37.797321554788944 144.96902834132922, -37.79614900019248 144.96922697585157, -37.79630824771747 144.97070665121774, -37.797479016349335 144.97050331850932, -37.797321554788944 144.96902834132922)))"
com_clue_floor_use_block_2016.222,222,2016,Carlton,0,,,0,0,0,0,5765,0,0,,,0,0,,0,0,567,0,,0,0,,0,0,0,,0,12062.95996094,0,0,0,0,0,,0,0,0,"MULTIPOLYGON (((-37.7989943206356 144.97024013408088, -37.79805357808089 144.97040352939257, -37.79832030180334 144.97278751332826, -37.799254303183396 144.97262462028834, -37.7992352431919 144.97245140943463, -37.7990118337431 144.9704163196385, -37.7989943206356 144.97024013408088)))"
com_clue_floor_use_block_2016.221,221,2016,Carlton,,0,0,0,0,0,0,11731,0,0,0,0,0,0,,0,0,3101,0,0,0,0,0,0,0,0,0,0,15155.40039062,0,0,0,0,0,0,0,0,0,"MULTIPOLYGON (((-37.80045977854039 144.97241480701766, -37.80100361070945 144.97232014979522, -37.8007585260532 144.9699834471143, -37.79938279487846 144.97242627519572, -37.79927201057143 144.97262153873075, -37.79983708153445 144.97252318887422, -37.80045977854039 144.97241480701766)))"
com_clue_floor_use_block_2016.220,220,2016,Carlton,0,,0,0,0,0,0,9720,0,0,583,0,0,0,668,0,0,739,0,247,0,0,,0,0,0,,0,13583.3203125,0,0,0,0,0,,0,0,0,"MULTIPOLYGON (((-37.79927201057143 144.97262153873075, -37.79938279487846 144.97242627519572, -37.8007585260532 144.9699834471143, -37.80075409488777 144.96994120301292, -37.7989943206356 144.97024013408088, -37.7990118337431 144.9704163196385, -37.7992352431919 144.97245140943463, -37.799254303183396 144.97262462028834, -37.79927201057143 144.97262153873075)))"
com_clue_floor_use_block_2016.216,216,2016,Carlton,0,1652,0,0,664,0,0,3504,0,0,1060,0,0,0,1790,,,3898,0,7794,0,2176,0,0,0,0,547,0,24577.26953125,0,0,0,0,0,0,1237,0,0,"MULTIPOLYGON (((-37.79805357808089 144.97040352939257, -37.7989943206356 144.97024013408088, -37.798851016126555 144.96892893182624, -37.7988334842394 144.96875847381483, -37.797321554788944 144.96902834132922, -37.797479016349335 144.97050331850932, -37.79805357808089 144.97040352939257)))"
com_clue_floor_use_block_2016.214,214,2016,Carlton,423,926,0,0,,0,274,5884,0,0,1428,0,0,0,528,0,0,2138,0,2169,0,1219,0,0,0,0,0,0,15449.41992188,0,0,0,0,0,0,,0,0,"MULTIPOLYGON (((-37.797321554788944 144.96902834132922, -37.797162518054584 144.9675489540784, -37.79707305587634 144.96756444154087, -37.79599133050698 144.96775171007104, -37.79614900019248 144.96922697585157, -37.797321554788944 144.96902834132922)))"
com_clue_floor_use_block_2016.219,219,2016,Carlton,487,3087,0,921,,0,,10659,0,0,,0,0,0,2407,0,0,3413,0,13731,0,0,0,0,0,0,0,,35796.83984375,0,0,0,0,0,0,,0,0,"MULTIPOLYGON (((-37.80107173204976 144.96988859341806, -37.80090281602228 144.9684085916356, -37.7988334842394 144.96875847381483, -37.798851016126555 144.96892893182624, -37.7989943206356 144.97024013408088, -37.80075409488777 144.96994120301292, -37.80107173204976 144.96988859341806)))"
com_clue_floor_use_block_2016.249,249,2016,Carlton,0,0,,0,0,0,0,,0,0,0,,0,0,0,0,0,0,0,0,0,0,0,0,,0,0,0,71169.203125,0,0,0,0,0,0,0,0,0,"MULTIPOLYGON (((-37.80281481861143 144.96959165753347, -37.80107173204976 144.96988859341806, -37.80075409488777 144.96994120301292, -37.8007585260532 144.9699834471143, -37.80100361070945 144.97232014979522, -37.80121473611049 144.97433343324667, -37.803178307945274 144.9740000630445, -37.80309771213179 144.97300933211358, -37.80262200799718 144.97216691572805, -37.802590916259405 144.97210452534782, -37.80256571715803 144.97203804520686, -37.80254674490011 144.97196835773065, -37.80253424876791 144.97189638514413, -37.80252839656583 144.97182308029247, -37.80252926445824 144.97174941215508, -37.80253684135596 144.9716763589125, -37.80255102672391 144.97160488529207, -37.80257163230417 144.97153593797918, -37.80284777125654 144.97075195403352, -37.80285786675484 144.97070162188103, -37.80284624857834 144.9705864601141, -37.80290386818145 144.97041746173906, -37.80281481861143 144.96959165753347)))"
com_clue_floor_use_block_2016.250,250,2016,Carlton,0,9356,0,0,3986,0,0,0,0,0,1801,0,,0,,0,,,37815,0,0,0,0,0,0,0,0,0,138549.015625,0,0,0,0,0,0,0,0,0,"MULTIPOLYGON (((-37.80281481861143 144.96959165753347, -37.80290386818145 144.97041746173906, -37.80284624857834 144.9705864601141, -37.80285786675484 144.97070162188103, -37.80284777125654 144.97075195403352, -37.80257163230417 144.97153593797918, -37.80255102672391 144.97160488529207, -37.80253684135596 144.9716763589125, -37.80252926445824 144.97174941215508, -37.80252839656583 144.97182308029247, -37.80253424876791 144.97189638514413, -37.80254674490011 144.97196835773065, -37.80256571715803 144.97203804520686, -37.802590916259405 144.97210452534782, -37.80262200799718 144.97216691572805, -37.80309771213179 144.97300933211358, -37.803178307945274 144.9740000630445, -37.80543938773374 144.97361615648597, -37.80497291307214 144.96922285006633, -37.80314253913959 144.9695358290136, -37.80281481861143 144.96959165753347)))"
com_clue_floor_use_block_2016.248,248,2016,Carlton,1771,2624,0,,,0,0,4535,0,0,2658,0,0,0,0,0,,9865,0,2986,0,0,0,0,0,0,0,6058,34508.6015625,0,0,0,0,,0,,0,0,"MULTIPOLYGON (((-37.80297879707347 144.9680534621789, -37.80090281602228 144.9684085916356, -37.80107173204976 144.96988859341806, -37.80281481861143 144.96959165753347, -37.80314253913959 144.9695358290136, -37.80297879707347 144.9680534621789)))"
com_clue_floor_use_block_2016.218,218,2016,Carlton,5580,4833,0,,4106,0,555,3085,0,0,6580,0,,0,2801,0,0,3274,0,655,0,1932,0,0,0,0,788,0,44081.7109375,0,0,0,0,,0,1571,0,,"MULTIPOLYGON (((-37.80074057014782 144.96692969513975, -37.79867509792029 144.96728330731855, -37.7988334842394 144.96875847381483, -37.80090281602228 144.9684085916356, -37.80074057014782 144.96692969513975)))"
com_clue_floor_use_block_2016.206,206,2016,Carlton,0,4600,0,0,2278,0,0,3219,0,0,954,0,14660,0,,0,0,3454,0,6250,0,3268,0,0,0,0,1711,1102,43883.05078125,0,0,0,0,0,0,2271,0,,"MULTIPOLYGON (((-37.80074057014782 144.96692969513975, -37.800581580195384 144.96545040831705, -37.7985111296808 144.96580231995912, -37.79867509792029 144.96728330731855, -37.80074057014782 144.96692969513975)))"
com_clue_floor_use_block_2016.246,246,2016,Carlton,0,2304,0,0,2806,0,,2709,0,0,2327,0,0,0,1051,,0,1458,0,5543,0,1153,0,0,0,0,333,,21366.43945312,0,0,0,0,0,0,649,0,0,"MULTIPOLYGON (((-37.80193578811912 144.9652158958823, -37.800581580195384 144.96545040831705, -37.80074057014782 144.96692969513975, -37.80209851409679 144.9666910144541, -37.80193578811912 144.9652158958823)))"
com_clue_floor_use_block_2016.247,247,2016,Carlton,2604,6235,0,1761,4991,,1432,4405,0,0,13224,0,8708,0,2130,0,0,5556,0,,0,1752,0,0,0,0,232,0,56726.69140625,0,0,0,0,,0,2456,0,0,"MULTIPOLYGON (((-37.80209851409679 144.9666910144541, -37.80074057014782 144.96692969513975, -37.80090281602228 144.9684085916356, -37.80297879707347 144.9680534621789, -37.802814872667305 144.96656907646434, -37.80209851409679 144.9666910144541)))"
com_clue_floor_use_block_2016.253,253,2016,Carlton,0,0,0,0,0,0,0,0,0,0,0,,0,0,0,0,0,0,0,0,0,0,0,0,0,0,0,0,13299,0,0,0,0,0,0,0,0,0,"MULTIPOLYGON (((-37.802659394349014 144.96509058307615, -37.80193578811912 144.9652158958823, -37.80209851409679 144.9666910144541, -37.802814872667305 144.96656907646434, -37.803541125644706 144.96644545147734, -37.803383151080155 144.96496559728624, -37.802659394349014 144.96509058307615)))"
com_clue_floor_use_block_2016.205,205,2016,Carlton,0,12805,,8034,622,,8498,0,0,0,6024,0,0,0,10268,0,0,6465,0,0,0,,0,0,0,0,0,6130,87771,0,0,0,0,25844,0,,0,0,"MULTIPOLYGON (((-37.80042189273267 144.96396984804338, -37.798351328136604 144.96432775652076, -37.7985111296808 144.96580231995912, -37.800581580195384 144.96545040831705, -37.80042189273267 144.96396984804338)))"
com_clue_floor_use_block_2016.243,243,2016,Carlton,3314,5366,0,3287,2804,0,3077,253,0,0,6667,0,0,0,4106,,0,1514,0,0,0,,0,0,0,0,0,1393,32900.3515625,0,0,0,0,,0,,0,,"MULTIPOLYGON (((-37.80161644444576 144.96226854713595, -37.80026232922786 144.9625054423259, -37.80042189273267 144.96396984804338, -37.801779047283084 144.96374259708375, -37.80161644444576 144.96226854713595)))"
com_clue_floor_use_block_2016.245,245,2016,Carlton,0,17240,0,555,1747,0,0,640,0,0,4289,0,0,0,12211,0,0,6656,0,38065,0,2003,0,0,0,0,0,1012,85632.2890625,0,0,0,0,0,0,1215,0,0,"MULTIPOLYGON (((-37.801779047283084 144.96374259708375, -37.80042189273267 144.96396984804338, -37.800581580195384 144.96545040831705, -37.80193578811912 144.9652158958823, -37.802659394349014 144.96509058307615, -37.80249964168002 144.96361956658316, -37.801779047283084 144.96374259708375)))"
com_clue_floor_use_block_2016.244,244,2016,Carlton,0,0,,0,0,0,0,0,0,0,0,,0,0,0,0,0,0,0,0,0,0,0,0,0,0,0,0,13264,0,0,0,0,0,0,0,0,0,"MULTIPOLYGON (((-37.80305720736943 144.96201584333943, -37.80233353953021 144.96214363284122, -37.80161644444576 144.96226854713595, -37.801779047283084 144.96374259708375, -37.80249964168002 144.96361956658316, -37.80322027713298 144.9634965265608, -37.80305720736943 144.96201584333943)))"
com_clue_floor_use_block_2016.242,242,2016,Carlton,0,2859,0,23793,,0,0,0,0,0,3214,0,0,0,3637,0,0,1875,0,0,0,0,0,0,0,0,0,4003,44676.62890625,0,0,0,0,0,0,1846,0,,"MULTIPOLYGON (((-37.8021726017355 144.96066021333792, -37.800913622242334 144.96088696755095, -37.80092287460639 144.9609707591585, -37.800110234737055 144.96111625939503, -37.80026232922786 144.9625054423259, -37.80161644444576 144.96226854713595, -37.80233353953021 144.96214363284122, -37.8021726017355 144.96066021333792)))"
com_clue_floor_use_block_2016.241,241,2016,Carlton,0,,0,0,0,0,0,0,0,0,0,,2763,0,0,0,0,0,0,0,0,0,0,0,0,0,0,0,18887,0,0,0,0,0,0,0,0,0,"MULTIPOLYGON (((-37.80204943107426 144.95953137975488, -37.80078893534921 144.95975781503154, -37.800779537792785 144.9596727148223, -37.79996937354694 144.95981744301912, -37.800110234737055 144.96111625939503, -37.80092287460639 144.9609707591585, -37.800913622242334 144.96088696755095, -37.8021726017355 144.96066021333792, -37.80204943107426 144.95953137975488)))"
com_clue_floor_use_block_2016.258,258,2016,Carlton,0,6386,0,18766,,1020,0,664,0,0,1883,0,0,0,2553,0,,799,0,3571,0,,0,0,0,0,0,5404,43197.5390625,0,0,0,0,0,0,0,0,,"MULTIPOLYGON (((-37.804239621171114 144.9603010204764, -37.80239442893529 144.95946940315378, -37.80204943107426 144.95953137975488, -37.8021726017355 144.96066021333792, -37.804239621171114 144.9603010204764)))"
com_clue_floor_use_block_2016.240,240,2016,Carlton,0,8952,0,47248,617,3848,,,0,0,10372,0,0,0,,,0,3482,0,,0,,0,0,0,0,0,,77505.7890625,0,0,0,0,0,0,0,0,0,"MULTIPOLYGON (((-37.80204943107426 144.95953137975488, -37.80193501046808 144.95851038557376, -37.80179615939937 144.95848421251205, -37.79985967851019 144.95882622432111, -37.79996937354694 144.95981744301912, -37.800779537792785 144.9596727148223, -37.80078893534921 144.95975781503154, -37.80204943107426 144.95953137975488)))"
com_clue_floor_use_block_2016.361,361,2016,North Melbourne,,3834,0,0,740,0,0,422,0,0,2917,0,0,0,3865,0,0,187,0,8183,0,358,0,0,0,0,404,3067,25133.72070312,0,0,0,0,,0,869,0,0,"MULTIPOLYGON (((-37.80600550455026 144.95711196687486, -37.80506183496475 144.95728104211292, -37.80399635200574 144.9574719366548, -37.80615506387246 144.9584594189577, -37.80600550455026 144.95711196687486)))"
com_clue_floor_use_block_2016.364,364,2016,North Melbourne,0,1036,0,0,,0,0,770,0,0,1012,0,0,0,,0,0,297,0,3773,0,,0,0,0,0,0,0,9671.73046875,0,0,0,0,0,0,893,0,0,"MULTIPOLYGON (((-37.80216037615258 144.9566347823836, -37.80392141943632 144.95743766052385, -37.80379971971425 144.95635066947077, -37.80216037615258 144.9566347823836)))"
com_clue_floor_use_block_2016.365,365,2016,North Melbourne,0,786,0,0,0,0,0,2947,0,0,1761,,0,0,1092,0,0,189,0,1810,0,0,,0,0,0,0,0,11051.45996094,0,0,0,0,0,,0,0,0,"MULTIPOLYGON (((-37.80177720092871 144.95670118819913, -37.80216037615258 144.9566347823836, -37.80379971971425 144.95635066947077, -37.80370948009039 144.95553602165094, -37.803289243247654 144.95560612827947, -37.80291831630542 144.95514226761443, -37.80255252234053 144.95560689068992, -37.80177720092871 144.95670118819913)))"
com_clue_floor_use_block_2016.359,359,2016,North Melbourne,0,2672,0,,,,0,2091,0,0,2315,0,0,0,,0,0,1196,0,4983,0,,,0,0,0,,0,17148.4296875,0,0,240,0,0,0,1379,0,0,"MULTIPOLYGON (((-37.80379971971425 144.95635066947077, -37.80392141943632 144.95743766052385, -37.80399635200574 144.9574719366548, -37.80506183496475 144.95728104211292, -37.80493444132419 144.95614812463373, -37.80379971971425 144.95635066947077)))"
com_clue_floor_use_block_2016.360,360,2016,North Melbourne,0,429,0,,1663,0,0,802,0,0,448,0,0,0,,0,0,139,0,1919,0,846,0,0,0,0,,0,8677.73046875,0,0,0,0,0,0,739,,,"MULTIPOLYGON (((-37.80600550455026 144.95711196687486, -37.80587978202992 144.95597937885847, -37.80493444132419 144.95614812463373, -37.80506183496475 144.95728104211292, -37.80600550455026 144.95711196687486)))"
com_clue_floor_use_block_2016.923,923,2016,Parkville,0,,0,0,0,0,0,6164,0,0,0,0,0,0,,0,,1476,0,,0,0,0,0,0,0,0,0,8510.34960938,0,0,0,0,0,0,0,0,0,"MULTIPOLYGON (((-37.79279579833498 144.95708551954405, -37.793573312461376 144.9563885898647, -37.794102351608544 144.9559176215844, -37.7935286881838 144.95506090072433, -37.79296795663725 144.95585418426245, -37.7927421175786 144.95672307183605, -37.79279579833498 144.95708551954405)))"
com_clue_floor_use_block_2016.912,912,2016,Parkville,0,0,0,0,0,0,0,3529,0,0,0,0,0,0,0,0,0,1334,0,0,0,0,0,0,0,0,0,0,4863.45019531,0,0,0,0,0,0,0,0,0,"MULTIPOLYGON (((-37.794343470726034 144.95592292136396, -37.79432760947991 144.95571708764945, -37.794102351608544 144.9559176215844, -37.793573312461376 144.9563885898647, -37.79362410952046 144.95704021466366, -37.79442193402168 144.95694126465446, -37.794343470726034 144.95592292136396)))"
com_clue_floor_use_block_2016.914,914,2016,Parkville,,90,0,,0,0,0,5664,0,0,0,0,0,0,0,0,0,2719,0,,0,,0,0,0,0,,0,9733.16992188,0,0,0,0,0,0,0,0,0,"MULTIPOLYGON (((-37.79567302385032 144.95678784402816, -37.79555213251892 144.95577552308558, -37.794343470726034 144.95592292136396, -37.79442193402168 144.95694126465446, -37.79567302385032 144.95678784402816)))"
com_clue_floor_use_block_2016.911,911,2016,Parkville,0,,0,0,0,0,0,4477,0,0,,0,0,0,0,0,0,1292,0,0,0,0,0,0,0,0,0,0,6127.87011719,0,0,0,0,0,0,0,0,0,"MULTIPOLYGON (((-37.794518576918406 144.95818928306733, -37.79442193402168 144.95694126465446, -37.79362410952046 144.95704021466366, -37.793721273462026 144.95828675187792, -37.794518576918406 144.95818928306733)))"
com_clue_floor_use_block_2016.915,915,2016,Parkville,,236,0,0,,0,,6313,0,0,0,,0,0,0,0,0,1946,0,434,0,339,0,0,0,0,0,0,10292.29003906,0,0,0,0,0,0,0,0,0,"MULTIPOLYGON (((-37.79581476350605 144.9580308199151, -37.79567302385032 144.95678784402816, -37.79442193402168 144.95694126465446, -37.794518576918406 144.95818928306733, -37.79581476350605 144.9580308199151)))"
com_clue_floor_use_block_2016.378,378,2016,North Melbourne,0,4288,0,0,,0,0,1445,0,0,3682,0,0,0,5152,,0,5943,0,15138,0,,0,0,0,0,,6266,68406.2890625,0,0,21843,0,0,0,312,0,,"MULTIPOLYGON (((-37.79851732401111 144.95358332962442, -37.79882133212511 144.95395871004837, -37.800390479860376 144.95197335239774, -37.80022835848462 144.95177149227456, -37.800070090113316 144.95157444541195, -37.800026233514615 144.95151984289845, -37.799603801820915 144.95099391945027, -37.79949005950079 144.95098711268162, -37.79796811412633 144.9529051981888, -37.79851732401111 144.95358332962442)))"
com_clue_floor_use_block_2016.271,271,2016,Parkville,0,11266,0,0,,0,0,0,0,0,6498,0,0,0,,0,0,116765,0,0,0,0,0,0,0,0,0,96960,232622.015625,0,0,0,0,0,0,0,0,0,"MULTIPOLYGON (((-37.791861724846385 144.96160329655984, -37.79186486924328 144.9617719585698, -37.79187506825777 144.96194017690783, -37.79189229486564 144.96210748335955, -37.79191650044689 144.9622734114385, -37.79194761754676 144.96243749971612, -37.79198555987578 144.9625992918212, -37.79203022140871 144.96275833646408, -37.79208147826457 144.96291419192693, -37.79213918684594 144.96306642270739, -37.79220318757928 144.96321460736468, -37.792273302074996 144.96335833064805, -37.7923841455784 144.96352532082088, -37.79248996638424 144.96369740748503, -37.79259061883284 144.96387435047043, -37.792685959869374 144.96405590385265, -37.79277585891303 144.96424181341084, -37.7928601907296 144.96443182136608, -37.792938836293125 144.9646256640864, -37.793011687230965 144.96482306855853, -37.793078642397504 144.9650237627023, -37.79313960679691 144.9652274651802, -37.793935782908186 144.9650903897668, -37.79562609631925 144.96479936283146, -37.796645724050705 144.96462380197912, -37.79642655340278 144.9626450629003, -37.7946108601786 144.96295627638415, -37.794383707522194 144.96294956618038, -37.79430168243163 144.96293128915605, -37.794221103891594 144.96290468566804, -37.794142503936406 144.96286993191507, -37.794066400189244 144.96282725672813, -37.79399329496163 144.96277694159465, -37.79392367071067 144.96271931851126, -37.793857985476684 144.9626547667017, -37.79379667288352 144.9625837126164, -37.79374013663627 144.96250662440528, -37.793688749581555 144.96242400967216, -37.793642850986004 144.9623364144138, -37.79360274279625 144.9622444151738, -37.79356869052023 144.9621486178827, -37.7935409177839 144.96204965573682, -37.79351960707504 144.96194818009386, -37.79350490064427 144.96184486044817, -37.79349689408219 144.96174037779477, -37.79349564076431 144.961635421101, -37.7935011490704 144.9615306828414, -37.79351338226653 144.96142685218817, -37.79353225940588 144.96132461498712, -37.793557656972965 144.96122464462871, -37.79358940704269 144.96112759982788, -37.793627299923465 144.96103412114564, -37.79367108676095 144.9609448252397, -37.793720477638004 144.96086029923944, -37.79377514701825 144.96078110286766, -37.793834736231595 144.9607077558808, -37.79389884994976 144.96064074270848, -37.79396706777748 144.96058050532085, -37.79403893792738 144.960527442267, -37.79411398789094 144.9604819004315, -37.79441720111956 144.96038236377845, -37.79618155565735 144.96016302258656, -37.79595036731915 144.9580142415023, -37.79581476350605 144.9580308199151, -37.794518576918406 144.95818928306733, -37.793721273462026 144.95828675187792, -37.79315948108591 144.95835542895884, -37.7923650232894 144.959701159265, -37.79228730635736 144.95984003945685, -37.7922155543778 144.95998392684442, -37.79214997114883 144.96013241383855, -37.792090740476716 144.96028508318483, -37.792038029661235 144.9604415010537, -37.79199198969242 144.9606012283906, -37.79195274786783 144.96076381089807, -37.79192041703612 144.96092879240842, -37.79189508731349 144.96109570489017, -37.791876831645524 144.96126407737967, -37.7918657003635 144.96143343385864, -37.791861724846385 144.96160329655984)))"
com_clue_floor_use_block_2016.913,913,2016,Parkville,0,,0,0,,0,0,3259,0,0,0,0,0,0,0,0,0,447,0,,0,0,0,0,0,0,0,0,3970.0300293,0,0,0,0,0,0,0,0,0,"MULTIPOLYGON (((-37.79552248776036 144.95552729488537, -37.795451627857645 144.95492250755848, -37.79538056977737 144.9547758949441, -37.79432760947991 144.95571708764945, -37.794343470726034 144.95592292136396, -37.79555213251892 144.95577552308558, -37.79552248776036 144.95552729488537)))"
com_clue_floor_use_block_2016.916,916,2016,Parkville,0,344,0,1523,0,0,0,4260,0,0,,0,0,0,,0,0,2807,0,382,0,0,0,0,0,0,0,0,9954.09960938,0,0,0,0,0,0,0,0,0,"MULTIPOLYGON (((-37.79711299618717 144.95787209962188, -37.79696279943847 144.95663081750754, -37.79567302385032 144.95678784402816, -37.79581476350605 144.9580308199151, -37.79595036731915 144.9580142415023, -37.79711299618717 144.95787209962188)))"
com_clue_floor_use_block_2016.917,917,2016,Parkville,0,,0,0,0,0,0,8815,0,0,0,0,0,0,,0,0,3264,0,700,0,0,0,0,0,0,0,0,12914.45019531,0,0,0,0,0,0,0,0,0,"MULTIPOLYGON (((-37.79680998896353 144.95536805300435, -37.79552248776036 144.95552729488537, -37.79555213251892 144.95577552308558, -37.79567302385032 144.95678784402816, -37.79696279943847 144.95663081750754, -37.79680998896353 144.95536805300435)))"
com_clue_floor_use_block_2016.918,918,2016,Parkville,0,,0,0,0,0,0,7425,0,0,0,0,0,0,,0,0,2972,0,1006,0,0,0,0,0,0,0,0,11685.63964844,0,0,0,0,0,0,0,0,0,"MULTIPOLYGON (((-37.79538056977737 144.9547758949441, -37.795451627857645 144.95492250755848, -37.79552248776036 144.95552729488537, -37.79680998896353 144.95536805300435, -37.79660596260636 144.95368223939565, -37.79538056977737 144.9547758949441)))"
com_clue_floor_use_block_2016.921,921,2016,Parkville,0,6388,0,44125,,,0,0,0,0,1793,0,0,0,,0,0,,0,0,0,0,0,0,0,0,0,0,81530,0,0,,0,0,0,0,0,0,"MULTIPOLYGON (((-37.79696279943847 144.95663081750754, -37.79711299618717 144.95787209962188, -37.7980812439103 144.95775409860755, -37.79772055464156 144.95458678317436, -37.79851732401111 144.95358332962442, -37.79796811412633 144.9529051981888, -37.79776298121887 144.952651917817, -37.79660596260636 144.95368223939565, -37.79680998896353 144.95536805300435, -37.79696279943847 144.95663081750754)))"
com_clue_floor_use_block_2016.270,270,2016,Parkville,0,89269,0,205252,11689,13068,0,,0,0,13863,0,10188,0,,0,1009,,5534,0,0,2005,0,,,0,3277,0,591215.9375,0,0,15030,0,0,0,,0,0,"MULTIPOLYGON (((-37.79595036731915 144.9580142415023, -37.79618155565735 144.96016302258656, -37.79441720111956 144.96038236377845, -37.79411398789094 144.9604819004315, -37.79403893792738 144.960527442267, -37.79396706777748 144.96058050532085, -37.79389884994976 144.96064074270848, -37.793834736231595 144.9607077558808, -37.79377514701825 144.96078110286766, -37.793720477638004 144.96086029923944, -37.79367108676095 144.9609448252397, -37.793627299923465 144.96103412114564, -37.79358940704269 144.96112759982788, -37.793557656972965 144.96122464462871, -37.79353225940588 144.96132461498712, -37.79351338226653 144.96142685218817, -37.7935011490704 144.9615306828414, -37.79349564076431 144.961635421101, -37.79349689408219 144.96174037779477, -37.79350490064427 144.96184486044817, -37.79351960707504 144.96194818009386, -37.7935409177839 144.96204965573682, -37.79356869052023 144.9621486178827, -37.79360274279625 144.9622444151738, -37.793642850986004 144.9623364144138, -37.793688749581555 144.96242400967216, -37.79374013663627 144.96250662440528, -37.79379667288352 144.9625837126164, -37.793857985476684 144.9626547667017, -37.79392367071067 144.96271931851126, -37.79399329496163 144.96277694159465, -37.794066400189244 144.96282725672813, -37.794142503936406 144.96286993191507, -37.794221103891594 144.96290468566804, -37.79430168243163 144.96293128915605, -37.794383707522194 144.96294956618038, -37.7946108601786 144.96295627638415, -37.79642655340278 144.9626450629003, -37.796645724050705 144.96462380197912, -37.79683934310964 144.96459043049285, -37.798351328136604 144.96432775652076, -37.80042189273267 144.96396984804338, -37.80026232922786 144.9625054423259, -37.800110234737055 144.96111625939503, -37.79996937354694 144.95981744301912, -37.79985967851019 144.95882622432111, -37.799718541040654 144.95755455036354, -37.7980812439103 144.95775409860755, -37.79711299618717 144.95787209962188, -37.79595036731915 144.9580142415023)))"
com_clue_floor_use_block_2016.366,366,2016,North Melbourne,2033,603,0,0,,0,0,1733,0,0,0,0,0,0,,0,0,1260,0,0,0,,0,0,0,0,0,0,24252.40039062,0,0,17190,0,0,0,0,0,0,"MULTIPOLYGON (((-37.80354515711185 144.9540546353068, -37.802237128587386 144.95429043128055, -37.80291831630542 144.95514226761443, -37.803289243247654 144.95560612827947, -37.80370948009039 144.95553602165094, -37.80354515711185 144.9540546353068)))"
com_clue_floor_use_block_2016.375,375,2016,North Melbourne,,12787,0,0,1163,0,,910,0,0,4204,0,10454,0,12781,0,0,3148,0,6846,0,0,0,0,0,0,0,10372,67922.8125,0,0,0,0,,0,4095,0,0,"MULTIPOLYGON (((-37.802237128587386 144.95429043128055, -37.80207782609795 144.95409099226723, -37.80052197582931 144.95605869104156, -37.801128715353926 144.95680793570804, -37.80177720092871 144.95670118819913, -37.80255252234053 144.95560689068992, -37.80291831630542 144.95514226761443, -37.802237128587386 144.95429043128055)))"
com_clue_floor_use_block_2016.367,367,2016,North Melbourne,0,2241,0,,0,0,0,1114,0,0,0,0,0,0,4375,0,,6123,0,13341,0,0,0,0,0,0,0,1145,29880.7109375,0,0,0,0,0,,0,0,0,"MULTIPOLYGON (((-37.801231845772456 144.95303189189886, -37.80207782609795 144.95409099226723, -37.802237128587386 144.95429043128055, -37.80354515711185 144.9540546353068, -37.803379426881 144.95257708709292, -37.80135307625444 144.95294079014664, -37.801231845772456 144.95303189189886)))"
com_clue_floor_use_block_2016.369,369,2016,North Melbourne,0,1196,0,0,792,0,,2033,0,0,1278,0,0,0,1604,0,0,1088,0,6091,0,409,0,0,0,0,483,0,15878.91015625,0,0,0,,,0,217,0,0,"MULTIPOLYGON (((-37.80210750162903 144.94979273056356, -37.80226801762436 144.9512684928877, -37.80321686167589 144.95110065885973, -37.80305163739158 144.94962608391756, -37.80210750162903 144.94979273056356)))"
com_clue_floor_use_block_2016.368,368,2016,North Melbourne,3925,6206,0,0,,0,0,9041,0,,490,0,0,0,4678,0,,3334,0,15776,0,0,0,0,0,0,0,0,45508.390625,0,0,0,0,0,0,0,0,,"MULTIPOLYGON (((-37.801231845772456 144.95303189189886, -37.80135307625444 144.95294079014664, -37.803379426881 144.95257708709292, -37.80321686167589 144.95110065885973, -37.80226801762436 144.9512684928877, -37.80113478939962 144.95147075070284, -37.80124755779543 144.95247086072683, -37.801231845772456 144.95303189189886)))"
com_clue_floor_use_block_2016.931,931,2016,Parkville,0,55489,,,12472,5289,108891,861,4278,0,2721,,46272,0,0,0,0,,0,0,0,2095,0,0,593971,0,0,0,2120803.25,,0,0,0,0,0,1692,0,0,"MULTIPOLYGON (((-37.7935286881838 144.95506090072433, -37.79531511003698 144.95280093580834, -37.79420879601672 144.95139758125617, -37.79404005153417 144.95160429714906, -37.79384465163524 144.95134917006297, -37.79401156518645 144.9511461206079, -37.793938759896776 144.9510538608103, -37.79374863805149 144.95129211091975, -37.79370197312547 144.95123242352858, -37.79332697597646 144.95166722830857, -37.79297212320747 144.95130856171377, -37.792361274998896 144.95080975767513, -37.79178152974639 144.9504064895814, -37.79142267876574 144.9493305552092, -37.7917936190446 144.9490673779704, -37.79250377914338 144.94852918642795, -37.793132058599454 144.9478897925491, -37.793541507002296 144.9473722026332, -37.79347872804157 144.9472935435854, -37.79210757519655 144.945573101245, -37.79034279894942 144.9433589426633, -37.79029461515793 144.9432984795418, -37.78955080771569 144.94236512682895, -37.78839783418324 144.9431901998653, -37.78838240649871 144.94333229055502, -37.787848837788395 144.94371363325857, -37.78729151696978 144.94318542724693, -37.78718068242834 144.94308038338772, -37.78694792166022 144.94285978604267, -37.786823898793806 144.94273512482712, -37.786628712217954 144.94261534355684, -37.78643352555236 144.9424955640339, -37.78635806458778 144.9424276252523, -37.786412673567405 144.9423293826911, -37.786263741396674 144.94219124641174, -37.78551818930171 144.94188981648188, -37.7855284969422 144.94178064372008, -37.78431635351696 144.94159895772046, -37.78344577513267 144.94069203673553, -37.783669885717806 144.94024669617704, -37.783814119488895 144.94013516202463, -37.78386248669192 144.93938646167416, -37.78365407140669 144.93931856399115, -37.78272151908441 144.93919580648748, -37.78238847408292 144.93913179685535, -37.78177151104804 144.9399428546857, -37.78174305488694 144.94005091934773, -37.78178372188766 144.94097352273693, -37.78169180188931 144.9410154361704, -37.78168437717816 144.9412512457062, -37.78182151317288 144.94140877136277, -37.78211502188287 144.9417756440842, -37.78182026170443 144.94201682160397, -37.781637036433914 144.9426242794095, -37.78163586870977 144.94373781633718, -37.7816578057373 144.94462205994202, -37.78158192188257 144.94539804836904, -37.78153989438812 144.9458277952248, -37.78059542574737 144.94690837851928, -37.779810763522 144.94736290903532, -37.77932411314267 144.94792489456563, -37.77936516492319 144.94825500251287, -37.77977981191113 144.94770548460662, -37.78008317282673 144.94751976826248, -37.78045000846393 144.94742980129533, -37.78086389129434 144.94715758811006, -37.78137294442767 144.9463749375775, -37.78175764807194 144.94588599508813, -37.78186740576439 144.94631288675976, -37.781911960434705 144.94687871571261, -37.782081523310424 144.94733189179445, -37.781412430697905 144.94857383410368, -37.77942193480358 144.94895824114766, -37.77942236257194 144.9489594146919, -37.77941027854502 144.94896168459712, -37.77675065086593 144.94946132487888, -37.77675072868331 144.9494619642125, -37.777478489901235 144.95559647559813, -37.77800399063511 144.95990469943422, -37.77850855101857 144.95938168386007, -37.77888704646802 144.9589955945167, -37.77904126284742 144.95885030326696, -37.779198522698714 144.9587102856684, -37.77935871337658 144.9585756447514, -37.77952171759409 144.95844647572923, -37.77968741896483 144.95832287379338, -37.77985569646061 144.95820492631802, -37.780044681140126 144.9580811571078, -37.780236502784454 144.95796452025112, -37.78043099198514 144.95785511923333, -37.780613203829 144.95776294621794, -37.78079765481678 144.95767814137056, -37.78098415898722 144.95760078933705, -37.781172525756176 144.95753096808076, -37.78136256355886 144.95746875105317, -37.781554079731734 144.95741420038405, -37.781969570337225 144.957322384193, -37.78453303130468 144.9569631096278, -37.784868041264154 144.956939748917, -37.785203319610105 144.95692360118247, -37.785538767265905 144.9569146692503, -37.78587428787566 144.95691295700766, -37.78620978140035 144.9569184639012, -37.786545152323114 144.9569311903887, -37.78688030142434 144.9569511313523, -37.787215132185324 144.95697828159953, -37.78754954532477 144.95701263260702, -37.78965790883486 144.95733417313892, -37.790942830790854 144.95753014162952, -37.79104517457789 144.9575601066198, -37.791312338050844 144.95792452151557, -37.79171686638038 144.95853177597164, -37.79257312765168 144.95842710664954, -37.792526321708635 144.95782371744065, -37.79258956848809 144.9574983769884, -37.79279579833498 144.95708551954405, -37.7927421175786 144.95672307183605, -37.79296795663725 144.95585418426245, -37.7935286881838 144.95506090072433)))"
com_clue_floor_use_block_2016.351,351,2016,North Melbourne,0,0,0,0,0,0,0,5324,0,0,0,0,0,0,0,0,0,,0,0,0,0,0,0,0,0,0,0,6345.08984375,0,0,0,0,0,0,0,0,,"MULTIPOLYGON (((-37.79884165915795 144.94968390881522, -37.79837119423829 144.94898776110958, -37.7983707498924 144.94898832648704, -37.79754265377838 144.95004162618022, -37.79785738586682 144.95043562837105, -37.79850939795548 144.9503198695628, -37.798660418236544 144.9502925480693, -37.79895508152014 144.95023923867907, -37.79888145254763 144.95004249434533, -37.79884165915795 144.94968390881522)))"
com_clue_floor_use_block_2016.349,349,2016,North Melbourne,0,129,0,0,0,0,0,4421,0,0,,0,0,0,,0,0,1674,0,822,0,0,0,0,0,0,0,0,7507.70019531,0,0,0,0,0,,0,0,0,"MULTIPOLYGON (((-37.79943353797046 144.94875279650296, -37.79944268798448 144.94891325989352, -37.79944571351319 144.94907409262208, -37.799442608990404 144.94923492342318, -37.799433381442604 144.9493953795471, -37.79941805150826 144.94955509354668, -37.79939665420014 144.94971369530643, -37.799369240825456 144.94987081880436, -37.79933587179953 144.95002610344673, -37.79929662647496 144.95017918925387, -37.800247033530894 144.95001589833814, -37.80009845303427 144.94863746009213, -37.79943353797046 144.94875279650296)))"
com_clue_floor_use_block_2016.919,919,2016,Parkville,0,0,0,0,0,0,0,0,0,0,0,0,0,0,0,0,0,,0,0,0,0,0,0,0,0,0,0,72581,0,0,,0,0,0,0,0,0,"MULTIPOLYGON (((-37.80052197582931 144.95605869104156, -37.799672117453696 144.95500925563198, -37.79940063134798 144.9546740212025, -37.799718541040654 144.95755455036354, -37.801545239034894 144.9573222996166, -37.80131684646887 144.9570402575855, -37.801128715353926 144.95680793570804, -37.80052197582931 144.95605869104156)))"
com_clue_floor_use_block_2016.920,920,2016,Parkville,0,36793,0,11297,940,31413,186441,0,0,0,,0,70394,0,0,0,0,,0,0,0,1010,0,0,0,0,0,0,350513.09375,0,0,0,0,0,0,0,0,0,"MULTIPOLYGON (((-37.79851732401111 144.95358332962442, -37.79772055464156 144.95458678317436, -37.7980812439103 144.95775409860755, -37.799718541040654 144.95755455036354, -37.79940063134798 144.9546740212025, -37.79882133212511 144.95395871004837, -37.79851732401111 144.95358332962442)))"
com_clue_floor_use_block_2016.376,376,2016,North Melbourne,0,7127,0,0,,,530,,0,0,3956,0,,0,5553,0,,2362,0,10543,0,,0,0,0,0,,0,95961.796875,0,0,45840,0,0,0,6469,0,,"MULTIPOLYGON (((-37.799672117453696 144.95500925563198, -37.80052197582931 144.95605869104156, -37.80207782609795 144.95409099226723, -37.801231845772456 144.95303189189886, -37.799672117453696 144.95500925563198)))"
com_clue_floor_use_block_2016.377,377,2016,North Melbourne,0,5448,0,,1174,0,3942,4848,0,0,6821,0,0,0,2809,0,0,2247,0,3044,0,,0,0,0,0,,5858,44200.05078125,0,0,0,0,0,3033,2590,0,,"MULTIPOLYGON (((-37.79940063134798 144.9546740212025, -37.799672117453696 144.95500925563198, -37.801231845772456 144.95303189189886, -37.800390479860376 144.95197335239774, -37.79882133212511 144.95395871004837, -37.79940063134798 144.9546740212025)))"
com_clue_floor_use_block_2016.373,373,2016,North Melbourne,0,0,0,0,0,,0,0,0,0,0,,0,0,0,0,0,0,0,0,0,0,0,0,0,0,0,0,4907,0,0,0,0,0,0,0,0,0,"MULTIPOLYGON (((-37.799603801820915 144.95099391945027, -37.800262392156185 144.95015768984348, -37.800256947101474 144.9501078773366, -37.800247033530894 144.95001589833814, -37.79929662647496 144.95017918925387, -37.79910538038254 144.95021204692276, -37.79895508152014 144.95023923867907, -37.798660418236544 144.9502925480693, -37.79866711852005 144.9503646755174, -37.799182373254006 144.95065543286518, -37.79949005950079 144.95098711268162, -37.799603801820915 144.95099391945027)))"
com_clue_floor_use_block_2016.374,374,2016,North Melbourne,0,0,0,0,0,0,0,,0,0,0,,0,0,0,0,0,0,0,0,0,0,0,0,0,0,0,0,3499.55004883,0,0,0,0,0,0,0,0,0,"MULTIPOLYGON (((-37.80113478939962 144.95147075070284, -37.801002360909656 144.95149438627013, -37.80099307950877 144.95140579022413, -37.8004104530627 144.95151225190415, -37.800403202571125 144.95144591078036, -37.800026233514615 144.95151984289845, -37.800070090113316 144.95157444541195, -37.80022835848462 144.95177149227456, -37.800390479860376 144.95197335239774, -37.801231845772456 144.95303189189886, -37.80124755779543 144.95247086072683, -37.80113478939962 144.95147075070284)))"
com_clue_floor_use_block_2016.372,372,2016,North Melbourne,0,0,0,0,0,0,0,2662,0,0,0,0,0,0,,0,0,,0,0,0,0,0,0,0,0,0,0,3287.56005859,0,0,0,0,0,0,0,0,0,"MULTIPOLYGON (((-37.800026233514615 144.95151984289845, -37.800403202571125 144.95144591078036, -37.800262392156185 144.95015768984348, -37.799603801820915 144.95099391945027, -37.800026233514615 144.95151984289845)))"
com_clue_floor_use_block_2016.380,380,2016,North Melbourne,720,272,0,0,0,0,0,3105,0,0,0,,0,0,,0,0,1963,0,0,0,0,0,0,0,0,0,0,8296.88964844,0,0,0,0,0,,0,0,0,"MULTIPOLYGON (((-37.79729395996884 144.95207281570117, -37.79866711852005 144.9503646755174, -37.798660418236544 144.9502925480693, -37.79850939795548 144.9503198695628, -37.79785738586682 144.95043562837105, -37.79754265377838 144.95004162618022, -37.797042512072856 144.95067478966422, -37.79661227173731 144.95121992801504, -37.79729395996884 144.95207281570117)))"
com_clue_floor_use_block_2016.379,379,2016,North Melbourne,0,0,0,,0,0,0,0,0,0,0,0,0,0,0,0,0,,0,0,0,0,0,0,0,0,0,0,15976,0,0,0,0,0,0,0,0,0,"MULTIPOLYGON (((-37.79776298121887 144.952651917817, -37.79796811412633 144.9529051981888, -37.79949005950079 144.95098711268162, -37.799182373254006 144.95065543286518, -37.79866711852005 144.9503646755174, -37.79729395996884 144.95207281570117, -37.79776298121887 144.952651917817)))"
com_clue_floor_use_block_2016.922,922,2016,Parkville,0,1008,,,0,0,,21565,1768,0,,,0,0,,0,0,11975,0,2985,0,0,0,0,0,0,,0,54916.8203125,0,0,0,0,,0,619,0,0,"MULTIPOLYGON (((-37.79729395996884 144.95207281570117, -37.79661227173731 144.95121992801504, -37.79658257308317 144.9511827136962, -37.79547597378524 144.9525974221347, -37.79542568483946 144.95266104455675, -37.79531511003698 144.95280093580834, -37.7935286881838 144.95506090072433, -37.794102351608544 144.9559176215844, -37.79432760947991 144.95571708764945, -37.79538056977737 144.9547758949441, -37.79660596260636 144.95368223939565, -37.79776298121887 144.952651917817, -37.79729395996884 144.95207281570117)))"
com_clue_floor_use_block_2016.239,239,2016,Carlton,0,9150,0,22073,,4883,1923,313,0,0,4306,0,0,0,3424,,0,,0,,,,0,0,0,0,,1882,58828.01953125,0,0,0,0,0,0,6137,0,0,"MULTIPOLYGON (((-37.801545239034894 144.9573222996166, -37.799718541040654 144.95755455036354, -37.79985967851019 144.95882622432111, -37.80179615939937 144.95848421251205, -37.80193501046808 144.95851038557376, -37.80181545039121 144.95744781204328, -37.801545239034894 144.9573222996166)))"
com_clue_floor_use_block_2016.363,363,2016,North Melbourne,0,,0,0,0,0,0,0,0,0,,0,0,0,0,0,0,2734,0,0,4198,0,0,0,0,0,0,0,15815.40039062,0,0,0,0,0,0,0,0,7486,"MULTIPOLYGON (((-37.80181545039121 144.95744781204328, -37.8040404534673 144.95846669668893, -37.80392141943632 144.95743766052385, -37.80216037615258 144.9566347823836, -37.80177720092871 144.95670118819913, -37.801128715353926 144.95680793570804, -37.80131684646887 144.9570402575855, -37.801545239034894 144.9573222996166, -37.80181545039121 144.95744781204328)))"
com_clue_floor_use_block_2016.357,357,2016,North Melbourne,0,6232,,4154,645,0,0,1803,0,0,6820,0,0,0,2800,0,0,5568,0,12491,0,996,0,0,0,0,5118,662,50348.66015625,0,0,0,,0,,426,,,"MULTIPOLYGON (((-37.805624357361715 144.95368636106858, -37.80354515711185 144.9540546353068, -37.80370948009039 144.95553602165094, -37.8057898126867 144.95516063282147, -37.805624357361715 144.95368636106858)))"
com_clue_floor_use_block_2016.371,371,2016,North Melbourne,0,,0,0,0,0,0,4621,0,0,,0,0,0,,0,0,724,0,501,0,0,0,0,0,0,0,0,6283.99023438,0,0,0,0,0,0,0,0,0,"MULTIPOLYGON (((-37.80113478939962 144.95147075070284, -37.80097644673989 144.94999165434953, -37.800256947101474 144.9501078773366, -37.800262392156185 144.95015768984348, -37.800403202571125 144.95144591078036, -37.8004104530627 144.95151225190415, -37.80099307950877 144.95140579022413, -37.801002360909656 144.95149438627013, -37.80113478939962 144.95147075070284)))"
com_clue_floor_use_block_2016.348,348,2016,North Melbourne,0,191,0,0,0,0,,4215,0,0,0,0,0,0,,0,0,1240,0,501,0,0,0,0,0,0,0,0,6191.43994141,0,0,0,0,0,0,0,0,0,"MULTIPOLYGON (((-37.80097644673989 144.94999165434953, -37.80081699765114 144.94850535720096, -37.80009845303427 144.94863746009213, -37.800247033530894 144.95001589833814, -37.800256947101474 144.9501078773366, -37.80097644673989 144.94999165434953)))"
com_clue_floor_use_block_2016.370,370,2016,North Melbourne,0,1584,0,0,,,0,6888,0,0,702,0,0,0,2213,0,0,397,0,7729,0,,0,0,0,0,0,,21657.15039062,0,0,0,0,0,,,0,,"MULTIPOLYGON (((-37.80207780002321 144.94979797229408, -37.80097644673989 144.94999165434953, -37.80113478939962 144.95147075070284, -37.80226801762436 144.9512684928877, -37.80210750162903 144.94979273056356, -37.80207780002321 144.94979797229408)))"
com_clue_floor_use_block_2016.346,346,2016,North Melbourne,,56,0,0,567,0,,4767,0,0,1309,0,0,0,,0,0,359,0,1226,0,1235,0,0,0,0,,0,11177.04003906,0,0,0,0,937,0,0,0,0,"MULTIPOLYGON (((-37.80212550520033 144.94827718392625, -37.80192402154389 144.94831231783783, -37.80207780002321 144.94979797229408, -37.80210750162903 144.94979273056356, -37.80305163739158 144.94962608391756, -37.80289329872927 144.9481432931401, -37.80212550520033 144.94827718392625)))"
com_clue_floor_use_block_2016.354,354,2016,North Melbourne,0,3414,725,0,4729,0,,3935,0,0,4273,0,0,0,217,383,2713,2887,,6167,0,2611,0,0,0,0,1640,0,36197.69140625,0,0,0,0,0,0,981,0,,"MULTIPOLYGON (((-37.80512599541164 144.94924660883012, -37.80305163739158 144.94962608391756, -37.80321686167589 144.95110065885973, -37.80529383220536 144.950730725435, -37.80512599541164 144.94924660883012)))"
com_clue_floor_use_block_2016.347,347,2016,North Melbourne,0,548,0,0,,0,0,6173,0,,0,0,0,0,0,,0,1367,0,4258,0,0,0,0,0,0,,0,14679.91992188,0,0,0,0,0,,,0,,"MULTIPOLYGON (((-37.80158626879767 144.94837121508954, -37.80081699765114 144.94850535720096, -37.80097644673989 144.94999165434953, -37.80207780002321 144.94979797229408, -37.80192402154389 144.94831231783783, -37.80158626879767 144.94837121508954)))"
com_clue_floor_use_block_2016.345,345,2016,North Melbourne,0,1314,0,,2557,,499,5382,0,0,2281,0,0,,1110,0,0,2574,0,2419,0,4111,0,0,0,0,1614,0,29311.23046875,0,0,0,0,626,,1263,0,,"MULTIPOLYGON (((-37.80497837144836 144.94793717923525, -37.80496345890775 144.94780366507518, -37.80389593600627 144.9479692477875, -37.80289329872927 144.9481432931401, -37.80305163739158 144.94962608391756, -37.80512599541164 144.94924660883012, -37.80497837144836 144.94793717923525)))"
com_clue_floor_use_block_2016.423,423,2016,West Melbourne (Residential),,68,0,0,747,0,0,1062,0,0,0,,0,,0,0,0,809,0,,0,1356,0,0,0,0,,0,7437.27001953,0,0,,0,0,0,0,0,0,"MULTIPOLYGON (((-37.80559889838372 144.95073348888027, -37.806297836891396 144.9497989364876, -37.80549249646318 144.94868556883887, -37.80497837144836 144.94793717923525, -37.80512599541164 144.94924660883012, -37.80529383220536 144.950730725435, -37.80552612249887 144.95069839832306, -37.80559889838372 144.95073348888027)))"
com_clue_floor_use_block_2016.355,355,2016,North Melbourne,,1442,0,0,,0,862,13919,0,0,4581,0,0,0,,,0,2826,0,2404,0,,0,0,0,0,,0,30898,0,0,,0,0,,1167,0,,"MULTIPOLYGON (((-37.803379426881 144.95257708709292, -37.80545844081282 144.9522052293643, -37.80529383220536 144.950730725435, -37.80321686167589 144.95110065885973, -37.803379426881 144.95257708709292)))"
com_clue_floor_use_block_2016.424,424,2016,West Melbourne (Residential),0,84,0,0,407,0,,5468,0,0,0,0,0,0,0,0,0,1809,0,942,0,1037,0,0,0,0,,0,10295.34960938,0,0,0,0,0,0,319,0,0,"MULTIPOLYGON (((-37.80559889838372 144.95073348888027, -37.80552612249887 144.95069839832306, -37.80529383220536 144.950730725435, -37.80545844081282 144.9522052293643, -37.80643258672974 144.95204690227527, -37.80686208524553 144.95134258758767, -37.80559889838372 144.95073348888027)))"
com_clue_floor_use_block_2016.356,356,2016,North Melbourne,,728,0,,598,4548,0,9742,0,,1497,0,0,0,,0,0,1917,0,2082,,,0,0,0,0,1540,0,28631.05078125,0,0,0,0,0,0,1174,,1324,"MULTIPOLYGON (((-37.803379426881 144.95257708709292, -37.80354515711185 144.9540546353068, -37.805624357361715 144.95368636106858, -37.80560711803317 144.95353245952992, -37.80545844081282 144.9522052293643, -37.803379426881 144.95257708709292)))"
com_clue_floor_use_block_2016.432,432,2016,West Melbourne (Residential),0,5173,0,4784,340,0,0,2375,0,0,4111,0,0,0,4406,0,2753,7796,0,7639,0,0,0,0,0,0,,0,44996.828125,0,0,0,0,0,,4677,0,0,"MULTIPOLYGON (((-37.80545844081282 144.9522052293643, -37.80560711803317 144.95353245952992, -37.80741577348086 144.95321683716816, -37.808116340721575 144.9517732312856, -37.80643258672974 144.95204690227527, -37.80545844081282 144.9522052293643)))"
com_clue_floor_use_block_2016.434,434,2016,West Melbourne (Residential),0,1117,0,0,1044,0,0,3288,0,0,2667,0,0,0,948,0,0,616,0,1596,0,,0,0,0,0,699,0,16153.74023438,0,0,0,0,0,0,3471,,0,"MULTIPOLYGON (((-37.80812986174531 144.95475098670016, -37.807873636679005 144.95463387777966, -37.80693243065631 144.95420370164155, -37.80576035329959 144.95367679155657, -37.805624357361715 144.95368636106858, -37.8057898126867 144.95516063282147, -37.80579040105512 144.95516586860472, -37.80812986174531 144.95475098670016)))"
com_clue_floor_use_block_2016.358,358,2016,North Melbourne,,554,0,0,823,0,0,4900,0,,1086,0,0,0,,0,,257,0,403,0,545,0,0,0,0,,489,12367.87011719,0,0,0,0,774,0,650,0,,"MULTIPOLYGON (((-37.80579040105512 144.95516586860472, -37.8057898126867 144.95516063282147, -37.80370948009039 144.95553602165094, -37.80379971971425 144.95635066947077, -37.80493444132419 144.95614812463373, -37.80587978202992 144.95597937885847, -37.80579040105512 144.95516586860472)))"
com_clue_floor_use_block_2016.435,435,2016,West Melbourne (Residential),0,564,,0,400,0,0,6539,,0,881,0,0,0,425,0,0,2017,0,3420,0,1524,0,0,0,0,,0,17248.15039062,0,0,0,0,,0,609,0,0,"MULTIPOLYGON (((-37.80851159117941 144.9549254598476, -37.80812986174531 144.95475098670016, -37.80579040105512 144.95516586860472, -37.80587978202992 144.95597937885847, -37.80833182305849 144.95554688124793, -37.80851159117941 144.9549254598476)))"
com_clue_floor_use_block_2016.256,256,2016,Carlton,5739,5214,,0,263,0,0,325,0,0,5323,0,0,0,3025,,0,1411,0,3483,0,0,0,0,0,0,,1811,36056.37890625,0,0,0,0,0,0,6357,0,,"MULTIPOLYGON (((-37.80440542993994 144.96177775650648, -37.80305720736943 144.96201584333943, -37.80322027713298 144.9634965265608, -37.80457281963809 144.96325917073807, -37.80440542993994 144.96177775650648)))"
com_clue_floor_use_block_2016.436,436,2016,West Melbourne (Residential),0,1622,0,0,0,0,0,2236,0,0,0,0,0,0,64,,0,,0,4544,0,0,0,0,0,0,0,0,10071.79980469,0,0,0,0,0,0,0,0,0,"MULTIPOLYGON (((-37.807873636679005 144.95463387777966, -37.80812986174531 144.95475098670016, -37.80851159117941 144.9549254598476, -37.808743950934456 144.9541192559753, -37.808102702310194 144.95382890571904, -37.807873636679005 144.95463387777966)))"
com_clue_floor_use_block_2016.439,439,2016,West Melbourne (Residential),0,1067,0,0,1261,5040,0,1058,0,0,2715,0,0,0,1368,0,0,316,0,794,0,0,0,0,0,0,,0,17434.58984375,0,0,,0,,,2440,,0,"MULTIPOLYGON (((-37.808634693921405 144.951955971046, -37.808102702310194 144.95382890571904, -37.808743950934456 144.9541192559753, -37.80923945881577 144.95239134522197, -37.808634693921405 144.951955971046)))"
com_clue_floor_use_block_2016.437,437,2016,West Melbourne (Residential),0,363,0,0,,0,0,1613,0,0,2326,0,0,0,0,0,0,788,0,539,0,0,0,0,0,0,0,0,6165.14013672,0,0,0,0,0,0,,0,0,"MULTIPOLYGON (((-37.808102702310194 144.95382890571904, -37.807295752951404 144.95346414647622, -37.80693243065631 144.95420370164155, -37.807873636679005 144.95463387777966, -37.808102702310194 144.95382890571904)))"
com_clue_floor_use_block_2016.433,433,2016,West Melbourne (Residential),0,,0,0,0,0,0,0,0,0,,,0,0,0,0,0,,0,0,0,0,0,0,0,0,0,0,1498,0,0,0,0,0,0,0,0,0,"MULTIPOLYGON (((-37.80560711803317 144.95353245952992, -37.805624357361715 144.95368636106858, -37.80576035329959 144.95367679155657, -37.80693243065631 144.95420370164155, -37.807295752951404 144.95346414647622, -37.80733104001784 144.95339143601555, -37.80741577348086 144.95321683716816, -37.80560711803317 144.95353245952992)))"
com_clue_floor_use_block_2016.438,438,2016,West Melbourne (Residential),,2144,0,0,0,5204,0,1028,0,0,,0,0,0,2442,0,0,862,0,5123,0,0,0,0,0,0,0,1049,20797.01953125,0,0,1084,0,0,0,530,0,0,"MULTIPOLYGON (((-37.80818576738775 144.95163278996338, -37.808116340721575 144.9517732312856, -37.80741577348086 144.95321683716816, -37.80733104001784 144.95339143601555, -37.807295752951404 144.95346414647622, -37.808102702310194 144.95382890571904, -37.808634693921405 144.951955971046, -37.80818576738775 144.95163278996338)))"
com_clue_floor_use_block_2016.111,111,2016,West Melbourne (Residential),1777,2030,1295,,0,0,0,3235,0,0,4050,0,0,0,1271,0,,3423,0,3184,0,,0,0,0,0,0,0,35968.01953125,,0,11111,0,0,0,1862,0,,"MULTIPOLYGON (((-37.811039161820084 144.95045168940328, -37.810134519117454 144.9499852788521, -37.80923945881577 144.95239134522197, -37.810337148127445 144.95293140129306, -37.811039161820084 144.95045168940328)))"
com_clue_floor_use_block_2016.28,28,2016,Melbourne (CBD),18142,61966,0,0,7722,11481,3512,0,0,0,94940,0,31729,0,1932,0,0,3607,0,7282,0,4190,0,,0,0,,0,260866.890625,0,0,0,0,0,,12385,0,,"MULTIPOLYGON (((-37.81430692499767 144.97439639990097, -37.81502256541963 144.97192424331843, -37.81404544271219 144.97147176975173, -37.813319453410266 144.97393948444048, -37.81364038179763 144.97408798028974, -37.81384068605329 144.97418066474785, -37.81430692499767 144.97439639990097)))"
com_clue_floor_use_block_2016.443,443,2016,West Melbourne (Residential),0,3254,0,0,0,0,0,0,0,0,16425,0,0,0,1226,0,0,,0,4573,,0,0,0,0,0,,0,28324.68945312,0,0,0,0,0,0,2001,0,0,"MULTIPOLYGON (((-37.811039161820084 144.95045168940328, -37.811657148554325 144.9482556360501, -37.811569124118925 144.94815564055054, -37.810957425871244 144.94782534503366, -37.810134519117454 144.9499852788521, -37.811039161820084 144.95045168940328)))"
com_clue_floor_use_block_2016.440,440,2016,West Melbourne (Residential),0,3736,0,0,,0,,,0,0,3129,0,0,0,5613,0,0,3621,0,9407,0,,0,0,0,0,0,0,65821.8125,0,0,32866,0,0,755,4676,0,,"MULTIPOLYGON (((-37.80927537487028 144.9493923910243, -37.80818576738775 144.95163278996338, -37.808634693921405 144.951955971046, -37.80923945881577 144.95239134522197, -37.810134519117454 144.9499852788521, -37.80927537487028 144.9493923910243)))"
com_clue_floor_use_block_2016.425,425,2016,West Melbourne (Residential),0,,0,0,0,0,0,,,0,0,,0,0,0,0,0,,0,0,0,0,0,0,0,0,0,0,13345,0,0,0,0,0,0,0,0,0,"MULTIPOLYGON (((-37.80818576738775 144.95163278996338, -37.80720495011737 144.950775792683, -37.806297836891396 144.9497989364876, -37.80559889838372 144.95073348888027, -37.80686208524553 144.95134258758767, -37.80643258672974 144.95204690227527, -37.808116340721575 144.9517732312856, -37.80818576738775 144.95163278996338)))"
com_clue_floor_use_block_2016.431,431,2016,West Melbourne (Residential),0,2249,0,0,,,0,1454,0,,3764,0,0,0,734,0,0,1806,0,1181,0,1126,,0,0,0,6715,0,26315.80078125,0,0,,0,0,,3037,0,,"MULTIPOLYGON (((-37.80847321442062 144.94868719591534, -37.80720495011737 144.950775792683, -37.80818576738775 144.95163278996338, -37.80927537487028 144.9493923910243, -37.80847321442062 144.94868719591534)))"
com_clue_floor_use_block_2016.426,426,2016,West Melbourne (Residential),0,2598,0,0,0,0,0,0,0,0,2149,0,0,0,3521,0,0,3311,0,6946,,,0,0,0,0,3511,0,31585.109375,0,0,0,0,,0,1546,0,0,"MULTIPOLYGON (((-37.80847321442062 144.94868719591534, -37.807730364442435 144.94788820685642, -37.806297836891396 144.9497989364876, -37.80720495011737 144.950775792683, -37.80847321442062 144.94868719591534)))"
com_clue_floor_use_block_2016.441,441,2016,West Melbourne (Residential),570,905,0,0,,,0,0,0,0,0,0,0,,,0,0,,0,0,0,,0,0,0,0,0,0,25201.359375,0,0,1985,0,0,0,14470,0,0,"MULTIPOLYGON (((-37.81027283914459 144.94733971477964, -37.80927537487028 144.9493923910243, -37.810134519117454 144.9499852788521, -37.810957425871244 144.94782534503366, -37.81027283914459 144.94733971477964)))"
com_clue_floor_use_block_2016.444,444,2016,West Melbourne (Residential),0,3572,0,,,0,0,602,,0,16645,0,,0,5479,0,0,2984,0,686,0,0,0,0,0,0,0,0,42319.30859375,0,0,0,0,0,0,4837,,0,"MULTIPOLYGON (((-37.811039161820084 144.95045168940328, -37.812101578761876 144.95094260991232, -37.812567696297734 144.94929003455434, -37.811657148554325 144.9482556360501, -37.811039161820084 144.95045168940328)))"
com_clue_floor_use_block_2016.445,445,2016,West Melbourne (Residential),0,,16082,0,0,0,0,0,0,0,0,0,0,0,0,0,0,,0,0,0,0,0,0,0,0,0,0,24037,0,0,0,0,0,0,0,0,0,"MULTIPOLYGON (((-37.812567696297734 144.94929003455434, -37.812101578761876 144.95094260991232, -37.81316769936383 144.95143788635392, -37.81348209322955 144.95032884431015, -37.812567696297734 144.94929003455434)))"
com_clue_floor_use_block_2016.661,661,2016,East Melbourne,0,0,0,0,0,0,0,0,0,0,0,,0,0,0,0,0,0,0,0,0,0,0,0,0,0,0,0,17589,0,0,0,0,0,0,0,0,0,"MULTIPOLYGON (((-37.81540941381875 144.97640742100893, -37.81551490558947 144.97737222575898, -37.81570588846001 144.97911055992364, -37.81608770205285 144.9825865642808, -37.81609385151066 144.9826415713614, -37.81639085194032 144.98258718532995, -37.81653785773245 144.98256026682995, -37.81653924300497 144.9825600132778, -37.81658821628169 144.98252990768265, -37.816633617618166 144.98249193261927, -37.816674655443265 144.98244675260062, -37.81671061593108 144.98239515157942, -37.8167408719704 144.98233803043223, -37.8167648962875 144.9822763838821, -37.81678227022093 144.98221128662715, -37.816792691439666 144.98214387040943, -37.816795979153405 144.98207531251182, -37.81679398709144 144.98205057151515, -37.816789541633916 144.9819953630706, -37.81672545317072 144.98140120747627, -37.81671259501269 144.98128518825152, -37.816594945720496 144.98020432615033, -37.81658390733541 144.98009275285, -37.81648088610709 144.97915046866433, -37.81646191922686 144.97898220028333, -37.81644295210848 144.9788139319992, -37.81620442256388 144.9770551640616, -37.81619683094956 144.9769991914402, -37.8159795874919 144.9753975593032, -37.815887529744856 144.97471891578402, -37.81583784081991 144.97435262732037, -37.815688761513165 144.97490858350943, -37.81562310721891 144.97538698660424, -37.815667048113006 144.97600858796088, -37.81565422762949 144.97636824692205, -37.81540941381875 144.97640742100893)))"
com_clue_floor_use_block_2016.663,663,2016,Melbourne (Remainder),0,0,,0,,0,0,0,0,0,0,,0,0,0,0,0,0,0,0,0,0,0,0,0,0,0,0,116929.0078125,0,0,0,0,0,0,0,0,0,"MULTIPOLYGON (((-37.827720852581805 144.9849764310525, -37.82771319974618 144.9849550511063, -37.82724281177085 144.98233239122445, -37.82671721709199 144.9810045890897, -37.825626411756865 144.97942380272158, -37.82411618090725 144.97819613274996, -37.82289463915113 144.9768874226556, -37.8204749736472 144.97472075635443, -37.81956352600139 144.97345248132115, -37.81908658191471 144.97158675197863, -37.81909387846127 144.97140475559115, -37.8180464867868 144.9709169353862, -37.81799079625244 144.9711070010843, -37.81774887797034 144.97225893831092, -37.81775758832494 144.97226184439944, -37.81764482047313 144.9727354733566, -37.81767211968285 144.9727637297199, -37.81749895150572 144.97329853129267, -37.817354611998006 144.97339048031924, -37.81740051990747 144.9734624306703, -37.817383344288146 144.97374120836017, -37.81737953831142 144.9738029845859, -37.81740045815667 144.97384513740388, -37.817907609225514 144.97482553785005, -37.81799951196972 144.97498318934842, -37.8180967648211 144.97513565456347, -37.81819918353188 144.97528264658658, -37.81830657500348 144.97542388783378, -37.81837070234918 144.9755026380343, -37.81843637683349 144.975579336491, -37.81855671892485 144.97571036532267, -37.818650268592314 144.97577805400564, -37.818745730856534 144.97584135896736, -37.818842975374224 144.97590019401045, -37.81896781644667 144.9759678270162, -37.819095010012006 144.97602809475447, -37.81922428259184 144.97608086720342, -37.81935535649545 144.97612603149375, -37.81948794978081 144.9761634896382, -37.819621777213705 144.97619316191378, -37.81975655203018 144.97621498454197, -37.81989198413495 144.97622890973838, -37.82002778284271 144.97623490791054, -37.82057751031435 144.97617768919554, -37.82067222246112 144.97616753370056, -37.82076726355224 144.9761655055756, -37.82086219484381 144.97617161229238, -37.82095657790548 144.97618582723263, -37.82104997814543 144.9762080850468, -37.821141964810394 144.97623828165337, -37.82123211378554 144.97627627984178, -37.82132000927906 144.97632190240975, -37.82140524576049 144.97637494006185, -37.82148743062398 144.97643514906443, -37.82156618416909 144.97650225010923, -37.821723983706555 144.97663506999305, -37.82249511646018 144.9775042569156, -37.8233096324423 144.97837720390808, -37.82350156475007 144.97856682082627, -37.825245235458226 144.98012393206957, -37.82587208655745 144.98093817545805, -37.82606482922059 144.9813586111676, -37.82625625757117 144.98250672815126, -37.826475851178515 144.9850148196556, -37.82653495662278 144.98513113633663, -37.826717142284025 144.9854896747668, -37.82737424181573 144.98672885360222, -37.827699053612704 144.98713012817205, -37.82792910604817 144.98733327901206, -37.82794182676945 144.9873430667866, -37.828064487388566 144.9874374586562, -37.82808617381944 144.98745414705778, -37.82820483550316 144.98754546212737, -37.82822652192003 144.98756215059106, -37.82834526021966 144.98765352413375, -37.8283669475427 144.98767021377074, -37.828485992613174 144.98776182473026, -37.82850767990275 144.98777851329388, -37.828546669385574 144.98780851812353, -37.828579198968605 144.98783355161737, -37.828680371021115 144.98791140895304, -37.82871508493322 144.98793812381598, -37.82887126272595 144.98805831183844, -37.82968787075996 144.98791208157317, -37.82818033858758 144.98626008746825, -37.827720852581805 144.9849764310525)))"
com_clue_floor_use_block_2016.15,15,2016,Melbourne (CBD),9990,25733,2408,17495,10590,2465,428,0,0,0,13752,0,0,0,6840,0,,1070,0,13346,0,10447,0,,0,0,1866,8414,130787,0,0,0,0,,0,2669,,2527,"MULTIPOLYGON (((-37.817195916800145 144.964510359889, -37.81647603304798 144.96698248107236, -37.817464744736455 144.96743801558117, -37.81776665457735 144.96639694460586, -37.817663578011235 144.96634512852904, -37.81781957873814 144.96581331350455, -37.81792301205209 144.96585853713435, -37.81818071977549 144.96496821501876, -37.817195916800145 144.964510359889)))"
com_clue_floor_use_block_2016.16,16,2016,Melbourne (CBD),3059,13364,0,5136,5554,,935,0,0,0,13458,,29568,0,,,,,0,8564,0,1746,1550,0,0,0,0,0,95608.3125,0,0,0,0,3549,0,2687,0,,"MULTIPOLYGON (((-37.81647603304798 144.96698248107236, -37.815760664165026 144.9694557692514, -37.81674238675368 144.9699102385508, -37.817464744736455 144.96743801558117, -37.81647603304798 144.96698248107236)))"
com_clue_floor_use_block_2016.17,17,2016,Melbourne (CBD),5753,28703,0,952,6664,,0,0,0,0,33413,0,22337,0,16201,0,0,1273,,23166,0,1853,0,0,0,0,945,0,147689.078125,0,0,0,0,,0,5722,0,,"MULTIPOLYGON (((-37.815760664165026 144.9694557692514, -37.81502256541963 144.97192424331843, -37.816008333395324 144.9723816490449, -37.81674238675368 144.9699102385508, -37.815760664165026 144.9694557692514)))"
com_clue_floor_use_block_2016.18,18,2016,Melbourne (CBD),8540,35320,0,0,3834,8534,0,0,0,0,75315,0,16571,,14385,0,,3129,0,22205,0,995,931,0,0,0,0,0,195799.15625,0,0,0,0,,0,2405,0,,"MULTIPOLYGON (((-37.81430692499767 144.97439639990097, -37.81528914383929 144.97484813944578, -37.81525440532343 144.9749898814022, -37.81540941381875 144.97640742100893, -37.81565422762949 144.97636824692205, -37.815667048113006 144.97600858796088, -37.81562310721891 144.97538698660424, -37.815688761513165 144.97490858350943, -37.81583784081991 144.97435262732037, -37.81570949542982 144.97340655326425, -37.816008333395324 144.9723816490449, -37.81502256541963 144.97192424331843, -37.81430692499767 144.97439639990097)))"
com_clue_floor_use_block_2016.653,653,2016,East Melbourne,0,0,,0,0,0,0,0,0,0,0,,0,0,0,0,0,0,0,0,0,0,0,0,0,0,0,0,58414,0,0,0,0,0,0,0,0,0,"MULTIPOLYGON (((-37.81430692499767 144.97439639990097, -37.81384068605329 144.97418066474785, -37.81365623944147 144.9743205814868, -37.81362623342447 144.9743433446177, -37.81257457412828 144.977861719136, -37.81551490558947 144.97737222575898, -37.81540941381875 144.97640742100893, -37.81525440532343 144.9749898814022, -37.81528914383929 144.97484813944578, -37.81430692499767 144.97439639990097)))"
com_clue_floor_use_block_2016.26,26,2016,Melbourne (CBD),13736,32387,0,0,7237,10482,840,0,0,0,76585,0,16929,0,9944,0,9449,2183,0,11869,0,5334,,277,0,,1138,0,202961.5625,0,0,0,0,0,0,1561,0,0,"MULTIPOLYGON (((-37.814771241222196 144.969002824291, -37.815760664165026 144.9694557692514, -37.81647603304798 144.96698248107236, -37.81549294659176 144.96653404672136, -37.814771241222196 144.969002824291)))"
com_clue_floor_use_block_2016.27,27,2016,Melbourne (CBD),21792,46352,0,,13007,13605,1195,0,0,0,94230,0,8850,0,8537,,,1047,0,,0,7332,,0,0,0,2152,0,230688.6875,0,0,0,0,,0,5345,0,,"MULTIPOLYGON (((-37.81404544271219 144.97147176975173, -37.81502256541963 144.97192424331843, -37.815760664165026 144.9694557692514, -37.814771241222196 144.969002824291, -37.81404544271219 144.97147176975173)))"
com_clue_floor_use_block_2016.51,51,2016,Melbourne (CBD),2426,29986,0,10739,5687,1298,,0,0,0,28253,0,0,0,32126,0,0,1050,,58139,0,681,,0,0,0,4065,0,177073.34375,0,0,0,0,0,0,1608,0,,"MULTIPOLYGON (((-37.81611799411819 144.95279382101592, -37.81540463503014 144.95527793086956, -37.81638573508214 144.95573010431303, -37.81710440178117 144.95324768169135, -37.81611799411819 144.95279382101592)))"
com_clue_floor_use_block_2016.652,652,2016,East Melbourne,0,8807,0,0,,,0,0,0,0,69589,,0,0,3429,0,,18967,,0,0,0,0,0,0,0,0,0,105827.796875,0,0,0,0,0,0,0,0,0,"MULTIPOLYGON (((-37.81318811697806 144.97387927080283, -37.81188690031425 144.97466108685543, -37.8118225814589 144.9750948466625, -37.81185196519751 144.97538869729726, -37.812126568987004 144.9779367761459, -37.812331999951155 144.9779020995927, -37.81251113411215 144.97787227963363, -37.81257457412828 144.977861719136, -37.81362623342447 144.9743433446177, -37.81365623944147 144.9743205814868, -37.81384068605329 144.97418066474785, -37.81364038179763 144.97408798028974, -37.813319453410266 144.97393948444048, -37.81318811697806 144.97387927080283)))"
com_clue_floor_use_block_2016.38,38,2016,Melbourne (CBD),11340,34118,0,0,9904,4235,7240,284,0,0,32423,0,0,0,6699,0,1864,3181,0,19148,0,1670,,,0,0,3308,0,152270.84375,435,0,0,0,362,0,13766,,1548,"MULTIPOLYGON (((-37.8123393060056 144.97349012616303, -37.81318811697806 144.97387927080283, -37.813319453410266 144.97393948444048, -37.81404544271219 144.97147176975173, -37.81306278331682 144.97101668634818, -37.8123393060056 144.97349012616303)))"
com_clue_floor_use_block_2016.649,649,2016,East Melbourne,0,1444,,0,,0,0,1045,0,0,1409,,0,0,0,0,3703,,0,0,0,,0,0,0,0,,0,55457,0,0,0,0,0,0,0,0,0,"MULTIPOLYGON (((-37.8092362746836 144.9729716445943, -37.80926860687994 144.9731419340992, -37.80954505276959 144.9756523332863, -37.81071323487291 144.97545777361785, -37.810701861589806 144.9753541283169, -37.81188690031425 144.97466108685543, -37.81318811697806 144.97387927080283, -37.8123393060056 144.97349012616303, -37.81135722804241 144.97304226780375, -37.81068032925952 144.97272980657027, -37.8092362746836 144.9729716445943)))"
com_clue_floor_use_block_2016.48,48,2016,Melbourne (CBD),7133,15327,0,,9703,629,,0,0,0,16096,0,29466,0,399,0,0,753,0,1267,0,2333,0,0,0,0,261,0,87697.2265625,0,0,0,0,558,0,3163,0,,"MULTIPOLYGON (((-37.81207734035474 144.97056568910494, -37.81135722804241 144.97304226780375, -37.8123393060056 144.97349012616303, -37.81306278331682 144.97101668634818, -37.81207734035474 144.97056568910494)))"
com_clue_floor_use_block_2016.37,37,2016,Melbourne (CBD),11429,51709,0,0,2555,4511,857,0,0,0,114254,0,17100,0,,0,3247,4896,0,0,0,1631,0,0,0,0,0,0,238104.8125,0,0,0,1007,0,0,24191,0,,"MULTIPOLYGON (((-37.81306278331682 144.97101668634818, -37.81404544271219 144.97147176975173, -37.814771241222196 144.969002824291, -37.813788813776554 144.96854938671896, -37.81306278331682 144.97101668634818)))"
com_clue_floor_use_block_2016.47,47,2016,Melbourne (CBD),30994,42535,0,,5589,6119,,0,0,0,121573,0,8915,0,10808,0,2355,,0,16193,0,4454,0,0,0,0,1009,0,254469.5625,0,0,0,0,,,708,0,,"MULTIPOLYGON (((-37.813788813776554 144.96854938671896, -37.81280620653557 144.96809910524468, -37.81207734035474 144.97056568910494, -37.81306278331682 144.97101668634818, -37.813788813776554 144.96854938671896)))"
com_clue_floor_use_block_2016.36,36,2016,Melbourne (CBD),16209,22121,,0,1744,,451,0,0,0,25437,0,,0,3761,0,9383,3700,,531,0,2631,,,0,0,1841,0,94862.359375,0,0,0,0,,0,4087,0,142,"MULTIPOLYGON (((-37.813788813776554 144.96854938671896, -37.814771241222196 144.969002824291, -37.81549294659176 144.96653404672136, -37.814512203036735 144.96608507663012, -37.813788813776554 144.96854938671896)))"
com_clue_floor_use_block_2016.46,46,2016,Melbourne (CBD),9284,21237,0,12618,6805,2479,,0,0,0,28348,0,2406,0,7499,0,,1246,,11239,0,6565,0,,0,,2310,0,132862.953125,0,0,0,0,,0,19402,0,,"MULTIPOLYGON (((-37.813528257005544 144.96563418949418, -37.81280620653557 144.96809910524468, -37.813788813776554 144.96854938671896, -37.814512203036735 144.96608507663012, -37.813528257005544 144.96563418949418)))"
com_clue_floor_use_block_2016.57,57,2016,Melbourne (CBD),9130,29703,0,666,16924,1784,498,0,0,0,12812,0,20848,0,5555,0,417,,0,11488,0,5855,0,0,0,0,2581,0,123392.796875,0,0,0,0,0,0,4067,0,,"MULTIPOLYGON (((-37.81280620653557 144.96809910524468, -37.81182273645474 144.96764936997744, -37.81109432259132 144.97011537521132, -37.81207734035474 144.97056568910494, -37.81280620653557 144.96809910524468)))"
com_clue_floor_use_block_2016.56,56,2016,Melbourne (CBD),0,16737,0,15641,14989,,0,0,0,0,12114,0,,0,,0,0,,0,487,0,21064,0,,0,0,792,0,90232.3125,0,0,0,0,1245,0,3132,0,,"MULTIPOLYGON (((-37.81182273645474 144.96764936997744, -37.81280620653557 144.96809910524468, -37.813528257005544 144.96563418949418, -37.812543678062006 144.96518020509654, -37.81182273645474 144.96764936997744)))"
com_clue_floor_use_block_2016.55,55,2016,Melbourne (CBD),13732,13282,0,0,4241,0,,0,0,0,2663,0,0,0,,0,,1232,0,0,0,59936,0,,0,0,3736,0,102007,0,0,0,0,1119,0,1041,0,,"MULTIPOLYGON (((-37.81326939971929 144.962709814008, -37.812543678062006 144.96518020509654, -37.813528257005544 144.96563418949418, -37.814249923529275 144.963157342323, -37.81326939971929 144.962709814008)))"
com_clue_floor_use_block_2016.58,58,2016,Melbourne (CBD),17014,15337,0,0,11472,601,0,0,0,0,4913,0,,0,4565,0,,,0,8829,0,2875,0,0,0,0,1306,0,83895.3203125,0,0,0,0,0,0,10608,0,0,"MULTIPOLYGON (((-37.810372350867375 144.97258764337406, -37.81068032925952 144.97272980657027, -37.81135722804241 144.97304226780375, -37.81207734035474 144.97056568910494, -37.81109432259132 144.97011537521132, -37.810372350867375 144.97258764337406)))"
com_clue_floor_use_block_2016.643,643,2016,East Melbourne,0,0,0,0,0,0,0,0,0,0,0,,0,0,0,0,0,0,0,0,0,0,0,0,0,0,0,0,1360,0,0,0,0,0,0,0,0,0,"MULTIPOLYGON (((-37.81068032925952 144.97272980657027, -37.810372350867375 144.97258764337406, -37.809393010973345 144.97213230990215, -37.809203803630346 144.97280063208194, -37.8092362746836 144.9729716445943, -37.81068032925952 144.97272980657027)))"
com_clue_floor_use_block_2016.68,68,2016,Melbourne (CBD),17944,25163,0,2859,2877,,0,1638,0,0,37934,0,1546,0,10031,,,1918,0,11244,0,875,0,0,0,0,679,8759,134142.609375,0,0,0,0,0,0,7681,0,0,"MULTIPOLYGON (((-37.809393010973345 144.97213230990215, -37.810372350867375 144.97258764337406, -37.81109432259132 144.97011537521132, -37.81011226202618 144.96966522255022, -37.809393010973345 144.97213230990215)))"
com_clue_floor_use_block_2016.67,67,2016,Melbourne (CBD),20081,18751,0,5149,12614,0,,0,,0,2641,0,17515,,,0,5576,1218,1464,15163,0,2247,0,0,0,,1368,0,106334.0625,0,0,0,0,,0,303,0,,"MULTIPOLYGON (((-37.81011226202618 144.96966522255022, -37.81109432259132 144.97011537521132, -37.81182273645474 144.96764936997744, -37.81083677618468 144.96719945994946, -37.81011226202618 144.96966522255022)))"
com_clue_floor_use_block_2016.78,78,2016,Melbourne (CBD),,50977,0,0,4773,3645,,0,0,0,186035,0,,0,34635,0,766,2509,0,0,0,1666,0,,0,0,,0,296242.1875,0,0,0,0,0,0,3794,0,0,"MULTIPOLYGON (((-37.80912704046774 144.96921189770262, -37.808406931572705 144.97167673616815, -37.809393010973345 144.97213230990215, -37.81011226202618 144.96966522255022, -37.80912704046774 144.96921189770262)))"
com_clue_floor_use_block_2016.642,642,2016,East Melbourne,0,894,0,,0,0,0,0,0,0,3112,,0,0,0,0,0,0,,0,0,0,0,0,0,0,0,0,15021,0,0,0,0,0,0,0,0,0,"MULTIPOLYGON (((-37.8092362746836 144.9729716445943, -37.809203803630346 144.97280063208194, -37.809393010973345 144.97213230990215, -37.808406931572705 144.97167673616815, -37.80755497650997 144.97128514607542, -37.80776200752275 144.9732217741711, -37.80792266321249 144.97319449392177, -37.80812268421217 144.97315669362985, -37.8092362746836 144.9729716445943)))"
com_clue_floor_use_block_2016.88,88,2016,Melbourne (CBD),0,19209,0,0,,17462,,0,0,0,4382,0,0,0,15052,0,0,7866,0,41428,0,,0,0,0,0,0,0,105854,0,0,0,0,0,0,0,0,0,"MULTIPOLYGON (((-37.80751769369698 144.9709334455949, -37.80755497650997 144.97128514607542, -37.808406931572705 144.97167673616815, -37.80912704046774 144.96921189770262, -37.808149256312525 144.96876865207108, -37.80751769369698 144.9709334455949)))"
com_clue_floor_use_block_2016.97,97,2016,Melbourne (CBD),9578,31296,0,1680,3947,,0,0,0,0,12024,,11374,,19174,0,0,2605,0,57225,0,656,0,0,0,0,268,0,156079.375,0,0,0,0,,,3022,0,0,"MULTIPOLYGON (((-37.80717921730349 144.96773481744853, -37.80726659595879 144.96857074856615, -37.80729328859157 144.96882614362042, -37.808149256312525 144.96876865207108, -37.808870848835625 144.9662961520715, -37.807806833525646 144.9658057195013, -37.80745749726776 144.967023383907, -37.80717921730349 144.96773481744853)))"
com_clue_floor_use_block_2016.251,251,2016,Carlton,0,8417,0,0,,0,2228,1571,0,0,13911,0,,0,7865,,0,7526,0,15782,0,0,0,0,0,0,0,0,59506.8984375,0,0,0,0,0,0,,0,0,"MULTIPOLYGON (((-37.8052155219843 144.9691813652402, -37.80505499201082 144.96769804532664, -37.80297879707347 144.9680534621789, -37.80314253913959 144.9695358290136, -37.80497291307214 144.96922285006633, -37.8052155219843 144.9691813652402)))"
com_clue_floor_use_block_2016.269,269,2016,Carlton,0,0,,0,0,0,0,0,0,0,0,,0,0,0,0,0,0,0,0,0,0,0,0,0,0,0,0,88121,0,0,0,0,0,0,0,0,0,"MULTIPOLYGON (((-37.80497291307214 144.96922285006633, -37.80543938773374 144.97361615648597, -37.80776200752275 144.9732217741711, -37.80755497650997 144.97128514607542, -37.80751769369698 144.9709334455949, -37.80729328859157 144.96882614362042, -37.8052155219843 144.9691813652402, -37.80497291307214 144.96922285006633)))"
com_clue_floor_use_block_2016.98,98,2016,Melbourne (CBD),0,0,0,0,0,0,0,,0,0,0,0,0,0,0,0,,,0,0,0,0,0,0,0,0,0,0,3629,0,0,0,0,0,0,,0,0,"MULTIPOLYGON (((-37.80751769369698 144.9709334455949, -37.808149256312525 144.96876865207108, -37.80729328859157 144.96882614362042, -37.80751769369698 144.9709334455949)))"
com_clue_floor_use_block_2016.252,252,2016,Carlton,2295,3377,0,0,5321,,635,4293,0,0,2898,0,0,0,,,0,5538,0,8321,0,842,,0,0,0,548,0,38504.078125,0,0,,0,,374,1571,0,0,"MULTIPOLYGON (((-37.802814872667305 144.96656907646434, -37.80297879707347 144.9680534621789, -37.80505499201082 144.96769804532664, -37.80489491767916 144.96621755804455, -37.803541125644706 144.96644545147734, -37.802814872667305 144.96656907646434)))"
com_clue_floor_use_block_2016.268,268,2016,Carlton,0,7006,0,0,1088,0,891,2447,0,0,3811,0,0,0,9303,0,0,5425,0,21420,0,0,0,0,0,0,0,2749,60743.58984375,0,0,0,0,0,0,6604,0,0,"MULTIPOLYGON (((-37.80717921730349 144.96773481744853, -37.80713843318511 144.96734466522855, -37.80505499201082 144.96769804532664, -37.8052155219843 144.9691813652402, -37.80729328859157 144.96882614362042, -37.80726659595879 144.96857074856615, -37.80717921730349 144.96773481744853)))"
com_clue_floor_use_block_2016.107,107,2016,Melbourne (CBD),3021,2429,0,0,,0,0,0,0,0,359,0,0,0,0,0,,909,0,1223,0,,0,0,0,0,0,0,9348.40039062,0,0,0,0,0,0,0,0,0,"MULTIPOLYGON (((-37.807806833525646 144.9658057195013, -37.80768231327597 144.96574833029743, -37.80697910560305 144.96585870231664, -37.80697917834637 144.96585936592047, -37.80713843318511 144.96734466522855, -37.80717921730349 144.96773481744853, -37.80745749726776 144.967023383907, -37.807806833525646 144.9658057195013)))"
com_clue_floor_use_block_2016.267,267,2016,Carlton,3855,6457,,0,830,,551,5907,0,0,6473,0,0,0,2732,0,2468,6521,0,608,0,,0,0,0,0,0,1186,39627.3984375,0,0,0,0,0,0,1511,0,,"MULTIPOLYGON (((-37.80697917834637 144.96585936592047, -37.80489491767916 144.96621755804455, -37.80505499201082 144.96769804532664, -37.80713843318511 144.96734466522855, -37.80697917834637 144.96585936592047)))"
com_clue_floor_use_block_2016.254,254,2016,Carlton,0,3190,0,,2017,0,0,2800,0,0,7669,0,2179,0,2476,0,0,,0,7094,0,906,0,0,0,0,831,0,33464.23046875,0,0,2548,0,0,0,995,0,0,"MULTIPOLYGON (((-37.804733156281124 144.96473245793317, -37.803383151080155 144.96496559728624, -37.803541125644706 144.96644545147734, -37.80489491767916 144.96621755804455, -37.804733156281124 144.96473245793317)))"
com_clue_floor_use_block_2016.116,116,2016,Melbourne (CBD),0,1975,0,0,2858,0,,0,0,0,0,0,0,0,0,0,0,,0,0,0,0,0,0,0,0,0,0,6256.70996094,0,0,0,0,0,0,,0,0,"MULTIPOLYGON (((-37.80665006308411 144.96289442526498, -37.806814394116294 144.96437307571102, -37.806874974674315 144.96491946918383, -37.80746798114644 144.96283869434706, -37.80733331350794 144.96277679376183, -37.80665006308411 144.96289442526498)))"
com_clue_floor_use_block_2016.266,266,2016,Carlton,0,9112,0,30104,1394,,0,,0,0,2461,0,0,0,,0,493,2948,0,0,0,,0,0,0,0,,4030,58545.2109375,0,0,0,0,0,0,1273,0,4986,"MULTIPOLYGON (((-37.80697910560305 144.96585870231664, -37.806874974674315 144.96491946918383, -37.806814394116294 144.96437307571102, -37.804733156281124 144.96473245793317, -37.80489491767916 144.96621755804455, -37.80697917834637 144.96585936592047, -37.80697910560305 144.96585870231664)))"
com_clue_floor_use_block_2016.255,255,2016,Carlton,,10055,0,2131,839,0,2150,2939,0,0,6539,0,0,0,5914,0,,1529,0,19548,0,1686,0,0,0,0,,13590,74934.5,0,0,2033,0,0,0,3039,0,,"MULTIPOLYGON (((-37.804733156281124 144.96473245793317, -37.80457281963809 144.96325917073807, -37.80322027713298 144.9634965265608, -37.80249964168002 144.96361956658316, -37.802659394349014 144.96509058307615, -37.803383151080155 144.96496559728624, -37.804733156281124 144.96473245793317)))"
com_clue_floor_use_block_2016.265,265,2016,Carlton,388,15982,0,21587,1280,0,0,1267,0,0,9112,0,8041,0,5487,,,427,0,9724,0,922,0,0,0,0,,11508,90531.7421875,0,0,,0,0,0,822,0,0,"MULTIPOLYGON (((-37.80457281963809 144.96325917073807, -37.804733156281124 144.96473245793317, -37.806814394116294 144.96437307571102, -37.80665006308411 144.96289442526498, -37.80457281963809 144.96325917073807)))"
com_clue_floor_use_block_2016.264,264,2016,Carlton,0,13496,0,10674,989,,0,,0,0,,0,0,0,5612,0,0,2478,0,35951,0,,0,0,0,0,,0,114213.6328125,0,0,19800,0,0,11696,5004,0,0,"MULTIPOLYGON (((-37.806488081612294 144.96141451311254, -37.80440542993994 144.96177775650648, -37.80457281963809 144.96325917073807, -37.80665006308411 144.96289442526498, -37.8065373101371 144.9618642638351, -37.806488081612294 144.96141451311254)))"
com_clue_floor_use_block_2016.257,257,2016,Carlton,,8264,,12209,1320,,0,1833,0,0,10154,0,0,0,4461,,0,3832,0,2360,0,377,0,0,0,0,124,24266,73022.890625,0,0,0,0,0,,1300,0,,"MULTIPOLYGON (((-37.804239621171114 144.9603010204764, -37.8021726017355 144.96066021333792, -37.80233353953021 144.96214363284122, -37.80305720736943 144.96201584333943, -37.80440542993994 144.96177775650648, -37.804239621171114 144.9603010204764)))"
com_clue_floor_use_block_2016.259,259,2016,Carlton,0,2708,0,0,,,0,1947,0,0,13314,0,0,0,4997,0,0,0,0,1333,0,0,0,0,0,0,0,0,28656.09960938,0,0,0,0,0,0,3654,0,0,"MULTIPOLYGON (((-37.80415113281999 144.95949100514147, -37.80207554774083 144.95853687686983, -37.80193501046808 144.95851038557376, -37.80204943107426 144.95953137975488, -37.80239442893529 144.95946940315378, -37.804239621171114 144.9603010204764, -37.80415113281999 144.95949100514147)))"
com_clue_floor_use_block_2016.263,263,2016,Carlton,0,11799,0,0,,1675,,0,0,0,19278,0,9275,0,12988,0,,4096,0,32928,0,488,0,0,0,0,,3348,98645.2578125,0,0,0,0,,0,409,0,,"MULTIPOLYGON (((-37.80542109742093 144.96009272969215, -37.804239621171114 144.9603010204764, -37.80440542993994 144.96177775650648, -37.806488081612294 144.96141451311254, -37.80632253605342 144.9599338028663, -37.80542109742093 144.96009272969215)))"
com_clue_floor_use_block_2016.262,262,2016,Carlton,0,285,0,0,442,0,0,0,0,0,683,0,0,0,,0,0,0,0,899,0,0,0,0,0,0,,0,2855.07006836,0,0,0,0,0,0,0,0,,"MULTIPOLYGON (((-37.80542109742093 144.96009272969215, -37.80415113281999 144.95949100514147, -37.804239621171114 144.9603010204764, -37.80542109742093 144.96009272969215)))"
com_clue_floor_use_block_2016.260,260,2016,Carlton,0,5110,0,0,,0,0,0,9027,0,1815,0,0,0,3130,0,0,541,0,5496,0,2533,,0,0,0,1442,6696,42577.51953125,0,0,3060,0,0,0,1018,0,0,"MULTIPOLYGON (((-37.80415113281999 144.95949100514147, -37.8040404534673 144.95846669668893, -37.80181545039121 144.95744781204328, -37.80193501046808 144.95851038557376, -37.80207554774083 144.95853687686983, -37.80415113281999 144.95949100514147)))"
com_clue_floor_use_block_2016.362,362,2016,North Melbourne,683,3483,0,,652,0,,,0,0,883,0,0,0,0,,0,332,0,4910,,860,,0,0,0,,1105,24544.2109375,0,0,0,,3221,,386,0,1705,"MULTIPOLYGON (((-37.80615506387246 144.9584594189577, -37.80399635200574 144.9574719366548, -37.80392141943632 144.95743766052385, -37.8040404534673 144.95846669668893, -37.80627039853487 144.9594986223737, -37.80615506387246 144.9584594189577)))"
com_clue_floor_use_block_2016.261,261,2016,Carlton,,783,0,,,0,0,0,0,0,4858,0,0,0,0,0,2016,384,0,0,0,3155,0,0,0,0,,0,16378.30957031,0,0,0,0,0,0,2306,0,,"MULTIPOLYGON (((-37.8040404534673 144.95846669668893, -37.80415113281999 144.95949100514147, -37.80542109742093 144.96009272969215, -37.80632253605342 144.9599338028663, -37.80627039853487 144.9594986223737, -37.8040404534673 144.95846669668893)))"
com_clue_floor_use_block_2016.125,125,2016,Melbourne (CBD),0,1494,,0,,,0,0,0,0,,0,0,0,0,0,,,0,4216,0,,0,0,0,0,0,0,9142,0,0,0,0,0,0,0,0,0,"MULTIPOLYGON (((-37.80627039853487 144.9594986223737, -37.80632253605342 144.9599338028663, -37.806488081612294 144.96141451311254, -37.8065373101371 144.9618642638351, -37.807111510329484 144.95988484145968, -37.80627039853487 144.9594986223737)))"
com_clue_floor_use_block_2016.113,113,2016,Melbourne (CBD),0,4102,406,0,966,,0,0,0,0,529,,0,,0,0,0,22947,0,0,0,1107,0,18943,0,0,4246,0,74728.96875,0,0,0,0,0,0,543,0,0,"MULTIPOLYGON (((-37.80615506387246 144.9584594189577, -37.80627039853487 144.9594986223737, -37.807111510329484 144.95988484145968, -37.80762596857858 144.95811984311675, -37.80803875184131 144.95804742695586, -37.80802557222147 144.95792723195956, -37.80878628333409 144.95779377374848, -37.808917615810614 144.95777073306806, -37.80890688901352 144.95779561667626, -37.8088991957414 144.95782222499307, -37.80889470427944 144.95784997295806, -37.808893513142515 144.9578782535808, -37.80889564849104 144.95790644482662, -37.808901713194984 144.95793636451063, -37.808911519406124 144.95796466360565, -37.80892481192943 144.95799060515446, -37.80894124375834 144.95801351038506, -37.80896038643544 144.95803278455006, -37.809315277742904 144.9581817385547, -37.80935261403942 144.95818031701452, -37.80938921045287 144.95817089092003, -37.80942399576295 144.95815373625416, -37.80945455495205 144.9581306278902, -37.809481723302994 144.95810155985214, -37.80950477615372 144.95806730518572, -37.80952309855126 144.95802877931024, -37.80953620181499 144.9579870077573, -37.80954373669415 144.95794310536195, -37.80954550268557 144.95789824192875, -37.80954145206508 144.95785361485846, -37.80953169378091 144.9578104138273, -37.809516486636426 144.95776979144065, -37.809496237798264 144.95773282919674, -37.809471485248615 144.95770051298032, -37.80944289100692 144.9576737059876, -37.80941121633653 144.95765312214877, -37.809285401541146 144.95650991115178, -37.809189551365655 144.95652667032786, -37.80918122721147 144.95647806543818, -37.80907024652434 144.9554341630009, -37.80833182305849 144.95554688124793, -37.80587978202992 144.95597937885847, -37.80600550455026 144.95711196687486, -37.80615506387246 144.9584594189577)))"
com_clue_floor_use_block_2016.103,103,2016,Melbourne (CBD),22916,25341,0,2757,1912,,0,0,0,0,5227,0,,,8874,3060,0,818,0,37868,0,,0,0,0,0,0,0,119700.53125,0,0,0,0,,0,4570,0,0,"MULTIPOLYGON (((-37.810678480763045 144.95591914910744, -37.809451199169246 144.9553681262544, -37.80907024652434 144.9554341630009, -37.80918122721147 144.95647806543818, -37.809189551365655 144.95652667032786, -37.809285401541146 144.95650991115178, -37.80941121633653 144.95765312214877, -37.80944289100692 144.9576737059876, -37.809471485248615 144.95770051298032, -37.809496237798264 144.95773282919674, -37.809516486636426 144.95776979144065, -37.80953169378091 144.9578104138273, -37.80954145206508 144.95785361485846, -37.80954550268557 144.95789824192875, -37.80954373669415 144.95794310536195, -37.80953620181499 144.9579870077573, -37.80952309855126 144.95802877931024, -37.80950477615372 144.95806730518572, -37.809481723302994 144.95810155985214, -37.80945455495205 144.9581306278902, -37.80942399576295 144.95815373625416, -37.809960986045056 144.95839881313222, -37.810678480763045 144.95591914910744)))"
com_clue_floor_use_block_2016.114,114,2016,Melbourne (CBD),5434,7967,0,1831,2955,0,0,,0,0,2900,0,0,0,3992,,0,792,551,9990,0,4377,,0,0,0,1331,0,46496.25,0,0,0,0,0,0,3199,,0,"MULTIPOLYGON (((-37.8081806624045 144.96037296892445, -37.80889564849104 144.95790644482662, -37.808893513142515 144.9578782535808, -37.80889470427944 144.95784997295806, -37.8088991957414 144.95782222499307, -37.80890688901352 144.95779561667626, -37.808917615810614 144.95777073306806, -37.80878628333409 144.95779377374848, -37.80802557222147 144.95792723195956, -37.80803875184131 144.95804742695586, -37.80762596857858 144.95811984311675, -37.807111510329484 144.95988484145968, -37.8081806624045 144.96037296892445)))"
com_clue_floor_use_block_2016.115,115,2016,Melbourne (CBD),14307,38941,0,2403,5132,2694,0,0,0,0,26754,0,9960,0,42359,0,,1056,0,75902,5213,3454,,0,0,0,,0,247945.15625,0,0,12130,0,,0,,0,,"MULTIPOLYGON (((-37.80746798114644 144.96283869434706, -37.8081806624045 144.96037296892445, -37.807111510329484 144.95988484145968, -37.8065373101371 144.9618642638351, -37.80665006308411 144.96289442526498, -37.80733331350794 144.96277679376183, -37.80746798114644 144.96283869434706)))"
com_clue_floor_use_block_2016.105,105,2016,Melbourne (CBD),0,24055,0,38266,1914,931,0,0,0,0,9028,0,0,0,13042,0,0,554,0,42956,0,2662,0,0,,0,,0,144495.984375,,0,0,4239,0,0,2071,0,0,"MULTIPOLYGON (((-37.80853505130558 144.96333009760275, -37.80924854741078 144.96086855054435, -37.8081806624045 144.96037296892445, -37.80746798114644 144.96283869434706, -37.80853505130558 144.96333009760275)))"
com_clue_floor_use_block_2016.104,104,2016,Melbourne (CBD),4763,12711,0,3581,2179,274,0,0,0,0,619,0,12849,0,2621,0,0,1396,0,18684,0,1531,0,0,0,0,435,5157,167052.65625,0,0,98004,0,0,0,2248,0,0,"MULTIPOLYGON (((-37.80924854741078 144.96086855054435, -37.809960986045056 144.95839881313222, -37.80942399576295 144.95815373625416, -37.80938921045287 144.95817089092003, -37.80935261403942 144.95818031701452, -37.809315277742904 144.9581817385547, -37.80896038643544 144.95803278455006, -37.80894124375834 144.95801351038506, -37.80892481192943 144.95799060515446, -37.808911519406124 144.95796466360565, -37.808901713194984 144.95793636451063, -37.80889564849104 144.95790644482662, -37.8081806624045 144.96037296892445, -37.80924854741078 144.96086855054435)))"
com_clue_floor_use_block_2016.95,95,2016,Melbourne (CBD),4329,18973,0,12498,5813,,943,,0,0,3638,0,19814,0,7344,0,,485,0,18775,0,4323,0,0,0,0,,0,100509.53125,0,0,0,,,0,1115,0,0,"MULTIPOLYGON (((-37.81031926048327 144.96135916210702, -37.80924854741078 144.96086855054435, -37.80853505130558 144.96333009760275, -37.809600216470734 144.96382146900123, -37.81031926048327 144.96135916210702)))"
com_clue_floor_use_block_2016.66,66,2016,Melbourne (CBD),,6190,0,728,11527,880,,0,0,0,4125,,7421,0,,0,720,,0,1473,0,4984,0,0,0,0,1848,0,46395.8515625,0,0,,0,1082,0,2725,0,,"MULTIPOLYGON (((-37.81156283048846 144.96473469333318, -37.81083677618468 144.96719945994946, -37.81182273645474 144.96764936997744, -37.812543678062006 144.96518020509654, -37.81156283048846 144.96473469333318)))"
com_clue_floor_use_block_2016.77,77,2016,Melbourne (CBD),7463,24011,0,7164,4735,2087,,0,0,0,31258,0,15212,,13772,0,1582,2898,,24501,0,1215,0,0,0,0,431,0,149976.015625,0,0,0,,2268,0,8687,0,,"MULTIPOLYGON (((-37.809854452469665 144.96674622317832, -37.80912704046774 144.96921189770262, -37.81011226202618 144.96966522255022, -37.81083677618468 144.96719945994946, -37.809854452469665 144.96674622317832)))"
com_clue_floor_use_block_2016.76,76,2016,Melbourne (CBD),0,56410,,0,8140,0,3053,0,0,0,65848,0,48790,0,20859,0,,,0,38550,0,31560,,607,0,0,,0,278659.15625,0,0,0,0,110,0,803,0,0,"MULTIPOLYGON (((-37.81083677618468 144.96719945994946, -37.81156283048846 144.96473469333318, -37.81057723343484 144.96427560623877, -37.809854452469665 144.96674622317832, -37.81083677618468 144.96719945994946)))"
com_clue_floor_use_block_2016.87,87,2016,Melbourne (CBD),4411,28409,0,,2923,4668,0,1574,0,0,36559,0,0,0,14199,,0,918,0,58563,0,665,0,0,0,0,,0,157017.953125,0,0,0,0,,0,3164,502,0,"MULTIPOLYGON (((-37.808870848835625 144.9662961520715, -37.808149256312525 144.96876865207108, -37.80912704046774 144.96921189770262, -37.809854452469665 144.96674622317832, -37.808870848835625 144.9662961520715)))"
com_clue_floor_use_block_2016.96,96,2016,Melbourne (CBD),0,43386,0,82591,2106,3756,0,0,0,0,7228,,0,0,2426,0,0,,2109,0,0,480,0,0,0,,0,0,168029.203125,0,0,0,0,3790,0,,0,0,"MULTIPOLYGON (((-37.80697910560305 144.96585870231664, -37.80768231327597 144.96574833029743, -37.807806833525646 144.9658057195013, -37.808870848835625 144.9662961520715, -37.809600216470734 144.96382146900123, -37.80853505130558 144.96333009760275, -37.80746798114644 144.96283869434706, -37.806874974674315 144.96491946918383, -37.80697910560305 144.96585870231664)))"
com_clue_floor_use_block_2016.86,86,2016,Melbourne (CBD),0,3644,21617,0,755,,0,0,0,0,1640,,0,0,0,0,,0,0,0,0,,0,0,0,0,,0,40092,0,0,0,0,0,0,0,0,0,"MULTIPOLYGON (((-37.809600216470734 144.96382146900123, -37.808870848835625 144.9662961520715, -37.809854452469665 144.96674622317832, -37.81057723343484 144.96427560623877, -37.809600216470734 144.96382146900123)))"
com_clue_floor_use_block_2016.94,94,2016,Melbourne (CBD),2139,26361,0,7244,2083,0,0,0,0,0,49168,0,22525,0,686,0,,2520,0,5307,0,4329,0,0,0,0,688,9444,149246.984375,0,0,0,,,0,12716,0,,"MULTIPOLYGON (((-37.81031926048327 144.96135916210702, -37.81103986832627 144.95889655479306, -37.809960986045056 144.95839881313222, -37.80924854741078 144.96086855054435, -37.81031926048327 144.96135916210702)))"
com_clue_floor_use_block_2016.85,85,2016,Melbourne (CBD),,58670,,,27492,7914,,0,2867,0,65602,0,21426,0,8162,0,3700,7658,0,4247,0,36964,0,381,0,0,854,12390,278051.75,6465,0,0,0,316,0,6178,0,,"MULTIPOLYGON (((-37.81130201397811 144.9618074958555, -37.81031926048327 144.96135916210702, -37.809600216470734 144.96382146900123, -37.81057723343484 144.96427560623877, -37.81156283048846 144.96473469333318, -37.81228264778364 144.96225748382395, -37.81130201397811 144.9618074958555)))"
com_clue_floor_use_block_2016.65,65,2016,Melbourne (CBD),9774,40858,0,327,8260,,,0,0,0,2071,0,,0,,0,0,,0,15775,0,41892,0,,0,0,4870,0,144813.875,0,0,0,0,1158,0,1576,0,143,"MULTIPOLYGON (((-37.81228264778364 144.96225748382395, -37.81156283048846 144.96473469333318, -37.812543678062006 144.96518020509654, -37.81326939971929 144.962709814008, -37.81228264778364 144.96225748382395)))"
com_clue_floor_use_block_2016.64,64,2016,Melbourne (CBD),1913,23096,0,11558,7549,1044,,333,0,0,33211,0,19100,0,3293,0,0,1318,0,11125,0,8056,0,0,0,0,1095,0,127507.2734375,0,0,0,0,1430,0,2905,0,,"MULTIPOLYGON (((-37.81398768379765 144.96023557788953, -37.81300041149955 144.95978437377843, -37.81228264778364 144.96225748382395, -37.81326939971929 144.962709814008, -37.81398768379765 144.96023557788953)))"
com_clue_floor_use_block_2016.74,74,2016,Melbourne (CBD),0,16597,,2659,7073,353,,0,0,0,26030,0,9398,0,5658,0,0,560,0,4007,0,4818,0,0,0,0,478,8685,102490.1796875,0,0,8634,,,0,5452,0,514,"MULTIPOLYGON (((-37.81300041149955 144.95978437377843, -37.812021336026454 144.95934079436046, -37.81130201397811 144.9618074958555, -37.81228264778364 144.96225748382395, -37.81300041149955 144.95978437377843)))"
com_clue_floor_use_block_2016.84,84,2016,Melbourne (CBD),,16881,0,2013,5108,,0,2365,0,0,9463,0,0,0,8027,0,0,1145,0,60561,0,5328,0,0,0,0,1822,0,163894.921875,0,0,47477,0,767,,1960,0,0,"MULTIPOLYGON (((-37.812021336026454 144.95934079436046, -37.81103986832627 144.95889655479306, -37.81031926048327 144.96135916210702, -37.81130201397811 144.9618074958555, -37.812021336026454 144.95934079436046)))"
com_clue_floor_use_block_2016.93,93,2016,Melbourne (CBD),12199,44059,0,1898,984,1662,0,0,0,0,46277,0,8264,0,16922,0,1150,2029,0,57796,0,,0,0,0,0,,0,202049.3125,0,0,0,0,0,0,7643,0,0,"MULTIPOLYGON (((-37.81103986832627 144.95889655479306, -37.811761533451126 144.95641765023836, -37.810678480763045 144.95591914910744, -37.809960986045056 144.95839881313222, -37.81103986832627 144.95889655479306)))"
com_clue_floor_use_block_2016.83,83,2016,Melbourne (CBD),0,14934,0,2772,1738,,0,0,0,0,11629,0,9000,,9320,0,0,5486,,30073,0,,0,0,0,0,,0,94502.796875,0,0,0,0,0,0,1642,0,0,"MULTIPOLYGON (((-37.811761533451126 144.95641765023836, -37.81103986832627 144.95889655479306, -37.812021336026454 144.95934079436046, -37.812738569666976 144.95686088439007, -37.811761533451126 144.95641765023836)))"
com_clue_floor_use_block_2016.92,92,2016,West Melbourne (Residential),0,0,0,0,0,0,0,,0,0,0,,0,0,0,0,0,0,0,0,0,0,0,0,,0,0,0,73503.4296875,0,0,0,0,0,0,0,0,0,"MULTIPOLYGON (((-37.810337148127445 144.95293140129306, -37.80923945881577 144.95239134522197, -37.808743950934456 144.9541192559753, -37.80851159117941 144.9549254598476, -37.80833182305849 144.95554688124793, -37.80907024652434 144.9554341630009, -37.809451199169246 144.9553681262544, -37.810678480763045 144.95591914910744, -37.811761533451126 144.95641765023836, -37.81246600266657 144.9539196099459, -37.81139888621878 144.95342562308844, -37.810337148127445 144.95293140129306)))"
com_clue_floor_use_block_2016.73,73,2016,Melbourne (CBD),0,23806,0,0,,,0,0,0,0,49652,0,8983,0,,0,6298,2219,0,0,0,0,0,,0,0,0,0,107608.328125,0,0,0,0,0,0,9549,0,0,"MULTIPOLYGON (((-37.812738569666976 144.95686088439007, -37.812021336026454 144.95934079436046, -37.81300041149955 144.95978437377843, -37.813715860272 144.9573083858407, -37.812738569666976 144.95686088439007)))"
com_clue_floor_use_block_2016.63,63,2016,Melbourne (CBD),0,13174,0,,1282,18657,0,0,0,0,13030,0,0,0,,0,22542,2039,0,,0,910,0,,0,0,969,2104,76043.4296875,0,0,0,0,0,0,234,0,0,"MULTIPOLYGON (((-37.813715860272 144.9573083858407, -37.81300041149955 144.95978437377843, -37.81398768379765 144.96023557788953, -37.81469699639535 144.9577608816357, -37.813715860272 144.9573083858407)))"
com_clue_floor_use_block_2016.53,53,2016,Melbourne (CBD),22427,38289,,1357,4459,10180,,0,0,0,87172,0,3440,0,15856,,0,3002,0,3249,0,2708,0,,0,0,,0,206287.359375,0,0,0,0,1274,0,10894,0,0,"MULTIPOLYGON (((-37.815681176130035 144.95820684587977, -37.81469699639535 144.9577608816357, -37.81398768379765 144.96023557788953, -37.81496906251959 144.9606861082248, -37.815681176130035 144.95820684587977)))"
com_clue_floor_use_block_2016.43,43,2016,Melbourne (CBD),11820,38723,,8153,9050,10581,,0,0,0,99159,0,9956,0,23772,0,2581,4515,,0,0,3076,0,0,0,0,,0,237364.046875,0,0,0,0,,0,13706,0,,"MULTIPOLYGON (((-37.815954663923016 144.96113303041332, -37.81664798251988 144.95865069634866, -37.815681176130035 144.95820684587977, -37.81496906251959 144.9606861082248, -37.815954663923016 144.96113303041332)))"
com_clue_floor_use_block_2016.54,54,2016,Melbourne (CBD),0,16476,0,3750,4935,,1591,0,0,0,25248,0,9995,0,4417,0,0,603,0,3618,0,7847,,,0,0,1222,0,85709.03125,0,0,0,0,,0,5115,0,,"MULTIPOLYGON (((-37.81496906251959 144.9606861082248, -37.81398768379765 144.96023557788953, -37.81326939971929 144.962709814008, -37.814249923529275 144.963157342323, -37.81496906251959 144.9606861082248)))"
com_clue_floor_use_block_2016.45,45,2016,Melbourne (CBD),1760,16745,0,4135,4932,,0,0,0,0,4085,0,0,0,0,0,0,495,0,3252,0,33520,0,,0,0,6676,0,95906.703125,0,0,0,0,947,0,17676,0,455,"MULTIPOLYGON (((-37.814249923529275 144.963157342323, -37.813528257005544 144.96563418949418, -37.814512203036735 144.96608507663012, -37.81523450714485 144.96361210868025, -37.814249923529275 144.963157342323)))"
com_clue_floor_use_block_2016.35,35,2016,Melbourne (CBD),21059,32366,0,2404,3803,3512,4652,0,0,,13648,0,0,0,0,0,1418,602,0,5858,0,17752,,,0,0,5507,0,136398.265625,0,0,0,0,5724,0,10726,1441,4633,"MULTIPOLYGON (((-37.81523450714485 144.96361210868025, -37.814512203036735 144.96608507663012, -37.81549294659176 144.96653404672136, -37.816216607301676 144.96406083755923, -37.81523450714485 144.96361210868025)))"
com_clue_floor_use_block_2016.44,44,2016,Melbourne (CBD),0,42723,0,2439,3214,2396,791,0,0,0,57578,0,22649,0,2992,0,,799,0,11366,0,6933,,0,0,0,865,0,187753.328125,0,0,0,11492,5466,0,14765,,461,"MULTIPOLYGON (((-37.81523450714485 144.96361210868025, -37.815954663923016 144.96113303041332, -37.81496906251959 144.9606861082248, -37.814249923529275 144.963157342323, -37.81523450714485 144.96361210868025)))"
com_clue_floor_use_block_2016.34,34,2016,Melbourne (CBD),7148,57717,,1868,3777,8424,1118,0,0,0,106052,0,,0,16140,0,0,1187,0,2257,0,6737,0,,0,0,1487,0,248140.75,0,0,0,0,22350,0,8374,264,867,"MULTIPOLYGON (((-37.81693275483557 144.9615868126621, -37.815954663923016 144.96113303041332, -37.81523450714485 144.96361210868025, -37.816216607301676 144.96406083755923, -37.81693275483557 144.9615868126621)))"
com_clue_floor_use_block_2016.25,25,2016,Melbourne (CBD),11182,30782,0,15944,2515,3734,2242,0,0,0,43832,0,3815,0,4588,0,0,839,0,12596,0,10520,,0,0,0,2566,0,163558.4375,0,0,0,0,,0,15448,1309,1192,"MULTIPOLYGON (((-37.816216607301676 144.96406083755923, -37.81549294659176 144.96653404672136, -37.81647603304798 144.96698248107236, -37.817195916800145 144.964510359889, -37.816216607301676 144.96406083755923)))"
com_clue_floor_use_block_2016.24,24,2016,Melbourne (CBD),0,68937,0,2888,4657,4634,2020,0,0,0,145854,0,10143,0,17146,0,0,1387,0,15546,0,3802,0,0,0,0,778,0,295251.28125,0,0,0,0,2303,0,15158,0,0,"MULTIPOLYGON (((-37.81790441491363 144.962034185309, -37.81693275483557 144.9615868126621, -37.816216607301676 144.96406083755923, -37.817195916800145 144.964510359889, -37.81790441491363 144.962034185309)))"
com_clue_floor_use_block_2016.33,33,2016,Melbourne (CBD),6860,26424,0,5815,8993,2127,1513,0,0,0,53913,0,0,0,6360,0,4876,642,0,19531,0,3134,0,0,0,0,2117,0,158242.15625,0,0,0,0,1828,0,14109,0,0,"MULTIPOLYGON (((-37.815954663923016 144.96113303041332, -37.81693275483557 144.9615868126621, -37.817650679029995 144.95911366854256, -37.816648061466275 144.95865041585787, -37.81664798251988 144.95865069634866, -37.815954663923016 144.96113303041332)))"
com_clue_floor_use_block_2016.23,23,2016,Melbourne (CBD),9630,32333,0,,4145,5976,,0,0,0,24521,0,2422,0,2086,0,,4118,0,4961,0,2083,0,,0,0,,0,140632.546875,0,0,0,0,38482,0,7781,0,0,"MULTIPOLYGON (((-37.81860301692971 144.9595547455125, -37.817650679029995 144.95911366854256, -37.81693275483557 144.9615868126621, -37.81790441491363 144.962034185309, -37.81860301692971 144.9595547455125)))"
com_clue_floor_use_block_2016.14,14,2016,Melbourne (CBD),20459,39215,0,22028,10210,1215,297,0,0,0,27285,0,26118,0,1255,0,0,1372,0,8002,0,3680,,0,0,0,824,0,167844.0625,0,0,0,0,946,0,4482,0,,"MULTIPOLYGON (((-37.81790441491363 144.962034185309, -37.817195916800145 144.964510359889, -37.81818071977549 144.96496821501876, -37.818897006549356 144.9624829043299, -37.81790441491363 144.962034185309)))"
com_clue_floor_use_block_2016.4,4,2016,Melbourne (CBD),0,12761,0,,4368,0,0,0,0,0,12071,,0,0,0,0,0,,,0,0,1046,0,347,0,,0,0,72624.2265625,0,0,0,0,0,0,1674,0,0,"MULTIPOLYGON (((-37.81974299159314 144.96475635062856, -37.82008784857754 144.96308028179104, -37.82024182629138 144.9623318816039, -37.820304724234404 144.96214825697547, -37.820564881840326 144.96138874483285, -37.81921683911849 144.96137965751842, -37.818897006549356 144.9624829043299, -37.81818071977549 144.96496821501876, -37.81792301205209 144.96585853713435, -37.818026887545976 144.96590395322647, -37.81787765184793 144.96645274324584, -37.81776665457735 144.96639694460586, -37.817464744736455 144.96743801558117, -37.81922045406143 144.96824653356234, -37.819390275853856 144.96668258327344, -37.81943903131792 144.9662335402619, -37.81971312989022 144.9649014775664, -37.81974299159314 144.96475635062856)))"
com_clue_floor_use_block_2016.13,13,2016,Melbourne (CBD),0,19148,0,1440,1858,,0,0,0,0,38735,0,8110,0,10542,0,0,3149,4171,6925,0,2387,,0,0,0,,0,103334.3984375,0,0,0,0,0,0,4860,0,0,"MULTIPOLYGON (((-37.81961074562456 144.960020837887, -37.81867486242457 144.95958793687504, -37.81860301692971 144.9595547455125, -37.81790441491363 144.962034185309, -37.818897006549356 144.9624829043299, -37.81921683911849 144.96137965751842, -37.81961074562456 144.960020837887)))"
com_clue_floor_use_block_2016.2,2,2016,Melbourne (CBD),0,2445,0,0,5636,,0,0,0,0,0,,0,0,0,0,0,,0,0,0,0,0,0,0,0,0,0,21569.00976562,0,0,0,0,0,0,,0,0,"MULTIPOLYGON (((-37.820564881840326 144.96138874483285, -37.820849310849475 144.96055835039277, -37.82195089296171 144.95828316563768, -37.82205443973877 144.95807764688166, -37.82154545452571 144.95802062841665, -37.82145151345558 144.95800696405072, -37.82135827061352 144.95798710600798, -37.82126598289142 144.9579611097138, -37.82117490381361 144.9579290443181, -37.821085284575474 144.95789100061856, -37.8203584892628 144.95755484937237, -37.81961074562456 144.960020837887, -37.81921683911849 144.96137965751842, -37.820564881840326 144.96138874483285)))"
com_clue_floor_use_block_2016.72,72,2016,Melbourne (CBD),0,20577,0,3653,4636,1447,0,0,,0,25631,0,18249,0,7629,0,13942,527,0,20176,0,911,,0,0,0,629,0,123549.046875,0,0,0,0,1145,0,3236,0,0,"MULTIPOLYGON (((-37.81442481994765 144.954826993148, -37.81344766629263 144.95437471767974, -37.812738569666976 144.95686088439007, -37.813715860272 144.9573083858407, -37.81442481994765 144.954826993148)))"
com_clue_floor_use_block_2016.62,62,2016,Melbourne (CBD),6574,35289,0,3769,4530,3357,0,0,0,0,54045,,23274,0,10819,0,0,2640,0,33751,0,,0,0,0,0,,0,187587.9375,0,0,0,0,,0,8026,0,0,"MULTIPOLYGON (((-37.81540463503014 144.95527793086956, -37.81442481994765 144.954826993148, -37.813715860272 144.9573083858407, -37.81469699639535 144.9577608816357, -37.81540463503014 144.95527793086956)))"
com_clue_floor_use_block_2016.52,52,2016,Melbourne (CBD),0,70724,0,0,4775,18334,,0,0,0,149510,0,15593,0,36103,0,0,2699,0,0,0,1754,0,0,0,0,0,0,345900,0,0,0,0,28156,0,18063,0,,"MULTIPOLYGON (((-37.81638573508214 144.95573010431303, -37.81540463503014 144.95527793086956, -37.81469699639535 144.9577608816357, -37.815681176130035 144.95820684587977, -37.81638573508214 144.95573010431303)))"
com_clue_floor_use_block_2016.42,42,2016,Melbourne (CBD),0,33300,0,3725,2729,2951,1616,0,1328,0,77714,0,,0,13005,0,0,2959,0,0,0,1300,0,,0,0,,0,165754.734375,0,0,0,0,683,0,23283,0,0,"MULTIPOLYGON (((-37.81737347041394 144.95617733838964, -37.81638573508214 144.95573010431303, -37.815681176130035 144.95820684587977, -37.81664798251988 144.95865069634866, -37.816648061466275 144.95865041585787, -37.81737347041394 144.95617733838964)))"
com_clue_floor_use_block_2016.32,32,2016,Melbourne (CBD),9366,47546,0,,1563,6578,653,0,0,0,118441,0,0,0,25478,0,2436,2192,0,7347,0,3139,,,0,0,,0,245974.453125,0,0,0,0,1712,0,17661,0,0,"MULTIPOLYGON (((-37.818356664269686 144.95662646193142, -37.81737347041394 144.95617733838964, -37.816648061466275 144.95865041585787, -37.817650679029995 144.95911366854256, -37.818356664269686 144.95662646193142)))"
com_clue_floor_use_block_2016.22,22,2016,Melbourne (CBD),9369,54911,0,,7941,2918,,0,0,0,100467,0,38837,0,,0,,1620,0,0,0,1780,0,0,0,0,,0,260670.3125,0,0,0,0,2742,0,35865,0,0,"MULTIPOLYGON (((-37.819394368718136 144.95710660914565, -37.818356664269686 144.95662646193142, -37.817650679029995 144.95911366854256, -37.81860301692971 144.9595547455125, -37.81867486242457 144.95958793687504, -37.819394368718136 144.95710660914565)))"
com_clue_floor_use_block_2016.12,12,2016,Melbourne (CBD),7148,36702,,4472,7771,6701,0,1280,0,0,58869,0,33215,0,5362,0,0,929,0,10219,0,1445,0,0,0,0,,0,196008.625,0,0,0,0,0,0,20032,0,0,"MULTIPOLYGON (((-37.8203584892628 144.95755484937237, -37.819394368718136 144.95710660914565, -37.81867486242457 144.95958793687504, -37.81961074562456 144.960020837887, -37.8203584892628 144.95755484937237)))"
com_clue_floor_use_block_2016.1,1,2016,Melbourne (CBD),0,10335,,0,659,,0,0,0,0,11416,,5543,,4747,0,0,2885,0,23980,0,705,0,0,0,0,0,0,80830.0234375,,0,0,0,0,0,325,0,0,"MULTIPOLYGON (((-37.82110821586742 144.95504986986, -37.821097742351554 144.95508597863275, -37.8203584892628 144.95755484937237, -37.821085284575474 144.95789100061856, -37.82117490381361 144.9579290443181, -37.82126598289142 144.9579611097138, -37.82135827061352 144.95798710600798, -37.82145151345558 144.95800696405072, -37.82154545452571 144.95802062841665, -37.82205443973877 144.95807764688166, -37.82310275616476 144.9559968737463, -37.82110821586742 144.95504986986)))"
com_clue_floor_use_block_2016.11,11,2016,Melbourne (CBD),20138,16159,0,0,5728,,,0,0,0,10626,0,,0,6783,0,0,945,,39850,0,969,0,0,,0,1040,0,116976.6171875,0,0,,0,1514,0,6045,0,0,"MULTIPOLYGON (((-37.821097742351554 144.95508597863275, -37.820098020541145 144.95462516027246, -37.819394368718136 144.95710660914565, -37.8203584892628 144.95755484937237, -37.821097742351554 144.95508597863275)))"
com_clue_floor_use_block_2016.21,21,2016,Melbourne (CBD),15091,35426,0,0,1527,1159,0,0,0,0,42379,0,24436,0,13747,0,0,3807,0,0,0,,0,0,0,0,,0,253484.015625,0,0,87048,0,0,0,27653,0,0,"MULTIPOLYGON (((-37.819069339887285 144.95415181309426, -37.818356664269686 144.95662646193142, -37.819394368718136 144.95710660914565, -37.820098020541145 144.95462516027246, -37.819069339887285 144.95415181309426)))"
com_clue_floor_use_block_2016.31,31,2016,Melbourne (CBD),0,31852,0,11270,5788,2043,303,0,0,0,16903,0,4147,0,19804,0,0,824,0,39405,0,5569,0,0,0,0,6084,2145,201793.828125,0,0,24180,0,12854,0,18624,0,0,"MULTIPOLYGON (((-37.81808382108412 144.95369833887233, -37.81737347041394 144.95617733838964, -37.818356664269686 144.95662646193142, -37.819069339887285 144.95415181309426, -37.81808382108412 144.95369833887233)))"
com_clue_floor_use_block_2016.41,41,2016,Melbourne (CBD),8821,15002,0,0,4859,,0,0,0,0,37676,0,0,0,4809,,2495,3692,0,3634,0,350,0,0,0,0,,0,86188.9921875,0,0,0,0,,0,1833,0,0,"MULTIPOLYGON (((-37.81710440178117 144.95324768169135, -37.81638573508214 144.95573010431303, -37.81737347041394 144.95617733838964, -37.81808382108412 144.95369833887233, -37.81710440178117 144.95324768169135)))"
com_clue_floor_use_block_2016.61,61,2016,Melbourne (CBD),3116,38693,0,5844,4532,11059,0,0,0,0,654,0,0,0,25319,0,,1424,0,83005,0,318,0,0,0,0,,0,219560.625,0,0,38462,0,4327,0,2353,0,0,"MULTIPOLYGON (((-37.81513667217536 144.9523423122654, -37.81442481994765 144.954826993148, -37.81540463503014 144.95527793086956, -37.81611799411819 144.95279382101592, -37.81513667217536 144.9523423122654)))"
com_clue_floor_use_block_2016.1101,1101,2016,Docklands,11114,60722,0,0,3610,6061,0,0,0,0,79000,,34301,0,16042,0,0,44342,0,11231,0,26405,0,62,0,0,,0,355151.03125,47322,0,0,0,,,,0,,"MULTIPOLYGON (((-37.814251448210136 144.94770379575291, -37.81371680952047 144.9472398445013, -37.81247591652939 144.94580297729254, -37.81203304870601 144.94500449787512, -37.81164640748115 144.9460199293329, -37.810957425871244 144.94782534503366, -37.811569124118925 144.94815564055054, -37.811657148554325 144.9482556360501, -37.812567696297734 144.94929003455434, -37.81348209322955 144.95032884431015, -37.81316769936383 144.95143788635392, -37.81417025807345 144.95189767407942, -37.81513667217536 144.9523423122654, -37.81611799411819 144.95279382101592, -37.81710440178117 144.95324768169135, -37.81808382108412 144.95369833887233, -37.819069339887285 144.95415181309426, -37.820098020541145 144.95462516027246, -37.821097742351554 144.95508597863275, -37.82110821586742 144.95504986986, -37.82126373115777 144.95451368282045, -37.82008651685652 144.95295869612238, -37.82000627942717 144.95268873406962, -37.81999107948058 144.95268174600767, -37.81998084321681 144.9526770394036, -37.8199969007289 144.95262155713598, -37.81969777788369 144.952484023763, -37.81977049346602 144.9522326976983, -37.81976787174875 144.95222921438452, -37.81977342111928 144.95222257882057, -37.81978835689676 144.95217095604204, -37.81978977228167 144.95216606493622, -37.81989067358652 144.95181648645422, -37.819827497778775 144.95177359597096, -37.81931545909199 144.9514259696681, -37.8179230182729 144.95041498077157, -37.81618443000552 144.9493810212961, -37.81562143574979 144.94895937005583, -37.814251448210136 144.94770379575291)))"
com_clue_floor_use_block_2016.71,71,2016,Melbourne (CBD),1139,2140,0,0,503,0,0,0,0,0,2558,0,0,0,,0,0,0,0,0,0,251,0,0,0,0,273,0,52018.1015625,0,0,32336,0,0,,,0,0,"MULTIPOLYGON (((-37.81417025807345 144.95189767407942, -37.81344766629263 144.95437471767974, -37.81442481994765 144.954826993148, -37.81513667217536 144.9523423122654, -37.81417025807345 144.95189767407942)))"
com_clue_floor_use_block_2016.82,82,2016,Melbourne (CBD),0,27188,0,2442,2385,3013,,0,0,0,68813,0,5559,0,7344,,31260,2125,0,4018,0,746,0,,0,0,,0,165341.296875,1281,0,0,0,2997,0,5274,0,0,"MULTIPOLYGON (((-37.81344766629263 144.95437471767974, -37.81246600266657 144.9539196099459, -37.811761533451126 144.95641765023836, -37.812738569666976 144.95686088439007, -37.81344766629263 144.95437471767974)))"
com_clue_floor_use_block_2016.91,91,2016,West Melbourne (Residential),0,8967,0,3026,314,3030,,255,0,0,6125,0,0,,8696,0,0,3913,0,21483,0,332,964,0,0,0,0,0,60165.98046875,0,0,0,0,0,0,523,,,"MULTIPOLYGON (((-37.81139888621878 144.95342562308844, -37.81246600266657 144.9539196099459, -37.81316769936383 144.95143788635392, -37.812101578761876 144.95094260991232, -37.81139888621878 144.95342562308844)))"
com_clue_floor_use_block_2016.81,81,2016,Melbourne (CBD),16258,24573,0,21224,1312,0,0,1656,0,,1251,0,0,0,12309,0,0,5197,,30119,0,,0,0,0,0,,0,117063.46875,0,0,0,0,0,0,,0,0,"MULTIPOLYGON (((-37.81246600266657 144.9539196099459, -37.81344766629263 144.95437471767974, -37.81417025807345 144.95189767407942, -37.81316769936383 144.95143788635392, -37.81246600266657 144.9539196099459)))"
com_clue_floor_use_block_2016.657,657,2016,East Melbourne,0,3460,0,,0,0,0,17558,,0,0,0,0,0,1956,0,0,9362,0,9910,0,0,0,0,0,0,0,0,43561.87109375,0,0,0,0,0,0,0,0,0,"MULTIPOLYGON (((-37.817346713273935 144.9878969844568, -37.81743525351291 144.98882542132947, -37.817498192614224 144.98881475567057, -37.81761280329104 144.98995535726976, -37.81761437609546 144.98995500220366, -37.81788746869003 144.98988892150487, -37.81797036825223 144.9898707684804, -37.818610936339056 144.9897574459656, -37.819045917066624 144.9896888626679, -37.819379359735365 144.98963287264704, -37.81937966615831 144.98963282116372, -37.81920091887608 144.9876006722914, -37.817346713273935 144.9878969844568)))"
com_clue_floor_use_block_2016.849,849,2016,South Yarra,0,0,0,0,0,0,0,0,0,0,0,,0,0,0,0,0,0,0,0,0,0,0,0,0,0,0,0,4807,0,0,0,0,0,0,0,0,0,"MULTIPOLYGON (((-37.827720852581805 144.9849764310525, -37.82818033858758 144.98626008746825, -37.82968787075996 144.98791208157317, -37.82968977812209 144.98791174002926, -37.83019876425549 144.9878205933219, -37.83053288332388 144.98779409794616, -37.83007080897151 144.98733698759307, -37.82933456255552 144.9865702261557, -37.82932081215459 144.98655498311498, -37.828941928903525 144.9861349658913, -37.82863612677093 144.98572763345973, -37.82848435690219 144.9854606513733, -37.82834434721892 144.9851312930151, -37.828330037074025 144.98494634500543, -37.8283451992316 144.98485261567853, -37.827720852581805 144.9849764310525)))"
com_clue_floor_use_block_2016.855,855,2016,South Yarra,0,5106,0,18231,0,,0,13104,0,0,0,0,0,0,,0,0,25491,0,2743,0,0,0,0,0,0,0,0,65307.12109375,0,0,0,0,0,0,0,0,0,"MULTIPOLYGON (((-37.83074200420505 144.986267973488, -37.83348186560031 144.98569729010336, -37.83325869594531 144.98387762358715, -37.830511758303984 144.98442294790144, -37.83074200420505 144.986267973488)))"
com_clue_floor_use_block_2016.853,853,2016,South Yarra,0,3562,0,0,0,0,0,9198,0,0,0,0,0,0,2535,0,0,13485,0,14500,0,0,0,0,0,0,0,0,43280.58984375,0,0,0,0,0,0,0,0,0,"MULTIPOLYGON (((-37.830511758303984 144.98442294790144, -37.8283451992316 144.98485261567853, -37.828330037074025 144.98494634500543, -37.82834434721892 144.9851312930151, -37.82848435690219 144.9854606513733, -37.82863612677093 144.98572763345973, -37.828941928903525 144.9861349658913, -37.82932081215459 144.98655498311498, -37.83074200420505 144.986267973488, -37.830511758303984 144.98442294790144)))"
com_clue_floor_use_block_2016.854,854,2016,South Yarra,0,,0,0,0,0,0,1955,0,0,0,,0,0,1666,0,0,3155,0,7001,0,0,0,0,0,0,0,0,15650.30957031,0,0,0,0,0,0,0,0,0,"MULTIPOLYGON (((-37.83074200420505 144.986267973488, -37.82932081215459 144.98655498311498, -37.82933456255552 144.9865702261557, -37.83007080897151 144.98733698759307, -37.83053288332388 144.98779409794616, -37.830535889179636 144.98779385948535, -37.83077999463906 144.98787205652226, -37.83093378275496 144.98792185964632, -37.83094878582037 144.98792514472916, -37.83074200420505 144.986267973488)))"
com_clue_floor_use_block_2016.867,867,2016,South Yarra,0,386,0,,0,0,0,3743,0,0,0,0,0,0,,0,,7652,0,1786,0,0,0,0,0,0,0,0,18288.65039062,0,0,0,0,0,0,0,0,0,"MULTIPOLYGON (((-37.8401099149433 144.98517423412338, -37.83923212973004 144.98535138545884, -37.83919683373717 144.98530069607008, -37.83875459900407 144.98538779758326, -37.83820042695027 144.98549694272842, -37.83820001200586 144.98549702446965, -37.83833117828084 144.98651885143224, -37.83842318273597 144.98650240114125, -37.840240652133325 144.98613060481367, -37.8401099149433 144.98517423412338)))"
com_clue_floor_use_block_2016.868,868,2016,South Yarra,0,1325,0,2722,0,0,0,6533,0,0,0,0,0,0,,0,,12806,0,2368,0,0,0,0,0,0,0,0,27002.359375,0,0,0,0,0,0,0,0,0,"MULTIPOLYGON (((-37.842924734152035 144.98442429771993, -37.84134051367503 144.98474176690638, -37.84126009115955 144.9848465891963, -37.84101108215677 144.9848975577809, -37.84101450336711 144.98492448053392, -37.84099671701272 144.98492812145088, -37.84099757209864 144.98493485271206, -37.84015138887886 144.98510805177423, -37.8401099149433 144.98517423412338, -37.840240652133325 144.98613060481367, -37.843073176711016 144.9855511201804, -37.842924734152035 144.98442429771993)))"
com_clue_floor_use_block_2016.869,869,2016,South Yarra,0,3076,0,0,0,0,0,7232,0,0,0,0,0,0,1984,0,0,8077,0,11007,0,0,0,0,0,0,0,0,31374.26953125,0,0,0,0,0,0,0,0,0,"MULTIPOLYGON (((-37.842924734152035 144.98442429771993, -37.843073176711016 144.9855511201804, -37.84464053549472 144.98523044519018, -37.84567824232697 144.98502208651, -37.84554268122852 144.98398635422615, -37.844504644302724 144.98420263401752, -37.84448980782457 144.98429307508096, -37.843652232654506 144.98447165842995, -37.843549337301106 144.9842991257336, -37.842924734152035 144.98442429771993)))"
com_clue_floor_use_block_2016.857,857,2016,South Yarra,0,6180,0,,0,0,0,19255,0,0,0,0,0,0,,0,0,25708,0,21918,0,0,0,0,0,0,0,0,79256.3828125,0,0,0,0,0,0,0,0,0,"MULTIPOLYGON (((-37.83074200420505 144.986267973488, -37.83094878582037 144.98792514472916, -37.831148808749035 144.98796893355862, -37.831373231991904 144.98792999095716, -37.83464730751434 144.98729726289073, -37.83473573791003 144.98727352827908, -37.834523296576904 144.9854803589228, -37.83348186560031 144.98569729010336, -37.83074200420505 144.986267973488)))"
com_clue_floor_use_block_2016.858,858,2016,South Yarra,,7121,0,,0,2029,0,12515,0,0,0,0,0,0,5951,0,0,28296,0,34906,0,0,0,0,0,0,0,0,92304.09375,0,0,0,0,0,0,0,0,0,"MULTIPOLYGON (((-37.83452263311396 144.98547476497137, -37.834523296576904 144.9854803589228, -37.83473573791003 144.98727352827908, -37.83491301850498 144.9872259463329, -37.83601974584698 144.98699192455095, -37.83722440541403 144.98674553964898, -37.83823174024787 144.98653663218542, -37.83833117828084 144.98651885143224, -37.83820001200586 144.98549702446965, -37.83809857952702 144.98470687785533, -37.83452263311396 144.98547476497137)))"
com_clue_floor_use_block_2016.859,859,2016,South Yarra,0,3917,0,0,,0,0,7690,0,0,,0,0,0,1378,0,0,17620,0,20913,0,0,0,0,0,0,0,0,52410.9609375,0,0,0,0,0,0,0,0,0,"MULTIPOLYGON (((-37.83452263311396 144.98547476497137, -37.83809857952702 144.98470687785533, -37.83795528017765 144.98359533162593, -37.83438398414385 144.98433978132525, -37.83452263311396 144.98547476497137)))"
com_clue_floor_use_block_2016.856,856,2016,South Yarra,0,1659,0,0,0,0,0,6653,0,0,0,0,0,0,1978,0,0,7222,0,5819,0,0,0,0,0,0,0,0,23330.11914062,0,0,0,0,0,0,0,0,0,"MULTIPOLYGON (((-37.83325869594531 144.98387762358715, -37.83348186560031 144.98569729010336, -37.834523296576904 144.9854803589228, -37.83452263311396 144.98547476497137, -37.83438398414385 144.98433978132525, -37.834297280179015 144.98367143053332, -37.83325869594531 144.98387762358715)))"
com_clue_floor_use_block_2016.612,612,2016,East Melbourne,3075,2665,0,0,0,0,303,9802,0,0,359,0,0,0,1227,0,0,7686,0,7046,0,,0,0,0,0,,0,32246.43945312,0,0,0,0,0,0,0,0,0,"MULTIPOLYGON (((-37.81098910521334 144.98877406505628, -37.81070355880385 144.98615906360487, -37.80932737022622 144.98639056717516, -37.80960429814122 144.98900507695907, -37.81098910521334 144.98877406505628)))"
com_clue_floor_use_block_2016.601,601,2016,East Melbourne,4951,1949,0,0,0,0,,3742,0,0,0,0,0,0,,0,3344,8761,0,,0,0,0,0,0,0,0,0,24617.4296875,0,0,0,0,0,0,0,0,0,"MULTIPOLYGON (((-37.81098910521334 144.98877406505628, -37.80960429814122 144.98900507695907, -37.8098471036877 144.99129789523084, -37.811244482158145 144.99105718820198, -37.81098910521334 144.98877406505628)))"
com_clue_floor_use_block_2016.613,613,2016,East Melbourne,2382,19663,0,0,726,,1662,1128,0,0,2425,0,,0,20468,0,0,3940,2745,40769,0,698,0,0,0,0,0,0,97876.53125,0,0,0,0,,0,359,0,0,"MULTIPOLYGON (((-37.81041158259176 144.9835447671369, -37.8090499893291 144.98377235212345, -37.80932737022622 144.98639056717516, -37.81070355880385 144.98615906360487, -37.81041158259176 144.9835447671369)))"
com_clue_floor_use_block_2016.614,614,2016,East Melbourne,2561,8451,0,0,,,13900,1413,0,0,1158,0,7507,0,,,,9129,0,3711,0,,0,0,0,0,0,0,54132.76171875,0,0,0,0,0,0,0,0,0,"MULTIPOLYGON (((-37.81041158259176 144.9835447671369, -37.81070355880385 144.98615906360487, -37.81187808326623 144.98595864094875, -37.81158997130944 144.9833497853444, -37.81041158259176 144.9835447671369)))"
com_clue_floor_use_block_2016.615,615,2016,East Melbourne,0,11742,0,0,,2518,16696,5123,7125,0,390,0,0,0,9069,0,0,6750,0,23760,0,,0,0,0,0,0,0,84269.546875,0,0,0,0,0,0,261,0,0,"MULTIPOLYGON (((-37.81158997130944 144.9833497853444, -37.81187808326623 144.98595864094875, -37.81300420914026 144.9857704848495, -37.8127187277799 144.98315863713023, -37.81158997130944 144.9833497853444)))"
com_clue_floor_use_block_2016.616,616,2016,East Melbourne,850,,0,0,0,0,0,11998,0,0,,0,0,0,0,0,0,12159,667,0,0,0,0,0,0,0,0,0,25928.75,0,0,0,0,0,0,0,0,0,"MULTIPOLYGON (((-37.8127187277799 144.98315863713023, -37.81300420914026 144.9857704848495, -37.81412963708403 144.98557680574086, -37.81383584408938 144.9829702788892, -37.8127187277799 144.98315863713023)))"
com_clue_floor_use_block_2016.617,617,2016,East Melbourne,,2204,0,0,0,0,,9137,0,0,0,0,0,0,865,0,,8358,0,15006,0,,0,0,0,0,0,0,38332.5703125,0,0,0,0,0,,0,0,0,"MULTIPOLYGON (((-37.81383584408938 144.9829702788892, -37.81412963708403 144.98557680574086, -37.81525653249935 144.98538207474382, -37.814962553222166 144.98277704788438, -37.81383584408938 144.9829702788892)))"
com_clue_floor_use_block_2016.611,611,2016,East Melbourne,0,,,,0,,,0,0,0,,,0,0,0,0,0,0,0,0,0,0,0,0,,0,0,0,20478,0,0,0,0,0,0,0,0,0,"MULTIPOLYGON (((-37.81187808326623 144.98595864094875, -37.81070355880385 144.98615906360487, -37.81098910521334 144.98877406505628, -37.81216621481714 144.9885687475238, -37.81187808326623 144.98595864094875)))"
com_clue_floor_use_block_2016.610,610,2016,East Melbourne,1073,866,0,0,0,0,0,13308,0,0,0,0,0,0,140,0,0,8056,0,4976,0,0,0,0,0,0,0,0,28419.41992188,0,0,0,0,0,0,0,0,0,"MULTIPOLYGON (((-37.81300420914026 144.9857704848495, -37.81187808326623 144.98595864094875, -37.81216621481714 144.9885687475238, -37.813299622590584 144.98837354073467, -37.81300420914026 144.9857704848495)))"
com_clue_floor_use_block_2016.609,609,2016,East Melbourne,0,1070,0,0,0,0,0,15438,0,0,0,0,0,0,,,0,7574,0,5027,0,0,0,0,0,0,0,0,29494.109375,0,0,0,0,0,0,0,0,0,"MULTIPOLYGON (((-37.81412963708403 144.98557680574086, -37.81300420914026 144.9857704848495, -37.813299622590584 144.98837354073467, -37.81442110235341 144.98818021407462, -37.81412963708403 144.98557680574086)))"
com_clue_floor_use_block_2016.608,608,2016,East Melbourne,0,1493,0,0,0,,0,8048,0,0,0,0,0,0,1378,0,0,9152,,8057,0,0,0,0,0,0,0,0,28693.63085938,0,0,0,0,0,0,0,0,0,"MULTIPOLYGON (((-37.81525653249935 144.98538207474382, -37.81412963708403 144.98557680574086, -37.81442110235341 144.98818021407462, -37.81554522162089 144.98799076798377, -37.81525653249935 144.98538207474382)))"
com_clue_floor_use_block_2016.607,607,2016,East Melbourne,2048,3655,0,0,980,,4007,5816,0,0,13491,0,0,0,4025,,0,6925,0,3120,0,602,0,0,0,0,0,0,46040.9296875,0,0,0,0,0,,1102,0,0,"MULTIPOLYGON (((-37.81525653249935 144.98538207474382, -37.81554522162089 144.98799076798377, -37.81665402306537 144.9877992696348, -37.81665425375571 144.98764302519805, -37.81647605323195 144.98607753492254, -37.816473184820765 144.98605424906881, -37.81639924934593 144.98537104988287, -37.81637948182137 144.9851964458714, -37.81525653249935 144.98538207474382)))"
com_clue_floor_use_block_2016.606,606,2016,East Melbourne,3188,1866,0,0,373,0,2384,2656,0,0,1208,0,0,0,994,0,0,5350,0,5584,0,0,0,0,0,0,0,0,24646.06054688,0,0,0,0,0,,,0,0,"MULTIPOLYGON (((-37.81554522162089 144.98799076798377, -37.81580206069802 144.99027204579195, -37.816887224639025 144.99008508650945, -37.816653709607436 144.98801085713714, -37.81665402306537 144.9877992696348, -37.81554522162089 144.98799076798377)))"
com_clue_floor_use_block_2016.605,605,2016,East Melbourne,0,1360,0,0,0,0,0,8440,0,0,0,0,0,0,,0,0,7547,0,7852,0,,0,0,0,0,0,0,25452.38085938,0,0,0,0,0,0,0,0,0,"MULTIPOLYGON (((-37.81554522162089 144.98799076798377, -37.81442110235341 144.98818021407462, -37.814682617813666 144.99046490505546, -37.81580206069802 144.99027204579195, -37.81554522162089 144.98799076798377)))"
com_clue_floor_use_block_2016.604,604,2016,East Melbourne,0,558,0,0,0,0,0,11799,0,0,0,0,0,0,398,0,0,5913,0,4335,0,0,0,0,0,0,,0,23230.36914062,0,0,0,0,0,0,,0,0,"MULTIPOLYGON (((-37.81442110235341 144.98818021407462, -37.813299622590584 144.98837354073467, -37.81355940396557 144.99065840635336, -37.814682617813666 144.99046490505546, -37.81442110235341 144.98818021407462)))"
com_clue_floor_use_block_2016.603,603,2016,East Melbourne,0,96,0,0,0,0,0,3302,0,0,0,,0,0,0,,0,1798,0,726,0,,0,0,0,0,0,0,15169.86035156,0,0,0,0,0,0,,0,0,"MULTIPOLYGON (((-37.813299622590584 144.98837354073467, -37.81216621481714 144.9885687475238, -37.812422433723306 144.9908542720309, -37.81355940396557 144.99065840635336, -37.813299622590584 144.98837354073467)))"
com_clue_floor_use_block_2016.602,602,2016,East Melbourne,0,585,0,0,0,0,,10311,0,0,0,0,0,0,,0,0,6135,0,4074,0,0,0,0,0,0,0,0,21328.859375,0,0,0,0,0,0,0,0,0,"MULTIPOLYGON (((-37.81216621481714 144.9885687475238, -37.81098910521334 144.98877406505628, -37.811244482158145 144.99105718820198, -37.812422433723306 144.9908542720309, -37.81216621481714 144.9885687475238)))"
com_clue_floor_use_block_2016.724,724,2016,Melbourne (Remainder),0,21209,0,0,2734,,290,0,0,0,23550,0,,0,18262,0,,12556,0,23576,0,768,0,0,0,0,0,0,122567.21875,0,0,,0,0,0,5301,0,0,"MULTIPOLYGON (((-37.84797214668503 144.98177059341728, -37.847724077941514 144.97973298522987, -37.84484861211705 144.97868451500918, -37.84505346537042 144.98024915698477, -37.84634488408044 144.9807159445402, -37.84632911665012 144.9807826883968, -37.84659572526751 144.98088045508052, -37.84685682180644 144.9809762010208, -37.84690429597815 144.98137336430557, -37.8469349351338 144.98162968178266, -37.84705808897222 144.98160557535397, -37.84706341276263 144.98164891547546, -37.84721966838575 144.98161838889519, -37.84725476933374 144.98191379711102, -37.84797214668503 144.98177059341728)))"
com_clue_floor_use_block_2016.870,870,2016,Melbourne (Remainder),0,25740,0,60037,,,86665,0,16024,0,2707,0,,0,31057,0,0,,0,0,0,571,0,0,0,0,0,0,270929.03125,0,0,0,0,0,0,0,0,0,"MULTIPOLYGON (((-37.84554268122852 144.98398635422615, -37.84567824232697 144.98502208651, -37.84831493593037 144.98458672187297, -37.84797214668503 144.98177059341728, -37.84725476933374 144.98191379711102, -37.84721966838575 144.98161838889519, -37.84706341276263 144.98164891547546, -37.84705808897222 144.98160557535397, -37.8469349351338 144.98162968178266, -37.84690429597815 144.98137336430557, -37.84685682180644 144.9809762010208, -37.84659572526751 144.98088045508052, -37.84632911665012 144.9807826883968, -37.84634488408044 144.9807159445402, -37.84505346537042 144.98024915698477, -37.84506091172651 144.9803060374978, -37.84554268122852 144.98398635422615)))"
com_clue_floor_use_block_2016.223,223,2016,Carlton,,347,0,0,,0,390,4726,0,0,574,0,0,0,,0,0,817,0,1568,0,929,0,0,0,0,,0,10236,0,0,0,0,0,0,0,0,0,"MULTIPOLYGON (((-37.797479016349335 144.97050331850932, -37.79773932520227 144.97288882832316, -37.79832030180334 144.97278751332826, -37.79805357808089 144.97040352939257, -37.797479016349335 144.97050331850932)))"
com_clue_floor_use_block_2016.234,234,2016,Carlton,0,124,0,0,0,0,,5395,0,0,,0,0,0,0,,0,1186,0,633,0,,0,0,0,0,0,0,8794.96972656,0,0,0,,0,0,0,0,,"MULTIPOLYGON (((-37.797996334620244 144.97487980257537, -37.79914207999632 144.97285054713802, -37.79925689592281 144.97264817916363, -37.799254303183396 144.97262462028834, -37.79832030180334 144.97278751332826, -37.79773932520227 144.97288882832316, -37.797953255115395 144.97488711530244, -37.797996334620244 144.97487980257537)))"
com_clue_floor_use_block_2016.236,236,2016,Carlton,0,0,0,0,0,0,,5644,0,0,,0,0,0,0,0,0,734,0,,0,0,0,0,0,0,,0,7083.68994141,0,0,0,0,0,0,0,0,0,"MULTIPOLYGON (((-37.8000602847864 144.9745294242817, -37.79983708153445 144.97252318887422, -37.79927201057143 144.97262153873075, -37.799254303183396 144.97262462028834, -37.79925689592281 144.97264817916363, -37.79927336495854 144.97279784481543, -37.79947048985736 144.974629551008, -37.8000602847864 144.9745294242817)))"
com_clue_floor_use_block_2016.238,238,2016,Carlton,0,716,0,0,0,0,0,4887,,0,0,0,0,0,,0,0,886,0,2020,0,0,0,0,0,0,0,0,9824.80957031,0,0,0,0,0,0,0,0,0,"MULTIPOLYGON (((-37.80045977854039 144.97241480701766, -37.800676939142406 144.9744247356431, -37.80121473611049 144.97433343324667, -37.80100361070945 144.97232014979522, -37.80045977854039 144.97241480701766)))"
com_clue_floor_use_block_2016.312,312,2016,North Melbourne,0,374,0,,0,,0,0,0,0,,0,0,0,0,,0,1570,0,0,0,,0,0,0,0,0,0,5828.12011719,0,0,0,0,0,0,,,0,"MULTIPOLYGON (((-37.797243129717316 144.93851052235627, -37.797247479795494 144.93851459549282, -37.7981130180352 144.93704653082915, -37.79706656758241 144.9368895552475, -37.797243129717316 144.93851052235627)))"
com_clue_floor_use_block_2016.776,776,2016,Docklands,0,0,0,0,0,0,0,0,0,0,0,0,0,0,0,0,0,,0,0,0,0,,0,0,0,0,0,25213.59960938,0,0,0,0,0,0,0,0,,"MULTIPOLYGON (((-37.82315601153247 144.93781217903506, -37.82371749842137 144.9404776400848, -37.82557563792943 144.93995255354258, -37.825575687874306 144.9399176563201, -37.82366686366125 144.93771107503218, -37.82315601153247 144.93781217903506)))"
com_clue_floor_use_block_2016.350,350,2016,North Melbourne,0,222,0,0,0,0,0,2665,0,0,0,0,0,0,0,0,0,1105,0,667,0,0,0,0,0,0,0,0,4660.02001953,0,0,0,0,0,0,0,0,0,"MULTIPOLYGON (((-37.79943353797046 144.94875279650296, -37.79875081065267 144.948871219532, -37.79884165915795 144.94968390881522, -37.79888145254763 144.95004249434533, -37.79895508152014 144.95023923867907, -37.79910538038254 144.95021204692276, -37.79929662647496 144.95017918925387, -37.79933587179953 144.95002610344673, -37.799369240825456 144.94987081880436, -37.79939665420014 144.94971369530643, -37.79941805150826 144.94955509354668, -37.799433381442604 144.9493953795471, -37.799442608990404 144.94923492342318, -37.79944571351319 144.94907409262208, -37.79944268798448 144.94891325989352, -37.79943353797046 144.94875279650296)))"
com_clue_floor_use_block_2016.421,421,2016,West Melbourne (Residential),0,0,0,0,0,0,0,0,0,0,0,,0,0,0,0,0,0,0,0,0,0,0,0,0,0,0,0,1274,0,0,0,0,0,0,0,0,0,"MULTIPOLYGON (((-37.80675614777214 144.94732834887677, -37.806528416790925 144.94736569494225, -37.80603839615298 144.94744605343672, -37.805903944897814 144.9474681015545, -37.805918732273156 144.94760185704243, -37.80579953391115 144.947627038766, -37.80581835016449 144.94779227980413, -37.805849566861454 144.94806641018744, -37.805873476761995 144.94827638543248, -37.80598058566488 144.94816134632478, -37.80662147344185 144.94747299805508, -37.80675614777214 144.94732834887677)))"
com_clue_floor_use_block_2016.571,571,2016,Kensington,0,7659,,0,1066,0,,0,0,0,2669,0,0,0,0,0,0,,,0,0,7046,0,0,0,0,0,0,306445.03125,,0,0,0,0,,2394,0,0,"MULTIPOLYGON (((-37.78360820562485 144.91758840281497, -37.78352310508382 144.91352800924304, -37.78356548293048 144.91236795904612, -37.78378682205059 144.91136161568136, -37.78433473697209 144.9103143137956, -37.78544970653561 144.90929863173625, -37.78639584048033 144.90870043958878, -37.786677820844154 144.90832035896406, -37.7863805055614 144.90801771956865, -37.78624143913753 144.90803099463858, -37.786184664104134 144.90721233398565, -37.78585513981002 144.907259089628, -37.78578202909166 144.9065916474077, -37.78556232892027 144.9066342389276, -37.78534378212008 144.9066853933059, -37.7851265987 144.9067450625309, -37.78491098934612 144.9068131860835, -37.78469715929832 144.90688970133021, -37.78448531447376 144.90697453313086, -37.78427565976645 144.90706759956458, -37.78406839546462 144.9071688131665, -37.78386372163341 144.9072780739916, -37.78366183465324 144.90739527766107, -37.783462928981066 144.90752031304172, -37.78326719616913 144.90765305773212, -37.78307482408528 144.90779338489767, -37.78288599683255 144.90794115873118, -37.78270089753199 144.90809623891624, -37.782519702817744 144.9082584751057, -37.779389348588836 144.91358475936642, -37.78018703333119 144.91434006353398, -37.78063895254123 144.91478462206695, -37.78065051754758 144.9147830071968, -37.78360820562485 144.91758840281497)))"
com_clue_floor_use_block_2016.1001,1001,2016,West Melbourne (Industrial),0,266,0,0,0,0,0,0,0,0,515,0,0,0,0,,0,,0,0,0,0,0,0,0,0,95206,0,517513,0,410683,0,0,0,0,0,0,0,"MULTIPOLYGON (((-37.80897343264837 144.90644276459983, -37.80918761359966 144.90787264687575, -37.80954984414362 144.90937995077294, -37.80955321624867 144.90956866831968, -37.80959350698808 144.9109366427548, -37.80912667932077 144.91254173484745, -37.809129062549786 144.91260749419996, -37.80921696042153 144.91503352406937, -37.80922253878154 144.91518754331287, -37.8094481150553 144.91517690466478, -37.809872442295024 144.91515689052315, -37.80986838991246 144.91500538498752, -37.82002923547213 144.9145664252906, -37.82080482761029 144.9100955024466, -37.82224378791833 144.90606402149217, -37.82100449812222 144.90663967781902, -37.81977053741743 144.90653420687286, -37.818393106467624 144.90628680376037, -37.81709597142254 144.90597174792228, -37.815682184867825 144.90562741860813, -37.81455059688537 144.90544093532333, -37.813453848743755 144.90546808578284, -37.81109055376763 144.9059262023215, -37.80939291241092 144.90630608569896, -37.80897343264837 144.90644276459983)))"
com_clue_floor_use_block_2016.1004,1004,2016,West Melbourne (Industrial),0,491,0,0,0,,0,0,0,,,,0,0,0,0,0,,0,0,0,0,0,0,0,0,0,0,151976.046875,0,133143,0,0,0,0,0,0,,"MULTIPOLYGON (((-37.807577699392034 144.91626688726524, -37.80699338438177 144.9105427719372, -37.8068898722525 144.90980151666452, -37.80637736456733 144.90803942836044, -37.806325591890854 144.90786658491376, -37.80622499447806 144.90753074028265, -37.80612980711863 144.90757087842374, -37.80596535492912 144.90764022537124, -37.80424295057234 144.9083842861512, -37.803922529250556 144.9085316918897, -37.80442081070378 144.90911539616687, -37.80495500297307 144.91175281394902, -37.804695869526476 144.9152417812358, -37.80448415104786 144.91701212108703, -37.80458204083135 144.9169950618142, -37.8072671874626 144.91656144720517, -37.807577699392034 144.91626688726524)))"
com_clue_floor_use_block_2016.560,560,2016,Kensington,0,,0,0,0,0,,10596,0,0,0,,0,0,0,,0,3921,0,0,0,0,0,0,0,0,0,0,15513.99023438,0,0,0,0,0,0,0,0,0,"MULTIPOLYGON (((-37.79221268841187 144.91960265678253, -37.793873582551434 144.91926894753072, -37.79386898985812 144.91920649994753, -37.79387090237204 144.9191438300952, -37.79387928768418 144.91908201089845, -37.793894002257595 144.9190220990953, -37.79391479384856 144.9189651192718, -37.79394130839123 144.91891204550015, -37.79293201212309 144.917990000217, -37.792162717197364 144.91920803143694, -37.79221268841187 144.91960265678253)))"
com_clue_floor_use_block_2016.795,795,2016,Port Melbourne,0,0,0,0,0,0,0,0,0,0,0,0,0,0,0,0,0,,0,0,0,0,0,0,0,0,0,0,981763,0,536780,,0,0,,,0,0,"MULTIPOLYGON (((-37.83696363326472 144.91482257552428, -37.836953986260426 144.91487228137422, -37.83862295313619 144.9154210412224, -37.83872161988662 144.91500469137455, -37.83944844117233 144.9152563368931, -37.83950604619233 144.9152407039442, -37.84099173888442 144.91246791526618, -37.84110015939321 144.91250117472708, -37.84120682475858 144.91254248255038, -37.84131136109927 144.91259169249358, -37.84141339857295 144.9126486320611, -37.84151257946266 144.91271310113947, -37.84156363733755 144.9127500818437, -37.84190987304245 144.91301077326503, -37.84194422533536 144.91293858893653, -37.84228372419388 144.91319443829474, -37.84222116910526 144.91326683827037, -37.84216166949005 144.91333311902574, -37.8474635661729 144.91732283029052, -37.849771882291066 144.91251885006497, -37.84899987782858 144.9119379226583, -37.84485977487491 144.90882276587686, -37.84500068073735 144.90852501190435, -37.845051378172634 144.9084178807822, -37.84452556678643 144.90824853055543, -37.843198650692635 144.90782117446543, -37.84326475367894 144.90749491776995, -37.84161515153891 144.90652484690392, -37.841547919789285 144.90670542990858, -37.840591378245 144.90613630587316, -37.84059872819404 144.9059192260513, -37.84050742266043 144.90586995972257, -37.84023655054153 144.905739358987, -37.840190486700614 144.9054606814858, -37.840257023896676 144.90519610084093, -37.84046697103032 144.90467513271807, -37.84065623529385 144.9042238799585, -37.840829431913555 144.90395426548733, -37.841027656237955 144.9034281718907, -37.841431866354164 144.9031545747054, -37.844216151259154 144.90485592973732, -37.848268391346075 144.9075238073965, -37.84908410981113 144.90757165212295, -37.84954100785972 144.90725089083938, -37.84969001561228 144.9068574710926, -37.84963174168677 144.90621015920482, -37.84837245536394 144.90441693192355, -37.84707130580674 144.90275050885737, -37.84562940000456 144.9013355696771, -37.84434475324457 144.90007203588604, -37.842789195474026 144.89873216687843, -37.841327756182714 144.8978727985381, -37.8409779447848 144.89774958223788, -37.83982208232067 144.9012902315402, -37.83971487813626 144.9012345825724, -37.839488945835505 144.90191287845354, -37.83941213649897 144.9022029992836, -37.83934731752884 144.9025371838765, -37.83697994696416 144.91473852283482, -37.83696363326472 144.91482257552428)))"
com_clue_floor_use_block_2016.791,791,2016,Port Melbourne,0,7647,0,,0,0,0,0,0,65309,5877,0,0,0,0,0,0,109230,0,0,0,0,0,0,0,0,4327,0,235139.515625,0,,0,0,0,19953,,0,2421,"MULTIPOLYGON (((-37.826149643186454 144.90380932276764, -37.82640201727714 144.90403592788618, -37.826331983256985 144.90415990297674, -37.82903633626253 144.9065948742647, -37.829152422304226 144.90671339922946, -37.82936790505462 144.9069067396799, -37.830066487279936 144.90614222992383, -37.83194899596763 144.9046850292266, -37.832194383432835 144.90458058800812, -37.832712912962165 144.90445639923294, -37.832653802320586 144.90433066761656, -37.83301597167433 144.90433381468767, -37.83311034645616 144.90414076129431, -37.83314728605508 144.90404924150295, -37.83316644365363 144.90394546509697, -37.83315694062729 144.90392065072828, -37.83283779562354 144.90323074042956, -37.832498136889214 144.90258229931004, -37.831898959874906 144.90156273440576, -37.83171470000898 144.901248819508, -37.83112266318247 144.90024622681472, -37.83107579185953 144.900267753852, -37.83099025372722 144.90012373170003, -37.83075354141652 144.900232370919, -37.82985456456324 144.9006449487706, -37.82838179613234 144.90181697079012, -37.82685805847075 144.90302950378035, -37.826149643186454 144.90380932276764)))"
com_clue_floor_use_block_2016.790,790,2016,Port Melbourne,0,10895,0,8924,654,,0,0,0,0,40979,0,0,0,17428,0,0,92444,0,,0,,0,0,0,0,44131,0,273500.15625,0,0,,0,0,,17848,,13406,"MULTIPOLYGON (((-37.826149643186454 144.90380932276764, -37.82610765441505 144.903855542211, -37.82337470833349 144.9086930326881, -37.82281429505803 144.91051917815005, -37.82295599123619 144.9111560475009, -37.82305715630237 144.911104189333, -37.8231606959873 144.91106041084913, -37.823266205096736 144.91102488255495, -37.82337327068535 144.91099774450396, -37.82348147291696 144.9109791040002, -37.823590388606846 144.9109690320898, -37.823699590421654 144.91096756926297, -37.82380865130229 144.91097472078417, -37.8239171436237 144.9109904601236, -37.824024641796235 144.91101472320236, -37.82413072602971 144.91104741737445, -37.82423498039113 144.91108841352823, -37.825622690697024 144.91149668722554, -37.826113740027616 144.9116411604141, -37.82650139276977 144.91172704724468, -37.827329468114016 144.9095386970103, -37.829152422304226 144.90671339922946, -37.82903633626253 144.9065948742647, -37.826331983256985 144.90415990297674, -37.82640201727714 144.90403592788618, -37.826149643186454 144.90380932276764)))"
com_clue_floor_use_block_2016.785,785,2016,Port Melbourne,0,1240,0,,,0,0,0,0,,3417,0,0,0,0,0,0,93170,0,0,0,0,0,0,0,0,8753,0,135148.296875,0,16154,0,0,0,,0,0,0,"MULTIPOLYGON (((-37.826149643186454 144.90380932276764, -37.82685805847075 144.90302950378035, -37.82838179613234 144.90181697079012, -37.828069000269146 144.90117142841754, -37.828022041256226 144.90107451639886, -37.82755549229531 144.90011168710333, -37.82751702939344 144.90014436109138, -37.82591500528168 144.9018368847337, -37.82428605882946 144.90376811022165, -37.82318826710906 144.90508585542966, -37.82224378791833 144.90606402149217, -37.82080482761029 144.9100955024466, -37.82002923547213 144.9145664252906, -37.81960145607878 144.91703190893915, -37.81916515705363 144.91960060663567, -37.8190987021481 144.91999182774313, -37.82008037925337 144.9200094469027, -37.82008181385847 144.9198823781298, -37.820160862437284 144.91988379748082, -37.82016146631354 144.91983463131294, -37.82045326060958 144.9178184544343, -37.82110342614663 144.917967989256, -37.82131735792779 144.91649618955785, -37.82162328684821 144.91439123386849, -37.822366271884945 144.91197048666712, -37.82240236134955 144.91186741124412, -37.8224442413745 144.9117678783383, -37.822491696732726 144.9116724040918, -37.82254447936994 144.9115814828549, -37.822602317411516 144.91149558693266, -37.822664908776645 144.91141516222086, -37.82273193014493 144.91134062568128, -37.82280303333311 144.91127236430768, -37.82287784973784 144.91121073159246, -37.82295599123619 144.9111560475009, -37.82281429505803 144.91051917815005, -37.82337470833349 144.9086930326881, -37.82610765441505 144.903855542211, -37.826149643186454 144.90380932276764)))"
com_clue_floor_use_block_2016.793,793,2016,Port Melbourne,0,0,0,0,0,,0,0,0,0,0,0,0,0,0,0,0,,0,0,0,0,0,0,0,0,0,0,4687,0,0,0,0,0,0,0,0,0,"MULTIPOLYGON (((-37.8307401147606 144.89780807892873, -37.83135683941246 144.89943097980318, -37.831371195269156 144.89942054225688, -37.83172284601256 144.89960439877476, -37.83243628019777 144.8999774139939, -37.83279372254641 144.9012342355467, -37.8329595021949 144.90123214143853, -37.83300324212456 144.90155689701328, -37.83322558097593 144.9015542132719, -37.83318182529408 144.90122933332654, -37.83337667265776 144.9012268721, -37.83358602730657 144.9012242280586, -37.833789867147175 144.90122165278413, -37.83582458209386 144.90119594765784, -37.83934731752884 144.9025371838765, -37.83941213649897 144.9022029992836, -37.839488945835505 144.90191287845354, -37.83971487813626 144.9012345825724, -37.83982208232067 144.9012902315402, -37.8409779447848 144.89774958223788, -37.84088635116488 144.89771732009072, -37.839758547329296 144.8973200745889, -37.83825368636345 144.89709277407445, -37.83685064184347 144.8969756449395, -37.83517248185373 144.8969619375561, -37.83308925588037 144.89715720719673, -37.83283572325072 144.89722299231107, -37.8308600858023 144.8977356056631, -37.8307401147606 144.89780807892873)))"
com_clue_floor_use_block_2016.566,566,2016,Kensington,0,1742,0,0,0,0,0,0,0,0,0,0,0,0,,0,0,,0,6431,0,0,0,0,0,0,0,0,11123,0,0,0,0,0,0,0,0,0,"MULTIPOLYGON (((-37.79042569603925 144.92334526565574, -37.790167601952795 144.92308847745116, -37.789867080861775 144.92278947898663, -37.78983358184027 144.9228429404697, -37.789791155378445 144.92280072960733, -37.78958609314496 144.92259670810847, -37.789480572186555 144.92276511239282, -37.78952705472824 144.92329721536095, -37.78976399612729 144.92352441559984, -37.790076347843275 144.92382392811223, -37.79010721849158 144.9238535290464, -37.79042569603925 144.92334526565574)))"
com_clue_floor_use_block_2016.794,794,2016,Port Melbourne,0,0,0,0,0,0,0,0,0,0,0,0,0,0,0,0,0,,0,0,0,0,0,0,0,0,0,0,715088,0,,373172,0,0,,0,0,0,"MULTIPOLYGON (((-37.83934731752884 144.9025371838765, -37.83582458209386 144.90119594765784, -37.833789867147175 144.90122165278413, -37.83429260910433 144.90494610886546, -37.834332005911136 144.90523783532072, -37.83474482120451 144.90829504077482, -37.83434622457041 144.90840538626603, -37.83411836787803 144.90846855130857, -37.83411521487655 144.90925689842575, -37.83406472528628 144.91004325009044, -37.833966547890796 144.9108261966718, -37.83382243256805 144.9115918058826, -37.833682876659964 144.91215842294167, -37.83349390370968 144.9128230515487, -37.83402618961842 144.91326493073967, -37.834026314978054 144.91326452952242, -37.8348774675108 144.9139711322714, -37.834991318937426 144.9140608401307, -37.835108510901236 144.9141434264007, -37.83522876325432 144.91421869328562, -37.83535178896404 144.91428646135964, -37.83547729321215 144.91434656959257, -37.83560497783788 144.91439887181627, -37.83573453699515 144.9144432459376, -37.83696363326472 144.91482257552428, -37.83697994696416 144.91473852283482, -37.83934731752884 144.9025371838765)))"
com_clue_floor_use_block_2016.792,792,2016,Port Melbourne,0,0,0,0,0,0,0,0,0,0,0,,0,0,0,0,0,0,0,0,0,0,0,0,0,0,0,0,13902,0,0,0,0,0,0,0,0,0,"MULTIPOLYGON (((-37.82755549229531 144.90011168710333, -37.828022041256226 144.90107451639886, -37.828069000269146 144.90117142841754, -37.82838179613234 144.90181697079012, -37.82985456456324 144.9006449487706, -37.83075354141652 144.900232370919, -37.83099025372722 144.90012373170003, -37.830904929133496 144.89998007081468, -37.83172284601256 144.89960439877476, -37.831371195269156 144.89942054225688, -37.83135683941246 144.89943097980318, -37.8307401147606 144.89780807892873, -37.8291030363733 144.89879700108705, -37.82755549229531 144.90011168710333)))"
com_clue_floor_use_block_2016.789,789,2016,Port Melbourne,0,5432,0,0,0,0,0,0,0,,,,0,0,0,0,0,,0,0,0,0,0,0,0,0,,0,429224.59375,0,0,0,0,0,0,0,0,0,"MULTIPOLYGON (((-37.82650139276977 144.91172704724468, -37.82678323939134 144.9117451549776, -37.83136910532455 144.9117425406587, -37.831509123317986 144.91174702201565, -37.83164877727077 144.91176049761665, -37.831787705228884 144.91178293454283, -37.83192554477292 144.91181427375457, -37.83206193758228 144.9118544333709, -37.832196528534396 144.9119033086943, -37.8323289684272 144.9119607732693, -37.83245891215763 144.9120266777974, -37.83287952088196 144.91231302767625, -37.83317341979925 144.91255700439294, -37.83349390370968 144.9128230515487, -37.833682876659964 144.91215842294167, -37.83382243256805 144.9115918058826, -37.833966547890796 144.9108261966718, -37.83406472528628 144.91004325009044, -37.83411521487655 144.90925689842575, -37.83411836787803 144.90846855130857, -37.83434622457041 144.90840538626603, -37.83474482120451 144.90829504077482, -37.834332005911136 144.90523783532072, -37.83429260910433 144.90494610886546, -37.833789867147175 144.90122165278413, -37.83358602730657 144.9012242280586, -37.83337667265776 144.9012268721, -37.83318182529408 144.90122933332654, -37.83322558097593 144.9015542132719, -37.83300324212456 144.90155689701328, -37.8329595021949 144.90123214143853, -37.83279372254641 144.9012342355467, -37.83243628019777 144.8999774139939, -37.83172284601256 144.89960439877476, -37.830904929133496 144.89998007081468, -37.83099025372722 144.90012373170003, -37.83107579185953 144.900267753852, -37.83112266318247 144.90024622681472, -37.83171470000898 144.901248819508, -37.831898959874906 144.90156273440576, -37.832498136889214 144.90258229931004, -37.83283779562354 144.90323074042956, -37.83315694062729 144.90392065072828, -37.83316644365363 144.90394546509697, -37.83314728605508 144.90404924150295, -37.83311034645616 144.90414076129431, -37.83301597167433 144.90433381468767, -37.832653802320586 144.90433066761656, -37.832712912962165 144.90445639923294, -37.832194383432835 144.90458058800812, -37.83194899596763 144.9046850292266, -37.830066487279936 144.90614222992383, -37.82936790505462 144.9069067396799, -37.829152422304226 144.90671339922946, -37.827329468114016 144.9095386970103, -37.82650139276977 144.91172704724468)))"
com_clue_floor_use_block_2016.1002,1002,2016,West Melbourne (Industrial),0,0,0,0,0,,0,0,0,0,0,,0,0,0,0,0,0,0,0,0,0,0,0,0,0,0,0,140777,0,,0,0,0,,0,0,0,"MULTIPOLYGON (((-37.80922253878154 144.91518754331287, -37.80921696042153 144.91503352406937, -37.809129062549786 144.91260749419996, -37.80912667932077 144.91254173484745, -37.80959350698808 144.9109366427548, -37.80955321624867 144.90956866831968, -37.80954984414362 144.90937995077294, -37.80918761359966 144.90787264687575, -37.80897343264837 144.90644276459983, -37.8082325077561 144.90668417574236, -37.80622499447806 144.90753074028265, -37.806325591890854 144.90786658491376, -37.80637736456733 144.90803942836044, -37.8068898722525 144.90980151666452, -37.80699338438177 144.9105427719372, -37.807577699392034 144.91626688726524, -37.80789857123588 144.9159624970012, -37.80928908220223 144.91573488158343, -37.80923666800133 144.9155776517599, -37.80922253878154 144.91518754331287)))"
com_clue_floor_use_block_2016.1005,1005,2016,West Melbourne (Industrial),0,0,0,0,0,,0,0,0,0,0,,0,0,0,0,,,0,0,0,,0,0,0,0,9089,0,138059.203125,0,73059,0,0,0,0,,0,4186,"MULTIPOLYGON (((-37.80495500297307 144.91175281394902, -37.80442081070378 144.90911539616687, -37.803922529250556 144.9085316918897, -37.80387273644184 144.9085545980919, -37.803103124581654 144.90892581391313, -37.8025375557855 144.90923534616874, -37.80199390374812 144.90953027671438, -37.8014732863852 144.90987347996213, -37.80103996816208 144.91013733054172, -37.80093601501433 144.91020605948717, -37.80099957000692 144.91113595542743, -37.80101280201331 144.91133674625598, -37.80109702178379 144.91216015156783, -37.8011727837217 144.9127216539329, -37.801303553650996 144.91301788935917, -37.80135209469358 144.91334942210807, -37.80151781695128 144.91486147239772, -37.80152007082824 144.91488203637823, -37.80172153569586 144.9167175347177, -37.802791916197634 144.9150200574662, -37.80407207439741 144.9133646730323, -37.80495500297307 144.91175281394902)))"
com_clue_floor_use_block_2016.1015,1015,2016,West Melbourne (Industrial),0,469,0,0,,0,0,0,0,,751,0,0,0,0,0,0,18281,0,0,0,,0,,0,0,599,0,33791.75,0,,0,0,0,,3270,,2464,"MULTIPOLYGON (((-37.80370913384479 144.9322190958546, -37.80330928130563 144.93070833682782, -37.80307056936897 144.9290151249935, -37.8018018225629 144.9309522919875, -37.80099043469235 144.93227289694505, -37.80140890938248 144.93284838668248, -37.80178939228262 144.93305422713857, -37.80370913384479 144.9322190958546)))"
com_clue_floor_use_block_2016.568,568,2016,Kensington,0,0,0,0,0,0,0,7384,0,0,0,0,0,0,0,0,0,,0,0,0,0,0,0,0,0,0,0,9831.59960938,0,0,0,0,0,,0,0,0,"MULTIPOLYGON (((-37.79151894313044 144.92131576565373, -37.79137073062983 144.9211683083261, -37.79107020040226 144.92086931905004, -37.790285799173375 144.92212122335803, -37.79056334323866 144.92239735446898, -37.79058632543444 144.92242021600288, -37.79079492318071 144.92262775742876, -37.79149000279406 144.92151841553274, -37.79155458223003 144.9213512226794, -37.79151894313044 144.92131576565373)))"
com_clue_floor_use_block_2016.564,564,2016,Kensington,0,0,0,0,0,0,0,4669,0,0,0,0,0,0,0,0,0,,0,0,0,0,0,0,0,0,0,0,6436.58984375,0,0,0,0,0,,0,0,0,"MULTIPOLYGON (((-37.79105510983102 144.92287314866806, -37.79123365435988 144.92305079047776, -37.79159097352598 144.92248052025263, -37.7914354085984 144.92232574197934, -37.79145774079921 144.92229010044161, -37.79161330575224 144.92244487754738, -37.79193388460853 144.92193323297394, -37.79239319843573 144.92120015242511, -37.792166918565215 144.92097502543467, -37.791786587104916 144.921582049428, -37.791387029072624 144.9222197477433, -37.79136255031823 144.9223824809196, -37.79105510983102 144.92287314866806)))"
com_clue_floor_use_block_2016.545,545,2016,Kensington,0,,0,0,0,0,0,7220,0,0,0,0,0,0,0,0,0,11494,0,,0,0,0,0,0,0,0,0,19523.09960938,0,0,0,0,0,0,0,0,0,"MULTIPOLYGON (((-37.792623373770624 144.92306783456596, -37.79301940184692 144.92342880054997, -37.793405968675586 144.92378114782588, -37.79368428958028 144.92329692382782, -37.794448873642274 144.9219666602332, -37.79438680177768 144.9219253953515, -37.794136634491544 144.92147046136506, -37.793847929860966 144.9209454581005, -37.79360986388916 144.92135807999668, -37.79289985587015 144.92258865458624, -37.792625898306845 144.9230634599106, -37.792623373770624 144.92306783456596)))"
com_clue_floor_use_block_2016.1013,1013,2016,West Melbourne (Industrial),0,460,0,0,0,0,0,0,0,,3537,0,0,0,0,0,0,11285,0,0,0,0,0,0,0,0,,0,21086.90039062,0,0,0,0,0,0,0,0,,"MULTIPOLYGON (((-37.80521886314812 144.94107649649595, -37.805361899201195 144.94105097973622, -37.80559557836632 144.94124345486935, -37.805712669502284 144.94094203174376, -37.80589955661011 144.94046092949944, -37.805937312753905 144.9403461671785, -37.805968767894036 144.94022842339277, -37.805993773965774 144.94010824974708, -37.80601221547203 144.9399862048949, -37.80602400596 144.93986285917867, -37.806029089683705 144.9397387866324, -37.806027444326105 144.93961456604092, -37.80601907731674 144.93949077649805, -37.806004026692655 144.93936799511047, -37.805982363740995 144.939246793516, -37.805954188515024 144.93912773914315, -37.80591963325817 144.93901138489306, -37.80587885799947 144.93889827494036, -37.805832053997314 144.9387889355502, -37.80577943925545 144.9386838763384, -37.80539463628054 144.93771898544998, -37.804926139564216 144.93617446064454, -37.80432630573415 144.93419705802577, -37.80431694207012 144.93419559255804, -37.80425296815841 144.93419612705407, -37.80418163277211 144.9342034542524, -37.8040240701861 144.93424759967286, -37.80388757290885 144.93432125616266, -37.803766653021086 144.93441991869815, -37.80344257940898 144.93472243855885, -37.80324737474794 144.93490687680776, -37.803123673224945 144.93469793560797, -37.80299671338161 144.9348173096491, -37.80294316990061 144.93486765288245, -37.803023701390764 144.93500372592862, -37.80263514882622 144.93532376159425, -37.80262443705802 144.93533257814218, -37.80258991742111 144.93535472034688, -37.80211188278264 144.93566134319278, -37.80198901766792 144.9357401511269, -37.80188669449425 144.93580578341118, -37.801813334064406 144.9359237520989, -37.801820601598195 144.93593838041176, -37.80167347225273 144.93604310622368, -37.80170244554034 144.93616823840568, -37.801718126002804 144.9362359616809, -37.80172683054079 144.9362735569007, -37.80178886671727 144.9362507414375, -37.80182758940589 144.9364179808382, -37.802346073298814 144.9362272985433, -37.80241449060984 144.93653467645998, -37.80259406583798 144.93689445949983, -37.80260560938448 144.93691572686274, -37.80261738105501 144.93693679593989, -37.802629377147234 144.9369576611556, -37.80264159578029 144.9369783180193, -37.802653727238734 144.93700109778828, -37.802665392350264 144.93702426420822, -37.80267658270973 144.93704780047634, -37.80268728905101 144.9370716920852, -37.80272543222194 144.93716275153926, -37.80290652789612 144.93752620246332, -37.803086132002434 144.93789032700704, -37.80311543006488 144.9379507960511, -37.80405402423228 144.9391052411302, -37.80408385798776 144.93940826544835, -37.80416211126166 144.9394959107303, -37.804217203770285 144.93955432298492, -37.80431985066462 144.93966946389176, -37.80434027511123 144.93969224356306, -37.80439590140842 144.93975253235865, -37.80441916338577 144.93976576866, -37.80449979500534 144.9398531282662, -37.80469620900703 144.94003380984708, -37.80480881186521 144.94011712756478, -37.80486250708881 144.94015286248202, -37.804956381231634 144.94025310531447, -37.80515981301593 144.94047660693738, -37.805123582730864 144.94052744119335, -37.80505532840309 144.94044997892522, -37.80503264076247 144.94048446750327, -37.80492000959583 144.94035664912647, -37.80485627294852 144.9402935215565, -37.80479008275189 144.94023484644688, -37.804722191191665 144.94017942166184, -37.8046521525716 144.94012536280127, -37.804567512986026 144.9400686181311, -37.80458486172012 144.94002752230077, -37.804464776477296 144.93994699340686, -37.804263289364116 144.93973930593356, -37.804089704404795 144.93970788942278, -37.80406210383335 144.93975592793964, -37.80423955614579 144.93996822513847, -37.804245298752384 144.9400554066475, -37.80418812641845 144.94014375480975, -37.805046641636345 144.94099563241704, -37.80499539842167 144.94100482005643, -37.80416119448647 144.9401699061851, -37.8042824282668 144.94124510909666, -37.80458960962531 144.9411897993431, -37.80521886314812 144.94107649649595)))"
com_clue_floor_use_block_2016.783,783,2016,Docklands,0,0,0,0,0,,0,0,0,0,0,0,0,0,0,,0,,0,0,0,0,0,0,0,0,,0,84963,0,,0,0,0,0,18600,0,0,"MULTIPOLYGON (((-37.820984569857224 144.9268039586299, -37.82076547904367 144.92473941120056, -37.82081429855952 144.920614585973, -37.8208217793733 144.91998166621553, -37.820822759481196 144.91989870433886, -37.82110342614663 144.917967989256, -37.82045326060958 144.9178184544343, -37.82016146631354 144.91983463131294, -37.820160862437284 144.91988379748082, -37.82008181385847 144.9198823781298, -37.82008037925337 144.9200094469027, -37.8190987021481 144.91999182774313, -37.819083424593146 144.92008176088572, -37.819182732733545 144.92474536776095, -37.81933160381694 144.93175287902585, -37.819396523713586 144.93172925520997, -37.81949113003869 144.93179500279612, -37.819520213547655 144.9319218798893, -37.81997195074983 144.93175546016312, -37.82051101446731 144.93155686450868, -37.82069869677856 144.9314877201211, -37.82069321949615 144.93143694094022, -37.8207944418014 144.93141945756193, -37.82079783899769 144.93145119574623, -37.82080006400228 144.93145037588351, -37.82158274450396 144.93117102708692, -37.82163015811661 144.93071562309999, -37.82116584877675 144.92851246178802, -37.820984569857224 144.9268039586299)))"
com_clue_floor_use_block_2016.565,565,2016,Kensington,0,424,0,0,0,0,0,3141,0,0,0,0,0,0,,0,0,,0,954,0,0,0,0,0,0,0,0,5827.39013672,0,0,0,0,0,0,0,0,0,"MULTIPOLYGON (((-37.79031932820425 144.92405692211875, -37.79052017450385 144.92424951540286, -37.7906117559477 144.9241062383415, -37.79063454510923 144.92412936360498, -37.79122474165332 144.92320597954955, -37.7912069033229 144.92317508462247, -37.790882880384814 144.92317525035037, -37.79031932820425 144.92405692211875)))"
com_clue_floor_use_block_2016.771,771,2016,Docklands,0,0,0,0,0,0,0,0,0,0,0,0,0,0,0,0,0,0,0,0,0,0,0,0,0,0,0,0,3445,0,0,0,0,0,,0,0,0,"MULTIPOLYGON (((-37.82523575750261 144.94816969931412, -37.825711838818485 144.9479490737121, -37.82654135839601 144.94709684257322, -37.82689147632322 144.94689663709525, -37.82678525847893 144.94654622561782, -37.82671302195195 144.9464544935781, -37.826696624436366 144.946430325848, -37.82668358568873 144.9464097290457, -37.826658716944856 144.94635914928926, -37.826637382148284 144.9463060652542, -37.826619738631784 144.94625086908385, -37.82660591784511 144.94619396727128, -37.826501020061045 144.945598752103, -37.82648515699234 144.9452817965626, -37.826053546845 144.94282848316303, -37.82597638184197 144.94208493144626, -37.82595708291005 144.9417082735656, -37.82597142797068 144.94151720960178, -37.82598169833083 144.9414267898363, -37.82601178294625 144.941207545299, -37.8260239371511 144.94116988013195, -37.825952342991854 144.94111789964157, -37.82594699754684 144.94026404854398, -37.82594536342142 144.94000314477537, -37.82557563792943 144.93995255354258, -37.82557548105476 144.94006287259413, -37.82557328583583 144.9415921438703, -37.825643012724576 144.9425075503318, -37.82572534393744 144.94410068032764, -37.82564864705028 144.9453268771958, -37.8252348070366 144.94615639244626, -37.82534573672834 144.94725873024245, -37.82523575750261 144.94816969931412)))"
com_clue_floor_use_block_2016.1110,1110,2016,Docklands,0,23334,0,4704,16562,1106,,0,0,0,21221,0,90913,,23557,0,0,72568,0,13680,0,30620,0,0,,0,4525,0,391037.9375,0,0,0,0,,42249,19247,0,,"MULTIPOLYGON (((-37.80984793805573 144.93676702096752, -37.80994907705711 144.93713115499455, -37.81005649724535 144.9374924209363, -37.810170148748725 144.93785064533247, -37.81028997725325 144.93820565825044, -37.81041592486358 144.93855729098922, -37.810547931864605 144.9389053737585, -37.8106859359598 144.93924974365103, -37.810829870290824 144.9395902344745, -37.810979668080165 144.93992668457338, -37.811135255385466 144.94025893475862, -37.81129656094794 144.94058682462605, -37.81146350548274 144.94091019853332, -37.81163601066645 144.94122890421417, -37.81181399453384 144.94154278722692, -37.81199737161699 144.94185169890147, -37.81218605468691 144.9421554928835, -37.81237995383299 144.94245402402385, -37.81257897646285 144.9427471483785, -37.81278302830222 144.94303472886034, -37.814328601697014 144.9389746711529, -37.81573060787348 144.9352936620055, -37.815608020793825 144.93521956862594, -37.816098809111246 144.9339308831652, -37.81607255590103 144.93381844868668, -37.814078284960054 144.9345583146556, -37.8140377570177 144.9347017819185, -37.81414618647241 144.935182654849, -37.813970186801406 144.93564568139465, -37.813244806615664 144.9352067210613, -37.81316090754393 144.93515430589272, -37.812972778725985 144.93504001105532, -37.81331981976308 144.9343633469198, -37.81261854296792 144.93444183510206, -37.812480548587544 144.93448161360718, -37.81190828716159 144.93461821650277, -37.80953291983078 144.93518520750996, -37.80968125907086 144.93610228557068, -37.809761997923175 144.93643568908365, -37.80984793805573 144.93676702096752)))"
com_clue_floor_use_block_2016.1109,1109,2016,Docklands,11132,72270,0,,10219,,,12767,0,0,17883,,9912,,50671,0,0,2956,0,161525,0,3117,,0,,27072,244,0,498684.9375,0,0,,0,0,62703,7618,0,316,"MULTIPOLYGON (((-37.81404978534218 144.94451544802524, -37.81410645828478 144.9443265138599, -37.81429139722788 144.94384090531244, -37.814492843636685 144.94396662006986, -37.8151730003751 144.94426416550002, -37.816718613423845 144.94020399815534, -37.8184358087589 144.93569538031215, -37.81864551653384 144.93224570324665, -37.81806080946336 144.93245936884514, -37.81809795398079 144.93178924267008, -37.817994920150866 144.931780506454, -37.81685315303588 144.9319707144178, -37.81626046365316 144.9325510990821, -37.81542866827542 144.93294140769274, -37.81448522363388 144.9331243619428, -37.81372867294868 144.93345521369363, -37.81330166739561 144.93380636805244, -37.81331981976308 144.9343633469198, -37.812972778725985 144.93504001105532, -37.81316090754393 144.93515430589272, -37.813244806615664 144.9352067210613, -37.813970186801406 144.93564568139465, -37.81414618647241 144.935182654849, -37.8140377570177 144.9347017819185, -37.814078284960054 144.9345583146556, -37.81607255590103 144.93381844868668, -37.816098809111246 144.9339308831652, -37.815608020793825 144.93521956862594, -37.81573060787348 144.9352936620055, -37.814328601697014 144.9389746711529, -37.81278302830222 144.94303472886034, -37.813737908695565 144.94436680653368, -37.81404978534218 144.94451544802524)))"
com_clue_floor_use_block_2016.778,778,2016,Port Melbourne,0,2427,0,0,0,0,0,0,0,0,9351,0,0,0,6242,0,0,27549,0,0,0,0,0,0,0,0,23186,0,82822.2265625,0,0,0,0,0,,8278,,,"MULTIPOLYGON (((-37.82396102432076 144.93044017673742, -37.82396616251074 144.9306165782624, -37.82409417084564 144.93497014727353, -37.824000217215016 144.93509231499922, -37.824865664749815 144.93615015500572, -37.82591582151223 144.93743381750824, -37.825924725238615 144.93725122202443, -37.82592633727107 144.93720867595016, -37.82602148099648 144.9370849758868, -37.82595893551811 144.93700851388854, -37.82603660544094 144.93591509395065, -37.82605622535893 144.93552912979658, -37.826240685597405 144.93472780053438, -37.8261830545071 144.93465734975263, -37.82618748275005 144.9346498948654, -37.826216297916645 144.93462494307238, -37.826247343627465 144.9345655828291, -37.82630062303488 144.93446148560747, -37.8263035243523 144.93441430655136, -37.82638268909982 144.93344269522404, -37.826472643291794 144.9322758675786, -37.82676654181634 144.9311312239721, -37.82690511977381 144.93053497561053, -37.82592761926362 144.9301998069204, -37.825532671712665 144.93033698194884, -37.82409806387102 144.93042666759732, -37.82396102432076 144.93044017673742)))"
com_clue_floor_use_block_2016.782,782,2016,Port Melbourne,0,1204,0,0,0,,0,0,0,,,0,0,0,0,0,0,41554,0,0,0,0,0,0,0,0,,0,87234,0,0,0,0,0,0,2375,,,"MULTIPOLYGON (((-37.82163015811661 144.93071562309999, -37.82320668714141 144.93064878058397, -37.823393230586454 144.93058701787172, -37.82358103370031 144.93053165669295, -37.82376995928069 144.93048273500855, -37.82395986742223 144.9304402908563, -37.82396102432076 144.93044017673742, -37.823851220058685 144.92667253712838, -37.820984569857224 144.9268039586299, -37.82116584877675 144.92851246178802, -37.82163015811661 144.93071562309999)))"
com_clue_floor_use_block_2016.774,774,2016,Port Melbourne,0,1661,0,0,,0,0,0,0,,2097,0,0,0,,0,0,23672,0,,,0,0,0,0,0,,0,50199,0,0,0,0,0,,0,0,,"MULTIPOLYGON (((-37.82396102432076 144.93044017673742, -37.82395986742223 144.9304402908563, -37.82376995928069 144.93048273500855, -37.82358103370031 144.93053165669295, -37.823393230586454 144.93058701787172, -37.82320668714141 144.93064878058397, -37.82163015811661 144.93071562309999, -37.82205020292171 144.93270893682606, -37.824000217215016 144.93509231499922, -37.82409417084564 144.93497014727353, -37.82396616251074 144.9306165782624, -37.82396102432076 144.93044017673742)))"
com_clue_floor_use_block_2016.1104,1104,2016,Docklands,0,13441,0,0,1872,0,0,0,0,0,2608,0,,0,13206,0,0,,0,36754,0,1008,0,0,0,0,0,0,72581.0390625,0,0,0,0,0,0,462,0,,"MULTIPOLYGON (((-37.81893027551287 144.94692673007432, -37.81847902163943 144.9484895322812, -37.820538936422466 144.94857139992814, -37.820175897868474 144.94824448101284, -37.81893027551287 144.94692673007432)))"
com_clue_floor_use_block_2016.1108,1108,2016,Docklands,0,133627,4806,3248,14065,10534,1007,0,0,0,199790,,26248,0,67132,0,,65149,0,87986,0,5730,0,0,0,59352,2922,0,854485.25,0,0,116914,0,841,,22164,0,282,"MULTIPOLYGON (((-37.82336946617084 144.94792303695831, -37.823340119658816 144.94758197944893, -37.823331872150035 144.94748613841864, -37.82303885569613 144.94534846099836, -37.82090861865526 144.93646530820857, -37.81997195074983 144.93175546016312, -37.819520213547655 144.9319218798893, -37.81949113003869 144.93179500279612, -37.819396523713586 144.93172925520997, -37.81933160381694 144.93175287902585, -37.81926668389372 144.93177650166248, -37.81921444019659 144.93189587866124, -37.81924449610928 144.93202681785226, -37.81864551653384 144.93224570324665, -37.8184358087589 144.93569538031215, -37.816718613423845 144.94020399815534, -37.8151730003751 144.94426416550002, -37.814492843636685 144.94396662006986, -37.81429139722788 144.94384090531244, -37.81410645828478 144.9443265138599, -37.81404978534218 144.94451544802524, -37.814306902441864 144.94463799125288, -37.815035613530746 144.94498530349435, -37.81852550557911 144.94649688656745, -37.819000512822996 144.94668347333, -37.81923913424291 144.94677720632717, -37.819767044523374 144.94698457741927, -37.82250880341081 144.9476988192699, -37.82336946617084 144.94792303695831)))"
com_clue_floor_use_block_2016.1103,1103,2016,Docklands,7880,167307,,0,39993,,,0,0,0,123507,0,176064,0,36097,0,0,11553,0,61446,0,6434,0,0,74298,0,,0,766444.25,0,0,26789,0,,7413,14311,0,4643,"MULTIPOLYGON (((-37.81847902163943 144.9484895322812, -37.81893027551287 144.94692673007432, -37.819000512822996 144.94668347333, -37.81852550557911 144.94649688656745, -37.815035613530746 144.94498530349435, -37.814251448210136 144.94770379575291, -37.81562143574979 144.94895937005583, -37.81618443000552 144.9493810212961, -37.8179230182729 144.95041498077157, -37.81847902163943 144.9484895322812)))"
com_clue_floor_use_block_2016.1102,1102,2016,Docklands,1579,12521,0,0,469,,,0,0,0,39590,0,0,,7440,,0,9230,0,0,0,,,0,0,0,0,0,100964.3984375,0,,0,0,0,,890,0,0,"MULTIPOLYGON (((-37.81203304870601 144.94500449787512, -37.81247591652939 144.94580297729254, -37.81371680952047 144.9472398445013, -37.814251448210136 144.94770379575291, -37.815035613530746 144.94498530349435, -37.814306902441864 144.94463799125288, -37.81404978534218 144.94451544802524, -37.813737908695565 144.94436680653368, -37.81278302830222 144.94303472886034, -37.81274183689629 144.9431429269867, -37.81203304870601 144.94500449787512)))"
com_clue_floor_use_block_2016.772,772,2016,Docklands,0,1032,0,0,0,0,0,0,0,0,8412,0,0,0,,,0,22676,0,0,0,0,0,0,0,0,0,0,42044.98828125,0,0,0,0,0,0,5235,0,0,"MULTIPOLYGON (((-37.8252348070366 144.94615639244626, -37.82564864705028 144.9453268771958, -37.82572534393744 144.94410068032764, -37.825643012724576 144.9425075503318, -37.82557328583583 144.9415921438703, -37.82557548105476 144.94006287259413, -37.82557563792943 144.93995255354258, -37.82371749842137 144.9404776400848, -37.82408412729478 144.94221826181004, -37.82497584112907 144.9435833708749, -37.8252348070366 144.94615639244626)))"
com_clue_floor_use_block_2016.510,510,2016,Kensington,0,0,0,0,0,0,0,5436,0,0,0,0,0,0,0,0,0,3906,0,0,0,0,0,0,0,0,0,0,9341.75976562,0,0,0,0,0,0,0,0,0,"MULTIPOLYGON (((-37.796427005700195 144.93253345734792, -37.79633103034801 144.93169392383174, -37.79589249175735 144.93154279650736, -37.795445090353155 144.93138861560746, -37.79566603048182 144.93334227214092, -37.796507278441005 144.93319608912623, -37.796427005700195 144.93253345734792)))"
com_clue_floor_use_block_2016.773,773,2016,Docklands,0,58585,0,0,1043,,,33316,0,0,3598,,,0,61031,,0,16659,0,156297,0,648,722,0,0,26173,,0,433966.78125,0,,22762,0,0,,2243,0,0,"MULTIPOLYGON (((-37.8252348070366 144.94615639244626, -37.82497584112907 144.9435833708749, -37.82408412729478 144.94221826181004, -37.82371749842137 144.9404776400848, -37.82315601153247 144.93781217903506, -37.8220598166034 144.9327545643188, -37.82205020292171 144.93270893682606, -37.82163015811661 144.93071562309999, -37.82158274450396 144.93117102708692, -37.82080006400228 144.93145037588351, -37.82079783899769 144.93145119574623, -37.8207944418014 144.93141945756193, -37.82069321949615 144.93143694094022, -37.82069869677856 144.9314877201211, -37.82051101446731 144.93155686450868, -37.81997195074983 144.93175546016312, -37.82090861865526 144.93646530820857, -37.82303885569613 144.94534846099836, -37.823331872150035 144.94748613841864, -37.823340119658816 144.94758197944893, -37.8238999929806 144.9477557967352, -37.8240634677236 144.9478414296166, -37.82441464448699 144.9480798312627, -37.82451885955343 144.94819348254038, -37.824969192563444 144.9481785426935, -37.82523575750261 144.94816969931412, -37.82534573672834 144.94725873024245, -37.8252348070366 144.94615639244626)))"
com_clue_floor_use_block_2016.775,775,2016,Port Melbourne,0,1308,0,0,,0,0,0,0,,16516,0,0,0,,0,0,20274,0,0,0,0,,0,0,0,5581,0,57045.828125,0,0,0,0,0,0,8282,0,,"MULTIPOLYGON (((-37.82315601153247 144.93781217903506, -37.82366686366125 144.93771107503218, -37.824865664749815 144.93615015500572, -37.824000217215016 144.93509231499922, -37.82205020292171 144.93270893682606, -37.8220598166034 144.9327545643188, -37.82315601153247 144.93781217903506)))"
com_clue_floor_use_block_2016.777,777,2016,Port Melbourne,0,,0,0,0,0,0,0,0,,,0,0,0,0,0,0,11691,0,0,0,0,0,0,0,0,,0,23578,0,0,0,0,0,,,0,0,"MULTIPOLYGON (((-37.824865664749815 144.93615015500572, -37.82366686366125 144.93771107503218, -37.825575687874306 144.9399176563201, -37.82557563792943 144.93995255354258, -37.82594536342142 144.94000314477537, -37.82594102676718 144.9393113894637, -37.825892581187134 144.93909317370188, -37.82589258931622 144.93882965686717, -37.82589214951274 144.93869222110848, -37.82587896983113 144.93839941628235, -37.82589785719509 144.9380820444721, -37.82591416339068 144.93790650624732, -37.82593666091909 144.9376757970431, -37.82590636448519 144.93764081520973, -37.82590768776543 144.93763944683272, -37.82589501027602 144.93762330331208, -37.82593284765719 144.93757607329934, -37.82591021315299 144.93754881966805, -37.82591582151223 144.93743381750824, -37.824865664749815 144.93615015500572)))"
com_clue_floor_use_block_2016.788,788,2016,Port Melbourne,0,0,0,0,,0,0,0,0,0,0,0,0,0,0,0,0,,0,0,0,,0,0,0,0,0,0,12375,0,0,0,0,0,0,0,0,0,"MULTIPOLYGON (((-37.83317341979925 144.91255700439294, -37.83107884913817 144.91680418802943, -37.82918512502505 144.92054109025284, -37.82845380259756 144.92190111290049, -37.828132235809306 144.92287457336545, -37.82847851948095 144.92298152530415, -37.828555075475236 144.92276009966426, -37.828611082174454 144.92261494891355, -37.82866902598719 144.9224710115654, -37.82870611352241 144.9222795641726, -37.828760771305326 144.92215503219785, -37.82885489800296 144.9221842723407, -37.82896788127625 144.92194181144143, -37.829086514155804 144.92170367799886, -37.82921069312965 144.92147008166526, -37.82934030922261 144.92124122884232, -37.829475247015296 144.92101731816436, -37.829615390188614 144.92079854829586, -37.829952636653566 144.92090247719966, -37.830069213734795 144.92030115109688, -37.831201259714405 144.9194883678719, -37.831493711744464 144.91906551032864, -37.832001172336504 144.9184516030019, -37.83225500790335 144.91815908164207, -37.83277576967382 144.91645153722672, -37.833747539328996 144.91415722470026, -37.833931789309254 144.91356722206078, -37.83397506214901 144.91342865285932, -37.83402618961842 144.91326493073967, -37.83349390370968 144.9128230515487, -37.83317341979925 144.91255700439294)))"
com_clue_floor_use_block_2016.784,784,2016,Port Melbourne,0,2080,0,0,,0,0,0,0,0,17269,0,0,0,0,,0,,0,0,0,,,0,0,0,18478,0,97238.3515625,0,0,0,0,0,0,9252,0,,"MULTIPOLYGON (((-37.82131735792779 144.91649618955785, -37.82110342614663 144.917967989256, -37.820822759481196 144.91989870433886, -37.8208217793733 144.91998166621553, -37.82081429855952 144.920614585973, -37.822833834557315 144.9212382334467, -37.82361565352721 144.91720397750723, -37.82131735792779 144.91649618955785)))"
com_clue_floor_use_block_2016.781,781,2016,Port Melbourne,0,12213,0,0,,0,0,0,0,39211,30834,0,0,0,,0,0,55909,0,0,0,0,372,0,0,0,21616,0,183021.0625,0,0,0,0,0,0,9681,0,890,"MULTIPOLYGON (((-37.82402088522156 144.9216048191932, -37.822833834557315 144.9212382334467, -37.82081429855952 144.920614585973, -37.82076547904367 144.92473941120056, -37.820984569857224 144.9268039586299, -37.823851220058685 144.92667253712838, -37.82381145811403 144.92397192874478, -37.82383498564288 144.92293061455644, -37.82402088522156 144.9216048191932)))"
com_clue_floor_use_block_2016.779,779,2016,Port Melbourne,0,2672,0,0,0,,0,0,0,0,14844,0,0,0,,0,0,92364,0,0,0,0,0,0,0,0,30321,0,156541.90625,0,0,0,0,0,,4193,0,,"MULTIPOLYGON (((-37.82381145811403 144.92397192874478, -37.823851220058685 144.92667253712838, -37.82396102432076 144.93044017673742, -37.82409806387102 144.93042666759732, -37.825532671712665 144.93033698194884, -37.82592761926362 144.9301998069204, -37.82690511977381 144.93053497561053, -37.82768218712031 144.9271912665846, -37.82782891049384 144.9263169838547, -37.8279681140753 144.9254868762962, -37.82800946570418 144.92526767355082, -37.82381145811403 144.92397192874478)))"
com_clue_floor_use_block_2016.786,786,2016,Port Melbourne,0,43361,0,90098,1330,7507,0,0,0,,43912,,0,0,32988,0,0,320092,0,0,,,0,0,,0,12608,0,850874.0625,0,0,0,0,0,,3389,2003,7635,"MULTIPOLYGON (((-37.82131735792779 144.91649618955785, -37.82361565352721 144.91720397750723, -37.822833834557315 144.9212382334467, -37.82402088522156 144.9216048191932, -37.82776112834832 144.92275995420871, -37.828975079324415 144.9178440816098, -37.82901810724656 144.9176833713447, -37.829067314988464 144.91752550479745, -37.82912258489042 144.91737086017707, -37.829183785623016 144.91721980699126, -37.82925077038563 144.91707270609723, -37.82932337870761 144.91692990965163, -37.82940143820944 144.91679175878878, -37.829484760118966 144.91665858488335, -37.829573146416784 144.91653070594083, -37.82966638625314 144.9164084278349, -37.82976425590759 144.91629204203608, -37.83088647066017 144.91502099551724, -37.831025224492784 144.9148582899189, -37.831159442776354 144.91468964638392, -37.831288967697226 144.91451526364682, -37.83141364344483 144.91433535175287, -37.83153332237609 144.91415012393094, -37.831647862373664 144.91395980007658, -37.831757125945465 144.9137646067771, -37.831860983847726 144.91356477834594, -37.831959312262306 144.91336055008443, -37.83205199473909 144.91315216618062, -37.83213891939331 144.91293987410685, -37.83221998439057 144.9127239290101, -37.83229509148073 144.91250458480397, -37.83245891215763 144.9120266777974, -37.8323289684272 144.9119607732693, -37.832196528534396 144.9119033086943, -37.83206193758228 144.9118544333709, -37.83192554477292 144.91181427375457, -37.831787705228884 144.91178293454283, -37.83164877727077 144.91176049761665, -37.831509123317986 144.91174702201565, -37.83136910532455 144.9117425406587, -37.82678323939134 144.9117451549776, -37.82650139276977 144.91172704724468, -37.826113740027616 144.9116411604141, -37.825622690697024 144.91149668722554, -37.82423498039113 144.91108841352823, -37.82413072602971 144.91104741737445, -37.824024641796235 144.91101472320236, -37.8239171436237 144.9109904601236, -37.82380865130229 144.91097472078417, -37.823699590421654 144.91096756926297, -37.823590388606846 144.9109690320898, -37.82348147291696 144.9109791040002, -37.82337327068535 144.91099774450396, -37.823266205096736 144.91102488255495, -37.8231606959873 144.91106041084913, -37.82305715630237 144.911104189333, -37.82295599123619 144.9111560475009, -37.82287784973784 144.91121073159246, -37.82280303333311 144.91127236430768, -37.82273193014493 144.91134062568128, -37.822664908776645 144.91141516222086, -37.822602317411516 144.91149558693266, -37.82254447936994 144.9115814828549, -37.822491696732726 144.9116724040918, -37.8224442413745 144.9117678783383, -37.82240236134955 144.91186741124412, -37.822366271884945 144.91197048666712, -37.82162328684821 144.91439123386849, -37.82131735792779 144.91649618955785)))"
com_clue_floor_use_block_2016.787,787,2016,Port Melbourne,0,0,0,0,0,0,0,0,0,0,2072,0,0,0,0,0,0,20584,0,0,0,,0,0,0,0,4815,0,48346.3984375,0,0,,0,0,6456,986,0,0,"MULTIPOLYGON (((-37.83317341979925 144.91255700439294, -37.83287952088196 144.91231302767625, -37.83245891215763 144.9120266777974, -37.83229509148073 144.91250458480397, -37.83221998439057 144.9127239290101, -37.83213891939331 144.91293987410685, -37.83205199473909 144.91315216618062, -37.831959312262306 144.91336055008443, -37.831860983847726 144.91356477834594, -37.831757125945465 144.9137646067771, -37.831647862373664 144.91395980007658, -37.83153332237609 144.91415012393094, -37.83141364344483 144.91433535175287, -37.831288967697226 144.91451526364682, -37.831159442776354 144.91468964638392, -37.831025224492784 144.9148582899189, -37.83088647066017 144.91502099551724, -37.82976425590759 144.91629204203608, -37.82966638625314 144.9164084278349, -37.829573146416784 144.91653070594083, -37.829484760118966 144.91665858488335, -37.82940143820944 144.91679175878878, -37.82932337870761 144.91692990965163, -37.82925077038563 144.91707270609723, -37.829183785623016 144.91721980699126, -37.82912258489042 144.91737086017707, -37.829067314988464 144.91752550479745, -37.82901810724656 144.9176833713447, -37.828975079324415 144.9178440816098, -37.82776112834832 144.92275995420871, -37.828132235809306 144.92287457336545, -37.82845380259756 144.92190111290049, -37.82918512502505 144.92054109025284, -37.83107884913817 144.91680418802943, -37.83317341979925 144.91255700439294)))"
com_clue_floor_use_block_2016.780,780,2016,Port Melbourne,0,,0,0,0,,0,0,0,,0,0,0,0,0,0,0,,0,0,0,0,0,0,0,0,0,0,80475,0,0,0,0,0,0,0,0,0,"MULTIPOLYGON (((-37.82402088522156 144.9216048191932, -37.82383498564288 144.92293061455644, -37.82381145811403 144.92397192874478, -37.82800946570418 144.92526767355082, -37.828030924703185 144.92515391739659, -37.82841776278688 144.92315725432883, -37.82847851948095 144.92298152530415, -37.828132235809306 144.92287457336545, -37.82776112834832 144.92275995420871, -37.82402088522156 144.9216048191932)))"
com_clue_floor_use_block_2016.1016,1016,2016,Kensington,0,0,0,0,0,,0,0,0,0,0,0,0,0,0,0,0,,0,0,0,0,0,0,0,0,0,0,37011,0,0,0,0,0,0,0,0,0,"MULTIPOLYGON (((-37.8005218881193 144.9330354717927, -37.79930382204431 144.9350710211627, -37.7993497708271 144.93518412604243, -37.79941392567021 144.93576998890822, -37.79945116115229 144.93611004165945, -37.79974702799604 144.93603675414738, -37.800154549471365 144.93598980027082, -37.80064145552411 144.93609299557394, -37.80093577414355 144.9362079562754, -37.801216994763266 144.9363491818896, -37.80123260598909 144.93643440508217, -37.80140836613634 144.93638229447592, -37.80142719493964 144.93638664728567, -37.80170739313962 144.93646218384615, -37.80182758940589 144.9364179808382, -37.80178886671727 144.9362507414375, -37.80172683054079 144.9362735569007, -37.801718126002804 144.9362359616809, -37.80170244554034 144.93616823840568, -37.80167347225273 144.93604310622368, -37.801820601598195 144.93593838041176, -37.801813334064406 144.9359237520989, -37.80188669449425 144.93580578341118, -37.80198901766792 144.9357401511269, -37.80211188278264 144.93566134319278, -37.801369420145456 144.9340148011673, -37.80085211549489 144.93249801753052, -37.8005218881193 144.9330354717927)))"
com_clue_floor_use_block_2016.1014,1014,2016,West Melbourne (Industrial),0,518,0,0,0,0,0,0,0,0,1309,0,0,0,0,0,0,15256,0,0,0,0,0,0,0,0,8074,0,33301.078125,0,0,0,0,0,,2147,2704,,"MULTIPOLYGON (((-37.80370913384479 144.9322190958546, -37.80178939228262 144.93305422713857, -37.80140890938248 144.93284838668248, -37.80099043469235 144.93227289694505, -37.80090211931432 144.93241663543859, -37.80085211549489 144.93249801753052, -37.801369420145456 144.9340148011673, -37.80211188278264 144.93566134319278, -37.80258991742111 144.93535472034688, -37.80262443705802 144.93533257814218, -37.80263514882622 144.93532376159425, -37.803023701390764 144.93500372592862, -37.80294316990061 144.93486765288245, -37.80299671338161 144.9348173096491, -37.803123673224945 144.93469793560797, -37.80324737474794 144.93490687680776, -37.80344257940898 144.93472243855885, -37.803766653021086 144.93441991869815, -37.80388757290885 144.93432125616266, -37.8040240701861 144.93424759967286, -37.80418163277211 144.9342034542524, -37.80425296815841 144.93419612705407, -37.80431694207012 144.93419559255804, -37.80432630573415 144.93419705802577, -37.80431651075264 144.9341656640254, -37.80370913384479 144.9322190958546)))"
com_clue_floor_use_block_2016.1006,1006,2016,West Melbourne (Industrial),0,0,0,0,,,0,0,0,0,0,,0,0,0,0,0,191601,0,0,0,0,0,0,0,0,4016,0,943908.625,,368191,0,0,0,,319847,0,0,"MULTIPOLYGON (((-37.80495500297307 144.91175281394902, -37.80407207439741 144.9133646730323, -37.802791916197634 144.9150200574662, -37.80172153569586 144.9167175347177, -37.80307056936897 144.9290151249935, -37.80330928130563 144.93070833682782, -37.80370913384479 144.9322190958546, -37.80431651075264 144.9341656640254, -37.80432630573415 144.93419705802577, -37.804926139564216 144.93617446064454, -37.806430317693376 144.9358443478746, -37.80734987033193 144.93588384494393, -37.808676259479185 144.9355733914538, -37.80884915992052 144.93566522831117, -37.80899788438855 144.93590752838833, -37.80904917646442 144.9358537560423, -37.80911770690921 144.93603085851854, -37.809213020370855 144.93618124855735, -37.809448327764954 144.93655253186918, -37.80944987924277 144.93655909488956, -37.80984793805573 144.93676702096752, -37.809761997923175 144.93643568908365, -37.80968125907086 144.93610228557068, -37.80953291983078 144.93518520750996, -37.8093167119711 144.93347691292269, -37.80931296251665 144.93328124865118, -37.80914631341313 144.93164663659806, -37.80903202700869 144.93052575915206, -37.807577699392034 144.91626688726524, -37.8072671874626 144.91656144720517, -37.80458204083135 144.9169950618142, -37.80448415104786 144.91701212108703, -37.804695869526476 144.9152417812358, -37.80495500297307 144.91175281394902)))"
com_clue_floor_use_block_2016.558,558,2016,Kensington,0,0,0,0,0,,0,12934,0,0,0,,0,0,0,0,0,2423,0,957,0,0,0,0,0,0,0,0,16914.0703125,0,0,0,0,0,,0,0,0,"MULTIPOLYGON (((-37.79438660111749 144.91738404968112, -37.79405090926647 144.91745147697017, -37.79400174941276 144.91706298828475, -37.793447089308714 144.91717444853617, -37.79293201212309 144.917990000217, -37.79394130839123 144.91891204550015, -37.79397055808138 144.91886718842701, -37.79400389529016 144.91882711457458, -37.79404083022956 144.91879241004492, -37.79408082216766 144.91876358287945, -37.79412328473224 144.91874105723164, -37.794167596518626 144.91872516171256, -37.79421310741451 144.91871613034832, -37.79419093920591 144.9184249224396, -37.794459285622764 144.91795846159448, -37.79438660111749 144.91738404968112)))"
com_clue_floor_use_block_2016.549,549,2016,Kensington,0,0,0,0,0,0,0,0,0,0,0,,0,0,0,0,0,0,0,0,0,0,0,0,0,0,0,0,6661,0,0,0,0,0,0,0,0,0,"MULTIPOLYGON (((-37.79122474165332 144.92320597954955, -37.79063454510923 144.92412936360498, -37.7906117559477 144.9241062383415, -37.79052017450385 144.92424951540286, -37.791048544534526 144.92475618251726, -37.79135217845219 144.92423193154724, -37.791359259819 144.9242386774824, -37.79152068188009 144.92395873207332, -37.79151405974629 144.92395242639745, -37.79165138557916 144.9237153178236, -37.791283578291505 144.92335372088053, -37.79128278234153 144.9232648868231, -37.79122474165332 144.92320597954955)))"
com_clue_floor_use_block_2016.550,550,2016,Kensington,0,0,0,0,0,,0,0,0,0,0,,0,0,0,0,0,0,0,0,0,0,0,0,0,0,0,0,2940,0,0,0,0,0,0,0,0,0,"MULTIPOLYGON (((-37.79193616522722 144.92288101842126, -37.791725917673546 144.92324565016492, -37.79191626823058 144.92341993635065, -37.79212651628472 144.92305530297958, -37.79211325130686 144.92304315787044, -37.79228272028291 144.922749245344, -37.792625898306845 144.9230634599106, -37.79289985587015 144.92258865458624, -37.79251663837769 144.92223056218538, -37.792070612283226 144.92300411765976, -37.79193616522722 144.92288101842126)))"
com_clue_floor_use_block_2016.1007,1007,2016,West Melbourne (Industrial),0,,0,0,0,,0,0,0,0,1352,0,0,0,0,0,0,54274,0,0,0,,0,0,0,0,38807,0,1120434,,893180,0,0,0,72070,43213,0,0,"MULTIPOLYGON (((-37.80922253878154 144.91518754331287, -37.80923666800133 144.9155776517599, -37.80928908220223 144.91573488158343, -37.80789857123588 144.9159624970012, -37.807577699392034 144.91626688726524, -37.80903202700869 144.93052575915206, -37.80914631341313 144.93164663659806, -37.80931296251665 144.93328124865118, -37.8093167119711 144.93347691292269, -37.80953291983078 144.93518520750996, -37.81190828716159 144.93461821650277, -37.812480548587544 144.93448161360718, -37.81261854296792 144.93444183510206, -37.812573102789386 144.93367353757588, -37.8119594608261 144.9334715394726, -37.811608684302804 144.93325369033982, -37.81127733754244 144.93295170049137, -37.811261410996636 144.9329317235493, -37.8113549574338 144.93285268561843, -37.81144297011522 144.93276412284234, -37.8114621715898 144.93274139519463, -37.81139528464884 144.93269847470566, -37.81133043370459 144.9326508471364, -37.81126782690899 144.93259866571464, -37.81133889613479 144.93252389039623, -37.811405531222846 144.93244288668976, -37.811467387091945 144.93235606973704, -37.811524148082874 144.93226388794125, -37.811575520613324 144.93216681522048, -37.81162124038398 144.93206535080637, -37.81166107231907 144.931960015838, -37.81195045301592 144.93189798417725, -37.813010359580254 144.93166376543797, -37.813079050112805 144.93164481400632, -37.8131462382616 144.9316186731716, -37.81321145230845 144.93158552533507, -37.81327423224052 144.93154560369058, -37.81333413691635 144.93149918975317, -37.813390743986474 144.93144660881822, -37.81344365625859 144.93138823319165, -37.813492499736796 144.93132447315764, -37.81345286099886 144.9312801152175, -37.813405196335914 144.9312267769437, -37.813425801907684 144.93121150848222, -37.814647875772046 144.92805442047003, -37.81610703866513 144.92890685202948, -37.81645597076909 144.9280030859407, -37.8167392942272 144.92557986087144, -37.818290448404184 144.92572517286763, -37.817943004801045 144.9316282561221, -37.817994920150866 144.931780506454, -37.81809795398079 144.93178924267008, -37.81806080946336 144.93245936884514, -37.81864551653384 144.93224570324665, -37.81924449610928 144.93202681785226, -37.81921444019659 144.93189587866124, -37.81926668389372 144.93177650166248, -37.81933160381694 144.93175287902585, -37.819182732733545 144.92474536776095, -37.819083424593146 144.92008176088572, -37.8190987021481 144.91999182774313, -37.81916515705363 144.91960060663567, -37.81960145607878 144.91703190893915, -37.82002923547213 144.9145664252906, -37.80986838991246 144.91500538498752, -37.809872442295024 144.91515689052315, -37.8094481150553 144.91517690466478, -37.80922253878154 144.91518754331287)))"
com_clue_floor_use_block_2016.534,534,2016,Kensington,0,0,0,0,0,0,0,0,0,0,0,,0,0,0,0,0,0,0,0,0,0,0,0,0,0,0,0,2721,0,0,0,0,0,0,0,0,0,"MULTIPOLYGON (((-37.79368428958028 144.92329692382782, -37.793405968675586 144.92378114782588, -37.79337309290951 144.9238383438672, -37.79377125492912 144.92420460314187, -37.79377484698492 144.92419335415482, -37.79408743269871 144.9236606539263, -37.79368428958028 144.92329692382782)))"
com_clue_floor_use_block_2016.551,551,2016,Kensington,0,0,0,0,0,0,0,4440,0,0,0,0,0,0,0,0,0,624,0,0,0,0,0,0,0,0,0,0,5063.31005859,0,0,0,0,0,0,0,0,0,"MULTIPOLYGON (((-37.79251663837769 144.92223056218538, -37.792152601317966 144.92189039743468, -37.792071191895594 144.92192812970094, -37.79184810288947 144.92228121552589, -37.79205253778703 144.9224683925902, -37.79209627062875 144.92250843296517, -37.792261068598464 144.92265932039584, -37.79223461468636 144.92270520042888, -37.79207200319116 144.92255631508507, -37.79202389750815 144.9225122692823, -37.79182004431189 144.9223256243612, -37.79167399472864 144.92255677662413, -37.79167684900142 144.9226435900383, -37.79193616522722 144.92288101842126, -37.792070612283226 144.92300411765976, -37.79251663837769 144.92223056218538)))"
com_clue_floor_use_block_2016.529,529,2016,Kensington,0,0,0,0,0,0,0,7565,0,0,0,,0,0,0,0,0,1173,0,502,0,0,0,0,0,0,0,0,10097.63964844,0,0,0,0,0,,0,0,0,"MULTIPOLYGON (((-37.79723439801355 144.91898102418563, -37.796828986621854 144.91968575015366, -37.79652119263622 144.92022077847471, -37.79713390781839 144.92078058075643, -37.7974417051573 144.92024555007404, -37.797848902494096 144.9195377205521, -37.79723439801355 144.91898102418563)))"
com_clue_floor_use_block_2016.569,569,2016,Kensington,0,1239,0,0,0,0,0,4952,0,0,0,,0,0,,0,0,1559,0,3890,0,0,0,0,0,0,0,0,14976.36035156,0,0,0,0,0,0,0,0,0,"MULTIPOLYGON (((-37.789867080861775 144.92278947898663, -37.790285799173375 144.92212122335803, -37.79107020040226 144.92086931905004, -37.791078596167715 144.92085591886257, -37.790688706086286 144.92046799038198, -37.790687987850106 144.9204690620654, -37.79068008623046 144.92048084379644, -37.79043498533811 144.92084630527154, -37.78979527511099 144.921874322596, -37.78965210838035 144.92204802097422, -37.78942401399692 144.9224205881119, -37.78913050056908 144.9229000045259, -37.789138612701045 144.9229088822359, -37.7892557055734 144.92303702573435, -37.78952705472824 144.92329721536095, -37.789480572186555 144.92276511239282, -37.78958609314496 144.92259670810847, -37.789791155378445 144.92280072960733, -37.78983358184027 144.9228429404697, -37.789867080861775 144.92278947898663)))"
com_clue_floor_use_block_2016.567,567,2016,Kensington,0,0,0,0,0,0,0,5042,0,0,0,0,0,0,0,0,0,1179,0,0,0,0,0,0,0,0,0,0,6220.45019531,0,0,0,0,0,0,0,0,0,"MULTIPOLYGON (((-37.79042569603925 144.92334526565574, -37.79043276724402 144.9233523012811, -37.79077333818623 144.92280876931838, -37.790801999931446 144.92263479854086, -37.79079492318071 144.92262775742876, -37.79058632543444 144.92242021600288, -37.79056334323866 144.92239735446898, -37.790285799173375 144.92212122335803, -37.789867080861775 144.92278947898663, -37.790167601952795 144.92308847745116, -37.79042569603925 144.92334526565574)))"
com_clue_floor_use_block_2016.563,563,2016,Kensington,0,0,0,0,0,0,0,0,0,0,0,,0,0,0,0,0,0,0,0,0,0,0,0,0,0,0,0,5315,0,0,0,0,0,0,0,0,0,"MULTIPOLYGON (((-37.79151894313044 144.92131576565373, -37.79155458223003 144.9213512226794, -37.79149000279406 144.92151841553274, -37.79079492318071 144.92262775742876, -37.790801999931446 144.92263479854086, -37.79104990690086 144.92288145128256, -37.79105510983102 144.92287314866806, -37.79136255031823 144.9223824809196, -37.791387029072624 144.9222197477433, -37.791786587104916 144.921582049428, -37.792166918565215 144.92097502543467, -37.792220600132815 144.92088934637985, -37.79203614608128 144.92070583301532, -37.79188471061788 144.92073198433397, -37.79151894313044 144.92131576565373)))"
com_clue_floor_use_block_2016.531,531,2016,Kensington,0,0,0,0,0,0,0,17091,0,0,0,,0,0,0,0,0,4303,0,1284,0,0,0,0,0,0,0,0,26678.56054688,0,0,,0,0,,0,0,0,"MULTIPOLYGON (((-37.79503836469999 144.92279820163347, -37.79488993538735 144.92305618686208, -37.79470616066087 144.92337560417874, -37.79455990891814 144.92349440589877, -37.794497715340306 144.92360250208122, -37.79450072374518 144.9236262855353, -37.79454113265831 144.9236632070675, -37.79451636675064 144.92370625181314, -37.79449552280274 144.92374275788214, -37.79509971286199 144.92432578216685, -37.79514634901618 144.92437064881005, -37.795368551204184 144.92398444746203, -37.79531885959955 144.9239354214176, -37.79572237404393 144.92323407724996, -37.79674523871875 144.92145617608398, -37.79617320684414 144.9209417208808, -37.79582067333715 144.9215544922557, -37.79577637445273 144.921515433985, -37.79503836469999 144.92279820163347)))"
com_clue_floor_use_block_2016.543,543,2016,Kensington,0,0,0,0,0,0,0,8711,0,0,0,0,0,0,0,0,0,2800,0,0,0,0,0,0,0,0,0,0,11510.5,0,0,0,0,0,0,0,0,0,"MULTIPOLYGON (((-37.794934808128204 144.92147978778172, -37.79501932725827 144.9212255271209, -37.79517079363408 144.92096073420115, -37.795519782358326 144.9203540782709, -37.79499874789127 144.91987810780233, -37.79496365875391 144.9199270764177, -37.79492405662903 144.91997023442892, -37.794880543630484 144.92000692558187, -37.79483377952139 144.92003659421806, -37.79478447368729 144.92005879004196, -37.7947333771295 144.92007317402295, -37.7947615433417 144.9203870541548, -37.794136634491544 144.92147046136506, -37.79438680177768 144.9219253953515, -37.794448873642274 144.9219666602332, -37.794530978435645 144.92191353860798, -37.7948323074901 144.92138561558684, -37.794934808128204 144.92147978778172)))"
com_clue_floor_use_block_2016.536,536,2016,Kensington,0,0,0,0,0,0,0,4697,0,0,0,0,0,0,0,0,0,,0,0,0,0,0,0,0,0,0,0,6995.08007812,0,0,0,0,0,,0,0,0,"MULTIPOLYGON (((-37.794934808128204 144.92147978778172, -37.79492454906389 144.92155907749702, -37.79492098478485 144.92163928794747, -37.7949241535888 144.92171952546582, -37.79493402073679 144.921798893889, -37.794950476892176 144.92187650822854, -37.79497333643907 144.92195150153032, -37.79500234582904 144.92202303826747, -37.79503718187943 144.92209032006534, -37.79506679954454 144.92214807017152, -37.79509099479898 144.92220970058068, -37.795109453355494 144.92227440696647, -37.795121934126996 144.9223413454717, -37.795128272969976 144.92240964055406, -37.79512838746871 144.922478400752, -37.79512227711569 144.92254672890166, -37.79511002078958 144.92261373242934, -37.795091778796944 144.92267853692326, -37.79506778852868 144.92274029534138, -37.79503836469999 144.92279820163347, -37.79577637445273 144.921515433985, -37.79517079363408 144.92096073420115, -37.79501932725827 144.9212255271209, -37.794934808128204 144.92147978778172)))"
com_clue_floor_use_block_2016.530,530,2016,Kensington,0,0,0,0,0,,0,0,0,0,0,,0,0,0,0,0,0,0,0,0,0,0,0,0,0,0,0,4418,0,0,0,0,0,0,0,0,0,"MULTIPOLYGON (((-37.79607786753037 144.92085597817575, -37.79617320684414 144.9209417208808, -37.79674523871875 144.92145617608398, -37.79713390781839 144.92078058075643, -37.79652119263622 144.92022077847471, -37.79649052108808 144.92027409405853, -37.796326586068844 144.92055905338964, -37.796275526488984 144.9205124034891, -37.79607786753037 144.92085597817575)))"
com_clue_floor_use_block_2016.540,540,2016,Kensington,0,0,0,0,0,0,0,5599,0,0,0,,0,0,0,0,0,1949,0,0,0,0,0,0,0,0,0,0,7796.27001953,0,0,0,0,0,,0,0,0,"MULTIPOLYGON (((-37.79535061100848 144.91833510762677, -37.795749210379284 144.91869926029395, -37.79622283124693 144.91913195881733, -37.796626558440174 144.91843037891562, -37.79592891468451 144.91779839342533, -37.795889511102196 144.9176082483188, -37.79567498282759 144.91777124731766, -37.79535061100848 144.91833510762677)))"
com_clue_floor_use_block_2016.537,537,2016,Kensington,0,0,0,0,0,0,0,0,0,0,0,,0,0,0,0,0,0,0,0,0,0,0,0,0,0,0,0,4418,0,0,0,0,0,0,0,0,0,"MULTIPOLYGON (((-37.79617320684414 144.9209417208808, -37.79607786753037 144.92085597817575, -37.795519782358326 144.9203540782709, -37.79517079363408 144.92096073420115, -37.79577637445273 144.921515433985, -37.79582067333715 144.9215544922557, -37.79617320684414 144.9209417208808)))"
com_clue_floor_use_block_2016.528,528,2016,Kensington,0,0,0,0,0,0,0,12774,0,0,0,,0,0,0,0,0,3515,0,2192,0,0,0,0,0,0,0,0,18826.6796875,0,0,0,0,0,,0,0,0,"MULTIPOLYGON (((-37.797848902494096 144.9195377205521, -37.7974417051573 144.92024555007404, -37.79713390781839 144.92078058075643, -37.79674523871875 144.92145617608398, -37.79737170511422 144.92204609229574, -37.798483389706135 144.9201125317583, -37.797848902494096 144.9195377205521)))"
com_clue_floor_use_block_2016.541,541,2016,Kensington,0,0,0,0,0,0,0,9371,0,0,0,0,0,0,0,0,0,,0,0,0,0,0,0,0,0,0,0,12956.34960938,0,0,0,0,0,,0,0,0,"MULTIPOLYGON (((-37.79622283124693 144.91913195881733, -37.795749210379284 144.91869926029395, -37.79535061100848 144.91833510762677, -37.79487821452477 144.91915626535163, -37.794901083703444 144.9191754496905, -37.794922865629005 144.9191965474447, -37.79495936773991 144.91923949987142, -37.794991386362284 144.91928779983058, -37.795018431709636 144.91934070813082, -37.79504009117603 144.91939741640775, -37.79505603406069 144.91945705948416, -37.795066016252626 144.91951872546008, -37.79506988593601 144.91958147258822, -37.79506758289025 144.9196443406512, -37.79505914335458 144.91970637126775, -37.79504469566494 144.91976661596607, -37.79502446057451 144.91982415434603, -37.79499874789127 144.91987810780233, -37.795519782358326 144.9203540782709, -37.79588436836108 144.9197202990457, -37.79622283124693 144.91913195881733)))"
com_clue_floor_use_block_2016.555,555,2016,Kensington,0,0,0,0,0,0,0,10900,0,0,0,0,0,0,0,0,0,2770,0,0,0,0,0,0,0,0,0,0,13670.20996094,0,0,0,0,0,0,0,0,0,"MULTIPOLYGON (((-37.79535061100848 144.91833510762677, -37.79567498282759 144.91777124731766, -37.795889511102196 144.9176082483188, -37.795743402917516 144.91690321755624, -37.7956328698175 144.91678773195926, -37.79537999608994 144.91652353030355, -37.79522246948952 144.91681420054672, -37.79527949927069 144.91726449779338, -37.79529672563711 144.91725606557193, -37.79529094067844 144.91723051810857, -37.79528693991674 144.91719890046613, -37.79537288977028 144.91718166049793, -37.7953689244748 144.91715026555036, -37.79543965974035 144.91713607733615, -37.795447044855756 144.91713047329256, -37.79545507465707 144.9171265194108, -37.79546351776413 144.91712433007712, -37.79547213376664 144.91712396769162, -37.79548067502565 144.91712544261756, -37.795470777766646 144.91704419336583, -37.79548870641867 144.91704622226797, -37.79550615767408 144.91705177942188, -37.79551518083276 144.91696509947485, -37.79552596799478 144.91697458350802, -37.795586003235485 144.91702737096253, -37.79560606566391 144.91708038980036, -37.795562964712104 144.9171062895337, -37.795585261074486 144.9171652168934, -37.795547796506746 144.91718772960056, -37.795549693703194 144.91718443061959, -37.79554787000698 144.91718276473622, -37.795527882811605 144.91721750924322, -37.7955225582692 144.91721264489016, -37.795517271494155 144.917211189839, -37.79551373116142 144.91722043354292, -37.795509067740184 144.91722884910152, -37.79550340089594 144.91723622192237, -37.795496875075486 144.91724236283727, -37.7954896560646 144.91724711728398, -37.79548192912637 144.9172503619517, -37.79547389107531 144.91725201522442, -37.79546574571346 144.91725203390206, -37.79545770212934 144.9172504189266, -37.79544996559037 144.91724720995936, -37.79547058504932 144.9173029920564, -37.79548039979228 144.91732954502578, -37.795442557787474 144.917351711622, -37.795457052688974 144.91739092398277, -37.795440586918815 144.9173880952988, -37.79542442056771 144.917383241292, -37.795402324342525 144.9173729255437, -37.79538158253693 144.91735883661116, -37.79534927045102 144.91741541928715, -37.7953230460284 144.91738971786995, -37.795300351539154 144.91742914443495, -37.795317972393434 144.91756828212334, -37.795184925987435 144.91779955987923, -37.795451024303816 144.91804265814778, -37.795435160070184 144.91807023537368, -37.7951690618087 144.91782713705283, -37.79457494695259 144.91885987900258, -37.79487821452477 144.91915626535163, -37.79535061100848 144.91833510762677)))"
com_clue_floor_use_block_2016.556,556,2016,Kensington,0,0,0,0,0,0,0,9530,0,0,0,0,0,0,0,0,0,1007,0,0,0,0,0,0,0,0,0,0,10537.0703125,0,0,0,0,0,0,0,0,0,"MULTIPOLYGON (((-37.79438660111749 144.91738404968112, -37.794459285622764 144.91795846159448, -37.79419093920591 144.9184249224396, -37.79421310741451 144.91871613034832, -37.79426920634083 144.9187141448158, -37.79432512847132 144.91872010459073, -37.794380165951544 144.91873393416407, -37.79443362451265 144.91875545997945, -37.79448482797525 144.91878441030636, -37.79499826522045 144.91789191059323, -37.79498108441573 144.91775613051595, -37.794992301656634 144.91773662998168, -37.79505013255682 144.91772500904992, -37.79499622680235 144.91729900051854, -37.79503626415394 144.91729095430873, -37.79498084320683 144.9168529929641, -37.79438701345053 144.91698454805604, -37.79435023739096 144.91709668237314, -37.79438660111749 144.91738404968112)))"
com_clue_floor_use_block_2016.557,557,2016,Kensington,0,0,0,0,0,0,0,1939,0,0,0,0,0,0,0,0,0,0,0,0,0,0,0,0,0,0,0,0,1938.59997559,0,0,0,0,0,0,0,0,0,"MULTIPOLYGON (((-37.793873582551434 144.91926894753072, -37.793890233315366 144.9193420792103, -37.79391312237902 144.9194124807428, -37.79394197804144 144.91947931031592, -37.79397645364404 144.9195417679632, -37.79401613677796 144.91959910666134, -37.79413839868201 144.9193865878547, -37.794118617196325 144.91936578504124, -37.794101262018444 144.9193417889099, -37.794086655521404 144.91931504466783, -37.79407506687716 144.91928604670997, -37.79404686927999 144.91929171311915, -37.79404439443572 144.9192831824346, -37.794037627822334 144.91928631016165, -37.794039624324135 144.91929316785684, -37.79401218102975 144.919298682499, -37.79401125834014 144.91929139493652, -37.794004140906274 144.9192928245185, -37.79400506269503 144.91930011210556, -37.79397757090121 144.91930563605214, -37.793975531680545 144.9192974315699, -37.793968653242516 144.91930014678996, -37.79397037086098 144.9193070827128, -37.79396182116098 144.91930880118002, -37.79395139283877 144.91925341165287, -37.79394764191158 144.9191966809861, -37.794060893005785 144.91917392619948, -37.794065331157704 144.9191386766407, -37.79407389495032 144.91910465589862, -37.79408639241689 144.91907262795544, -37.79406427567611 144.9190524222442, -37.794067374091526 144.9190461597461, -37.794061173066694 144.91904049547867, -37.79405774489477 144.91904645606715, -37.79403622627196 144.91902679685964, -37.794039663209496 144.9190208223985, -37.794033828531035 144.91901549081524, -37.7940303907131 144.91902146643645, -37.7940087997257 144.91900174113604, -37.79401223229878 144.91899577474794, -37.794005448702464 144.9189895771922, -37.79400226069505 144.91899576724984, -37.7939949531788 144.91898909153394, -37.79401610642328 144.91895232361904, -37.79402341394153 144.918958999333, -37.79401973682503 144.91896474318892, -37.79402652042262 144.9189709407435, -37.79402995297398 144.91896497321753, -37.794051543967306 144.91898469851225, -37.794048107031685 144.91899067297592, -37.79405394171125 144.91899600455818, -37.79405737954785 144.91899003006898, -37.79407889725578 144.91900968816105, -37.79407546908551 144.91901564875235, -37.79408166921079 144.91902131304394, -37.79408542893965 144.91901565431112, -37.79410754568651 144.91903586001658, -37.79412987061981 144.91900879039798, -37.794155402052766 144.91898667525672, -37.794183454757125 144.91897010731756, -37.79421327688512 144.91895953013835, -37.794244069624675 144.91895522847292, -37.79427500591373 144.91895731638851, -37.79430525752222 144.9189657399119, -37.7943340129862 144.91898027198235, -37.79436050030677 144.9190005220345, -37.79442660211459 144.9188856214325, -37.79448482797525 144.91878441030636, -37.79443362451265 144.91875545997945, -37.794380165951544 144.91873393416407, -37.79432512847132 144.91872010459073, -37.79426920634083 144.9187141448158, -37.79421310741451 144.91871613034832, -37.794167596518626 144.91872516171256, -37.79412328473224 144.91874105723164, -37.79408082216766 144.91876358287945, -37.79404083022956 144.91879241004492, -37.79400389529016 144.91882711457458, -37.79397055808138 144.91886718842701, -37.79394130839123 144.91891204550015, -37.79391479384856 144.9189651192718, -37.793894002257595 144.9190220990953, -37.79387928768418 144.91908201089845, -37.79387090237204 144.9191438300952, -37.79386898985812 144.91920649994753, -37.793873582551434 144.91926894753072)))"
com_clue_floor_use_block_2016.561,561,2016,Kensington,0,0,0,0,0,0,0,10710,0,0,0,,0,0,0,0,0,,0,0,0,0,0,0,0,0,0,0,13323.80957031,0,0,0,0,0,0,0,0,0,"MULTIPOLYGON (((-37.79233767613286 144.92059024748974, -37.792624587214945 144.9208491424153, -37.79314939819841 144.92001149375426, -37.79314027536969 144.91993938364197, -37.79368350470091 144.91983024236765, -37.793690975746486 144.91988929081154, -37.79386987066788 144.9198533487267, -37.79401613677796 144.91959910666134, -37.79397645364404 144.9195417679632, -37.79394197804144 144.91947931031592, -37.79391312237902 144.9194124807428, -37.793890233315366 144.9193420792103, -37.793873582551434 144.91926894753072, -37.79221268841187 144.91960265678253, -37.79233767613286 144.92059024748974)))"
com_clue_floor_use_block_2016.542,542,2016,Kensington,0,0,0,0,0,0,0,1500,0,0,0,,0,0,0,0,0,0,0,0,0,0,0,0,0,0,0,0,1639,0,0,,0,0,0,0,0,0,"MULTIPOLYGON (((-37.7940990141148 144.91968716423702, -37.79440956717652 144.9199708831216, -37.79445022336619 144.92000531202385, -37.7944937542377 144.92003361534177, -37.79453958089775 144.92005541637351, -37.79458709447034 144.9200704266996, -37.79463566236169 144.92007844373643, -37.79468464021005 144.92007936402962, -37.7947333771295 144.92007317402295, -37.79478447368729 144.92005879004196, -37.79483377952139 144.92003659421806, -37.794880543630484 144.92000692558187, -37.79492405662903 144.91997023442892, -37.79496365875391 144.9199270764177, -37.79499874789127 144.91987810780233, -37.79502446057451 144.91982415434603, -37.79504469566494 144.91976661596607, -37.79505914335458 144.91970637126775, -37.79506758289025 144.9196443406512, -37.79506988593601 144.91958147258822, -37.795066016252626 144.91951872546008, -37.79505603406069 144.91945705948416, -37.79504009117603 144.91939741640775, -37.795018431709636 144.91934070813082, -37.794991386362284 144.91928779983058, -37.79495936773991 144.91923949987142, -37.794922865629005 144.9191965474447, -37.79479246946233 144.91942320869134, -37.79481406066698 144.91944662287074, -37.79483227167656 144.91947422588532, -37.794846597816324 144.91950525170745, -37.79485664361708 144.91953884152736, -37.794862129501574 144.9195740651435, -37.79486290489619 144.91960994898608, -37.79485894769139 144.9196454965748, -37.79485036760569 144.9196797259017, -37.7948374020026 144.9197116877194, -37.79482040924623 144.91974049752653, -37.79479986189622 144.91976535847192, -37.79477632723217 144.91978558120712, -37.794750456805566 144.919800604621, -37.7947229678449 144.91981001453135, -37.794694621738316 144.9198135499662, -37.79466620257627 144.91981111284974, -37.79463849737562 144.91980277082774, -37.794612273501286 144.9197887544927, -37.794603881665225 144.91980884879803, -37.79458094234494 144.91979089165508, -37.79451484053915 144.91990579171153, -37.794425923476275 144.91982455765734, -37.794396838057985 144.91987511319456, -37.79413074338922 144.91963201145106, -37.7940990141148 144.91968716423702)))"
com_clue_floor_use_block_2016.559,559,2016,Kensington,0,4121,0,0,415,,0,13544,0,0,0,0,0,0,3373,,0,8278,0,10936,0,1342,0,0,0,0,0,0,42351.4296875,0,0,0,0,0,0,,0,0,"MULTIPOLYGON (((-37.79293201212309 144.917990000217, -37.793447089308714 144.91717444853617, -37.79400174941276 144.91706298828475, -37.79431586829957 144.91699986514178, -37.79434170299525 144.9169210930623, -37.7942061987967 144.91585032737143, -37.79419087661073 144.91585340741238, -37.79408113208127 144.9149862520718, -37.794040842717195 144.91505101069168, -37.79213088001344 144.9181208154413, -37.791891036287566 144.9185402374193, -37.791509768807316 144.9191770614424, -37.7913410127786 144.91944889548407, -37.79113984453108 144.91977016662455, -37.791105767406606 144.9198250535963, -37.79221268841187 144.91960265678253, -37.792162717197364 144.91920803143694, -37.79293201212309 144.917990000217)))"
com_clue_floor_use_block_2016.562,562,2016,Kensington,0,1329,0,0,0,0,0,9427,0,0,,,0,0,0,0,0,2495,0,5582,0,0,0,0,0,0,0,0,19147.51953125,0,0,0,0,0,0,0,0,0,"MULTIPOLYGON (((-37.79151894313044 144.92131576565373, -37.79188471061788 144.92073198433397, -37.79203614608128 144.92070583301532, -37.792220600132815 144.92088934637985, -37.79234949367277 144.9206836250334, -37.79233767613286 144.92059024748974, -37.79221268841187 144.91960265678253, -37.791105767406606 144.9198250535963, -37.790929560333915 144.9201088559728, -37.790688706086286 144.92046799038198, -37.791078596167715 144.92085591886257, -37.79107020040226 144.92086931905004, -37.79137073062983 144.9211683083261, -37.79151894313044 144.92131576565373)))"
com_clue_floor_use_block_2016.570,570,2016,Kensington,8834,13891,0,0,1462,,0,0,0,0,9556,0,0,0,,0,0,936120,,,0,0,0,0,357666,0,11566,0,1343515,0,0,0,0,0,0,0,0,0,"MULTIPOLYGON (((-37.79408113208127 144.9149862520718, -37.79449935673942 144.91431401564196, -37.79509147233936 144.91285330727993, -37.79488953972298 144.9123783430444, -37.79458662530337 144.91170293113098, -37.7943423867232 144.9110110030709, -37.79415919194506 144.91026705904605, -37.793976252193076 144.90952616982185, -37.79377315385263 144.90874304771967, -37.793479445786026 144.90804809808685, -37.79315794472014 144.90742732046192, -37.79288988430555 144.90681115400017, -37.79264219300593 144.9062494506581, -37.792423371192314 144.90567469744633, -37.79214227524372 144.90487372978558, -37.79191516000194 144.9043161653962, -37.79166721252608 144.9038084721941, -37.79139921114468 144.90339443444844, -37.7910944748808 144.90311285007965, -37.79069114875889 144.9029052392412, -37.790357425694936 144.90277397467648, -37.79027557761851 144.9027417802508, -37.78990951842212 144.9026754806464, -37.78965173314023 144.90267593288584, -37.78950047181754 144.9030352044719, -37.789444699477265 144.90317840214027, -37.78938316302221 144.90331780058315, -37.789316023492496 144.903453029576, -37.78924345932613 144.90358373430482, -37.78916566173398 144.90370956868338, -37.789082836602084 144.90383020097775, -37.78899520262934 144.9039453104523, -37.78890299146874 144.9040545953146, -37.78880644580449 144.90415776595668, -37.788705821254304 144.90425455057883, -37.788349820460844 144.90448121111305, -37.78818001604235 144.90457316757585, -37.78800806531341 144.90465855952314, -37.787834129045564 144.9047373052347, -37.78765836911211 144.90480933431715, -37.7874809474259 144.90487457864938, -37.78730203052355 144.90493297679507, -37.78732125347164 144.9050327301344, -37.787306527446496 144.90503896219192, -37.78729286277986 144.90504827219874, -37.7872806610114 144.90506038537168, -37.7872702798933 144.9050749464075, -37.78726202454483 144.9050915288165, -37.78725613858647 144.90510964312213, -37.787252793694925 144.90512875759472, -37.78725208984533 144.90514831187107, -37.78725404562547 144.90516772971822, -37.78745089302214 144.90631975519344, -37.78726391159444 144.9063696827531, -37.787075940394736 144.90641330971926, -37.78688711317447 144.90645060624593, -37.786697563744745 144.90648154589286, -37.786507426876874 144.90650610560044, -37.78631683746228 144.90652426911942, -37.786138140721974 144.90654111014004, -37.78595983410404 144.90656357441654, -37.78578202909166 144.9065916474077, -37.78585513981002 144.907259089628, -37.786184664104134 144.90721233398565, -37.78624143913753 144.90803099463858, -37.7863805055614 144.90801771956865, -37.786677820844154 144.90832035896406, -37.78639584048033 144.90870043958878, -37.78544970653561 144.90929863173625, -37.78433473697209 144.9103143137956, -37.78378682205059 144.91136161568136, -37.78356548293048 144.91236795904612, -37.78352310508382 144.91352800924304, -37.78360820562485 144.91758840281497, -37.78361942963886 144.9175990495813, -37.78385191209719 144.91781957757163, -37.7849696801058 144.91889644064344, -37.78729894871696 144.92115660620917, -37.7874578004769 144.92131156894573, -37.787807679506024 144.92165288375017, -37.78904056594772 144.92280158253962, -37.78913050056908 144.9229000045259, -37.78942401399692 144.9224205881119, -37.78965210838035 144.92204802097422, -37.78979527511099 144.921874322596, -37.79043498533811 144.92084630527154, -37.79068008623046 144.92048084379644, -37.790687987850106 144.9204690620654, -37.790688706086286 144.92046799038198, -37.790929560333915 144.9201088559728, -37.791105767406606 144.9198250535963, -37.79113984453108 144.91977016662455, -37.7913410127786 144.91944889548407, -37.791509768807316 144.9191770614424, -37.791891036287566 144.9185402374193, -37.79213088001344 144.9181208154413, -37.794040842717195 144.91505101069168, -37.79408113208127 144.9149862520718)))"
com_clue_floor_use_block_2016.552,552,2016,Kensington,0,,0,0,0,0,0,7246,0,0,0,0,0,0,0,0,0,3423,0,,0,0,0,0,0,0,0,0,12396.63964844,0,0,0,0,0,0,0,0,0,"MULTIPOLYGON (((-37.792152601317966 144.92189039743468, -37.79251663837769 144.92223056218538, -37.79289985587015 144.92258865458624, -37.79360986388916 144.92135807999668, -37.79285198877782 144.92069231912862, -37.792807052225974 144.92076344406865, -37.79257113327584 144.92113685147675, -37.792562663471244 144.92124137510052, -37.792152601317966 144.92189039743468)))"
com_clue_floor_use_block_2016.553,553,2016,Kensington,0,0,0,0,0,0,0,7107,0,0,0,,0,0,0,0,0,,0,0,0,0,0,0,0,0,0,0,10856.75976562,0,0,0,0,0,0,0,0,0,"MULTIPOLYGON (((-37.793847929860966 144.9209454581005, -37.79440956717652 144.9199708831216, -37.7940990141148 144.91968716423702, -37.79386897819779 144.9200870142342, -37.79372971814701 144.92009696035413, -37.79327084679119 144.92016565788273, -37.79325635370843 144.9201678279515, -37.7932699678566 144.92031224876945, -37.793264368357 144.92031308716554, -37.793245584864195 144.92034281857923, -37.79324502929143 144.9203369244058, -37.793148963700894 144.92024054490486, -37.792904213735255 144.92062786701558, -37.792896925263804 144.92062119296804, -37.79285198877782 144.92069231912862, -37.79360986388916 144.92135807999668, -37.793847929860966 144.9209454581005)))"
com_clue_floor_use_block_2016.544,544,2016,Kensington,0,0,0,0,0,0,0,4216,0,0,0,0,0,0,0,0,0,,0,0,0,0,0,0,0,0,0,0,5623.79003906,0,0,0,0,0,,0,0,0,"MULTIPOLYGON (((-37.794136634491544 144.92147046136506, -37.7947615433417 144.9203870541548, -37.7947333771295 144.92007317402295, -37.79468464021005 144.92007936402962, -37.79463566236169 144.92007844373643, -37.79458709447034 144.9200704266996, -37.79453958089775 144.92005541637351, -37.7944937542377 144.92003361534177, -37.79445022336619 144.92000531202385, -37.79440956717652 144.9199708831216, -37.793847929860966 144.9209454581005, -37.794136634491544 144.92147046136506)))"
com_clue_floor_use_block_2016.535,535,2016,Kensington,0,,0,0,0,,0,10586,0,0,0,0,0,0,0,0,0,8856,0,1766,0,0,0,0,0,0,0,0,21451,0,0,0,0,0,0,0,0,0,"MULTIPOLYGON (((-37.79377125492912 144.92420460314187, -37.79377017887143 144.9242079742737, -37.79406658671352 144.92449053756488, -37.79449552280274 144.92374275788214, -37.79451636675064 144.92370625181314, -37.79454113265831 144.9236632070675, -37.79450072374518 144.9236262855353, -37.794497715340306 144.92360250208122, -37.79455990891814 144.92349440589877, -37.79470616066087 144.92337560417874, -37.79488993538735 144.92305618686208, -37.79503836469999 144.92279820163347, -37.79506778852868 144.92274029534138, -37.795091778796944 144.92267853692326, -37.79511002078958 144.92261373242934, -37.79512227711569 144.92254672890166, -37.79512838746871 144.922478400752, -37.795128272969976 144.92240964055406, -37.795121934126996 144.9223413454717, -37.795109453355494 144.92227440696647, -37.79509099479898 144.92220970058068, -37.79506679954454 144.92214807017152, -37.79503718187943 144.92209032006534, -37.79500234582904 144.92202303826747, -37.79497333643907 144.92195150153032, -37.794950476892176 144.92187650822854, -37.79493402073679 144.921798893889, -37.7949241535888 144.92171952546582, -37.79492098478485 144.92163928794747, -37.79492454906389 144.92155907749702, -37.794934808128204 144.92147978778172, -37.7948323074901 144.92138561558684, -37.794530978435645 144.92191353860798, -37.794448873642274 144.9219666602332, -37.79368428958028 144.92329692382782, -37.79408743269871 144.9236606539263, -37.79377484698492 144.92419335415482, -37.79377125492912 144.92420460314187)))"
com_clue_floor_use_block_2016.546,546,2016,Kensington,0,0,0,0,0,0,0,1919,0,0,0,0,0,0,0,0,0,2609,0,0,0,0,0,0,0,0,0,0,4527.99023438,0,0,0,0,0,0,0,0,0,"MULTIPOLYGON (((-37.792623373770624 144.92306783456596, -37.79234055334461 144.9235579936913, -37.793113566671536 144.92428986120214, -37.79337309290951 144.9238383438672, -37.793405968675586 144.92378114782588, -37.79301940184692 144.92342880054997, -37.792623373770624 144.92306783456596)))"
com_clue_floor_use_block_2016.548,548,2016,Kensington,0,,0,0,0,0,0,7466,0,0,0,0,0,0,0,0,0,6107,0,,0,0,0,0,0,0,0,0,16238.65039062,0,0,0,0,0,0,0,0,0,"MULTIPOLYGON (((-37.792625898306845 144.9230634599106, -37.79228272028291 144.922749245344, -37.79211325130686 144.92304315787044, -37.79212651628472 144.92305530297958, -37.79191626823058 144.92341993635065, -37.791725917673546 144.92324565016492, -37.79193616522722 144.92288101842126, -37.79167684900142 144.9226435900383, -37.79128278234153 144.9232648868231, -37.791283578291505 144.92335372088053, -37.79165138557916 144.9237153178236, -37.79151405974629 144.92395242639745, -37.79152068188009 144.92395873207332, -37.791359259819 144.9242386774824, -37.79135217845219 144.92423193154724, -37.791048544534526 144.92475618251726, -37.79121330998331 144.9249141815272, -37.79143709624919 144.92512877900373, -37.79234055334461 144.9235579936913, -37.792623373770624 144.92306783456596, -37.792625898306845 144.9230634599106)))"
com_clue_floor_use_block_2016.547,547,2016,Kensington,0,306,0,0,,0,,5912,0,0,0,0,0,0,0,0,0,8550,0,917,0,0,0,0,0,0,0,0,15984.3203125,0,0,0,0,0,0,0,0,0,"MULTIPOLYGON (((-37.79234055334461 144.9235579936913, -37.79143709624919 144.92512877900373, -37.79220253564741 144.92586280149072, -37.793113566671536 144.92428986120214, -37.79234055334461 144.9235579936913)))"
com_clue_floor_use_block_2016.533,533,2016,Kensington,0,,0,0,0,0,0,7649,0,0,0,0,0,0,,0,0,8649,0,1724,0,0,0,0,0,0,0,0,18586.90039062,0,0,0,0,0,0,0,0,0,"MULTIPOLYGON (((-37.79406658671352 144.92449053756488, -37.79377017887143 144.9242079742737, -37.79377125492912 144.92420460314187, -37.79337309290951 144.9238383438672, -37.793113566671536 144.92428986120214, -37.79220253564741 144.92586280149072, -37.792282957457715 144.92593992423002, -37.792897240253765 144.92652900915743, -37.79406658671352 144.92449053756488)))"
com_clue_floor_use_block_2016.532,532,2016,Kensington,0,0,0,0,0,0,0,10078,0,0,0,0,0,0,0,0,0,9107,0,0,0,0,0,0,0,0,0,0,19185.26953125,0,0,0,0,0,0,0,0,0,"MULTIPOLYGON (((-37.79406658671352 144.92449053756488, -37.792897240253765 144.92652900915743, -37.793496892522455 144.927104077714, -37.79509971286199 144.92432578216685, -37.79449552280274 144.92374275788214, -37.79406658671352 144.92449053756488)))"
com_clue_floor_use_block_2016.526,526,2016,Kensington,0,,0,0,0,0,0,8747,0,0,0,0,0,0,,0,,8749,0,795,0,0,0,0,0,0,0,0,19122.5,0,0,0,0,0,0,0,0,0,"MULTIPOLYGON (((-37.7957181005598 144.9249207108328, -37.79514634901618 144.92437064881005, -37.79509971286199 144.92432578216685, -37.793496892522455 144.927104077714, -37.794114258110966 144.92769614347768, -37.794115761414474 144.92769758574053, -37.79493443116377 144.92627885026405, -37.7957181005598 144.9249207108328)))"
com_clue_floor_use_block_2016.525,525,2016,Kensington,0,0,0,0,,,0,5321,0,0,0,0,0,0,0,0,0,4229,0,0,0,0,0,0,0,0,0,0,10734.71972656,0,0,0,0,0,0,0,0,,"MULTIPOLYGON (((-37.7955046366219 144.9268035768401, -37.79493443116377 144.92627885026405, -37.794115761414474 144.92769758574053, -37.79417390952777 144.92775335119882, -37.794296309290495 144.92883177428348, -37.794301028205986 144.92887335209699, -37.7955046366219 144.9268035768401)))"
com_clue_floor_use_block_2016.523,523,2016,Kensington,0,310,0,,,0,496,6759,0,0,0,0,0,0,0,0,0,8346,0,1869,0,,0,0,0,0,0,0,21234.76953125,0,0,0,0,0,0,,0,0,"MULTIPOLYGON (((-37.79605145235548 144.9273067878953, -37.79443783472172 144.9300788226933, -37.79447298900899 144.93038860085656, -37.79448327800241 144.93048102494404, -37.794946221532236 144.93055859944238, -37.79657877490708 144.9277747353466, -37.79605145235548 144.9273067878953)))"
com_clue_floor_use_block_2016.524,524,2016,Kensington,0,31,0,0,,0,,5084,0,0,693,0,0,0,,0,,6409,0,0,0,477,0,0,0,0,0,0,15692.29003906,0,0,,0,0,0,586,0,0,"MULTIPOLYGON (((-37.79605145235548 144.9273067878953, -37.7955046366219 144.9268035768401, -37.794301028205986 144.92887335209699, -37.79443783472172 144.9300788226933, -37.79605145235548 144.9273067878953)))"
com_clue_floor_use_block_2016.522,522,2016,Kensington,0,0,0,0,0,0,0,6689,0,0,0,0,0,0,0,0,0,,0,0,0,0,0,0,0,0,0,0,11541.70996094,0,0,0,0,0,0,,0,0,"MULTIPOLYGON (((-37.79549640407015 144.9306507932916, -37.79697499739067 144.92812634985114, -37.79657877490708 144.9277747353466, -37.794946221532236 144.93055859944238, -37.79549640407015 144.9306507932916)))"
com_clue_floor_use_block_2016.521,521,2016,Kensington,0,,0,0,0,0,0,10115,0,0,0,0,0,0,0,0,0,7394,0,,0,0,0,0,0,0,0,0,17739.80078125,0,0,0,0,0,0,0,0,0,"MULTIPOLYGON (((-37.79642192108129 144.93093420923026, -37.79768076350749 144.92878341159545, -37.79697499739067 144.92812634985114, -37.79549640407015 144.9306507932916, -37.79642192108129 144.93093420923026)))"
com_clue_floor_use_block_2016.515,515,2016,Kensington,0,0,0,0,0,0,0,2671,0,0,0,0,0,0,0,0,0,1312,0,0,0,0,0,0,0,0,0,0,3983.06005859,0,0,0,0,0,0,0,0,0,"MULTIPOLYGON (((-37.79871297287633 144.93087026113693, -37.79841971174462 144.92947435340525, -37.79836595104758 144.92942092889203, -37.79771613351872 144.9305286433053, -37.79871297287633 144.93087026113693)))"
com_clue_floor_use_block_2016.514,514,2016,Kensington,0,0,0,0,0,0,0,5490,0,0,0,0,0,0,0,0,0,2611,0,0,0,0,0,0,0,0,0,0,8101.27001953,0,0,0,0,0,0,0,0,0,"MULTIPOLYGON (((-37.797257139208746 144.93131101004434, -37.79892422777487 144.9318758805818, -37.79871297287633 144.93087026113693, -37.79771613351872 144.9305286433053, -37.797257139208746 144.93131101004434)))"
com_clue_floor_use_block_2016.516,516,2016,Kensington,0,0,0,0,0,0,0,9650,0,0,0,0,0,0,0,0,0,5763,0,0,0,0,0,0,0,0,0,0,15412.20996094,0,0,0,0,0,0,0,0,0,"MULTIPOLYGON (((-37.797257139208746 144.93131101004434, -37.79771613351872 144.9305286433053, -37.79836595104758 144.92942092889203, -37.79768076350749 144.92878341159545, -37.79642192108129 144.93093420923026, -37.796832393081125 144.9311587785366, -37.797257139208746 144.93131101004434)))"
com_clue_floor_use_block_2016.517,517,2016,Kensington,0,0,0,0,0,0,0,7696,0,0,0,0,0,0,0,0,0,,0,0,0,0,0,0,0,0,0,0,13270.5703125,0,0,0,0,0,0,,0,0,"MULTIPOLYGON (((-37.799362027912636 144.92772075880544, -37.798672342256125 144.9270811229242, -37.79768076350749 144.92878341159545, -37.79836595104758 144.92942092889203, -37.799362027912636 144.92772075880544)))"
com_clue_floor_use_block_2016.518,518,2016,Kensington,0,0,0,0,0,0,0,3566,0,0,0,0,0,0,0,0,0,2673,0,0,0,0,0,0,0,0,0,0,6239.06982422,0,0,0,0,0,0,0,0,0,"MULTIPOLYGON (((-37.799706612658575 144.92620530144342, -37.79933279094063 144.92594555985028, -37.798672342256125 144.9270811229242, -37.799362027912636 144.92772075880544, -37.79981697652171 144.92694422089727, -37.799706612658575 144.92620530144342)))"
com_clue_floor_use_block_2016.520,520,2016,Kensington,0,13635,0,0,,0,0,6230,0,0,,,0,0,9970,0,0,27302,0,68883,0,0,0,0,0,0,0,0,133708.453125,0,0,0,0,0,0,0,0,0,"MULTIPOLYGON (((-37.798672342256125 144.9270811229242, -37.79593231063841 144.92454946463553, -37.7957181005598 144.9249207108328, -37.79493443116377 144.92627885026405, -37.7955046366219 144.9268035768401, -37.79605145235548 144.9273067878953, -37.79657877490708 144.9277747353466, -37.79697499739067 144.92812634985114, -37.79768076350749 144.92878341159545, -37.798672342256125 144.9270811229242)))"
com_clue_floor_use_block_2016.527,527,2016,Kensington,0,0,0,0,0,0,0,17100,0,0,0,0,0,0,0,0,0,3605,0,647,0,0,0,0,0,,0,0,21573.18945312,0,0,0,0,0,,0,0,0,"MULTIPOLYGON (((-37.79514634901618 144.92437064881005, -37.7957181005598 144.9249207108328, -37.79593231063841 144.92454946463553, -37.79737170511422 144.92204609229574, -37.79674523871875 144.92145617608398, -37.79572237404393 144.92323407724996, -37.79531885959955 144.9239354214176, -37.795368551204184 144.92398444746203, -37.79514634901618 144.92437064881005)))"
com_clue_floor_use_block_2016.501,501,2016,West Melbourne (Industrial),0,2353,0,0,0,0,0,0,0,,4522,,0,0,0,0,0,26377,0,0,0,0,0,0,,0,16803,0,73205.6875,0,,0,0,0,0,,,,"MULTIPOLYGON (((-37.79873211315835 144.91968219258516, -37.80151781695128 144.91486147239772, -37.80135209469358 144.91334942210807, -37.801303553650996 144.91301788935917, -37.8011727837217 144.9127216539329, -37.80109702178379 144.91216015156783, -37.80101280201331 144.91133674625598, -37.80099957000692 144.91113595542743, -37.80093601501433 144.91020605948717, -37.80066101597022 144.91038787497132, -37.80031591639901 144.9107060150775, -37.800093624508385 144.9109686703598, -37.799841429941715 144.91137336560647, -37.79967119319733 144.91174602246187, -37.7995435819774 144.91219550754872, -37.79953142041291 144.91266043245741, -37.799574644287596 144.91302317076753, -37.79963841402631 144.91326758045815, -37.79974084013714 144.9134573798657, -37.79996216100557 144.91380796943665, -37.80014199364402 144.91421325258176, -37.800219854902316 144.91461427120626, -37.800191401858655 144.91492550659348, -37.80003828754314 144.91523996761805, -37.799763453727806 144.91562427056277, -37.79941677139518 144.915967555714, -37.79912227390337 144.91620536530155, -37.798764205862085 144.91638757801135, -37.7983961448931 144.91650533274205, -37.79826982626448 144.91651640617386, -37.79873211315835 144.91968219258516)))"
com_clue_floor_use_block_2016.512,512,2016,Kensington,0,1902,0,0,0,0,0,961,0,3523,,0,0,0,,0,0,700,0,5705,0,0,0,0,0,0,,0,19062.08007812,0,0,0,0,0,0,2585,0,0,"MULTIPOLYGON (((-37.79566603048182 144.93334227214092, -37.79482408419115 144.9334966951854, -37.79496582704314 144.93474466472918, -37.79497480437568 144.93489733292668, -37.79497871447194 144.93496382857828, -37.7950078343675 144.93521115998018, -37.795429139739184 144.93518032189448, -37.79546264089158 144.93517970479002, -37.7957764127586 144.93517117691755, -37.79587843633261 144.93517502172202, -37.79566603048182 144.93334227214092)))"
com_clue_floor_use_block_2016.507,507,2016,Kensington,0,633,0,0,0,0,0,0,0,,4028,,0,0,0,0,0,6254,0,0,0,0,0,0,0,0,2710,0,26475.00976562,0,0,0,0,0,0,,0,,"MULTIPOLYGON (((-37.79587843633261 144.93517502172202, -37.7957764127586 144.93517117691755, -37.79546264089158 144.93517970479002, -37.795429139739184 144.93518032189448, -37.7950078343675 144.93521115998018, -37.79501503344548 144.9352723026539, -37.79503901939818 144.93547602981658, -37.795137422133216 144.93545844281078, -37.79536155232385 144.93544132452283, -37.79558598360073 144.93543243690146, -37.79581052419096 144.9354317899031, -37.796034985704 144.93543938089803, -37.796259176124785 144.93545520622186, -37.79648290503898 144.9354792508086, -37.796705984673046 144.93551149611142, -37.79692822346978 144.9355519134666, -37.79714943517516 144.9356004683836, -37.7973694307318 144.93565712076975, -37.79862792132451 144.93600529009402, -37.79853600034489 144.93615850075702, -37.798766357367164 144.93619402141263, -37.79900931838206 144.9361582823346, -37.7993101773291 144.93607602186097, -37.799322552868 144.93618871834033, -37.7990249745934 144.93627008070877, -37.79947428183509 144.93632118976356, -37.79947190658045 144.93629950237414, -37.79945116115229 144.93611004165945, -37.79941392567021 144.93576998890822, -37.7993497708271 144.93518412604243, -37.79930382204431 144.9350710211627, -37.79885810945945 144.93580972830367, -37.798493002178105 144.93570535143047, -37.79837812644686 144.93469609456184, -37.79750390195872 144.9343795810548, -37.796605893675085 144.93405474380134, -37.796742687860814 144.93525341336505, -37.79631204472474 144.9352027915953, -37.796276504573854 144.93519988246186, -37.79595742597195 144.93517799747676, -37.79587843633261 144.93517502172202)))"
com_clue_floor_use_block_2016.320,320,2016,North Melbourne,0,0,0,0,0,0,0,0,0,0,0,,0,0,0,0,0,0,0,0,0,0,0,0,0,0,0,0,1762,0,0,0,0,0,0,0,0,0,"MULTIPOLYGON (((-37.796378283020786 144.9399639161261, -37.795535214400445 144.93903858466493, -37.795434714041136 144.93892826208096, -37.79549907175502 144.93943388642464, -37.795572064649974 144.94009337358813, -37.79557269434963 144.94009557630503, -37.79558825116497 144.9401500247857, -37.79639749335931 144.93998498628636, -37.796378283020786 144.9399639161261)))"
com_clue_floor_use_block_2016.322,322,2016,North Melbourne,0,,0,0,0,0,0,0,0,0,,0,0,0,0,0,0,,0,0,0,,0,0,0,0,,0,9136.70019531,0,0,0,0,0,0,0,0,,"MULTIPOLYGON (((-37.796378283020786 144.9399639161261, -37.79639749335931 144.93998498628636, -37.797646909186895 144.94135533050442, -37.79804290262336 144.94077371110532, -37.79674699219432 144.9393515599602, -37.796378283020786 144.9399639161261)))"
com_clue_floor_use_block_2016.554,554,2016,Kensington,0,0,0,0,0,0,0,0,0,0,0,61141,0,0,0,0,0,0,0,0,0,0,0,0,0,0,0,0,61141,0,0,0,0,0,0,0,0,0,"MULTIPOLYGON (((-37.79233767613286 144.92059024748974, -37.79234949367277 144.9206836250334, -37.792220600132815 144.92088934637985, -37.792166918565215 144.92097502543467, -37.79239319843573 144.92120015242511, -37.79193388460853 144.92193323297394, -37.79161330575224 144.92244487754738, -37.79145774079921 144.92229010044161, -37.7914354085984 144.92232574197934, -37.79159097352598 144.92248052025263, -37.79123365435988 144.92305079047776, -37.79105510983102 144.92287314866806, -37.79104990690086 144.92288145128256, -37.790801999931446 144.92263479854086, -37.79077333818623 144.92280876931838, -37.79043276724402 144.9233523012811, -37.79042569603925 144.92334526565574, -37.79010721849158 144.9238535290464, -37.79018783677348 144.92393083505286, -37.790290021436654 144.92402882048927, -37.79031932820425 144.92405692211875, -37.790882880384814 144.92317525035037, -37.7912069033229 144.92317508462247, -37.79122474165332 144.92320597954955, -37.79128278234153 144.9232648868231, -37.79167684900142 144.9226435900383, -37.79167399472864 144.92255677662413, -37.79182004431189 144.9223256243612, -37.79202389750815 144.9225122692823, -37.79207200319116 144.92255631508507, -37.79223461468636 144.92270520042888, -37.792261068598464 144.92265932039584, -37.79209627062875 144.92250843296517, -37.79205253778703 144.9224683925902, -37.79184810288947 144.92228121552589, -37.792071191895594 144.92192812970094, -37.792152601317966 144.92189039743468, -37.792562663471244 144.92124137510052, -37.79257113327584 144.92113685147675, -37.792807052225974 144.92076344406865, -37.79285198877782 144.92069231912862, -37.792896925263804 144.92062119296804, -37.792904213735255 144.92062786701558, -37.793148963700894 144.92024054490486, -37.79324502929143 144.9203369244058, -37.793245584864195 144.92034281857923, -37.793264368357 144.92031308716554, -37.7932699678566 144.92031224876945, -37.79325635370843 144.9201678279515, -37.79327084679119 144.92016565788273, -37.79372971814701 144.92009696035413, -37.79386897819779 144.9200870142342, -37.7940990141148 144.91968716423702, -37.79413074338922 144.91963201145106, -37.794396838057985 144.91987511319456, -37.794425923476275 144.91982455765734, -37.79451484053915 144.91990579171153, -37.79458094234494 144.91979089165508, -37.794603881665225 144.91980884879803, -37.794612273501286 144.9197887544927, -37.79463849737562 144.91980277082774, -37.79466620257627 144.91981111284974, -37.794694621738316 144.9198135499662, -37.7947229678449 144.91981001453135, -37.794750456805566 144.919800604621, -37.79477632723217 144.91978558120712, -37.79479986189622 144.91976535847192, -37.79482040924623 144.91974049752653, -37.7948374020026 144.9197116877194, -37.79485036760569 144.9196797259017, -37.79485894769139 144.9196454965748, -37.79486290489619 144.91960994898608, -37.794862129501574 144.9195740651435, -37.79485664361708 144.91953884152736, -37.794846597816324 144.91950525170745, -37.79483227167656 144.91947422588532, -37.79481406066698 144.91944662287074, -37.79479246946233 144.91942320869134, -37.794922865629005 144.9191965474447, -37.794901083703444 144.9191754496905, -37.79487821452477 144.91915626535163, -37.79457494695259 144.91885987900258, -37.7951690618087 144.91782713705283, -37.795435160070184 144.91807023537368, -37.795451024303816 144.91804265814778, -37.795184925987435 144.91779955987923, -37.795317972393434 144.91756828212334, -37.795300351539154 144.91742914443495, -37.7953230460284 144.91738971786995, -37.79534927045102 144.91741541928715, -37.79538158253693 144.91735883661116, -37.795402324342525 144.9173729255437, -37.79542442056771 144.917383241292, -37.795440586918815 144.9173880952988, -37.795457052688974 144.91739092398277, -37.795442557787474 144.917351711622, -37.79548039979228 144.91732954502578, -37.79547058504932 144.9173029920564, -37.79544996559037 144.91724720995936, -37.79545770212934 144.9172504189266, -37.79546574571346 144.91725203390206, -37.79547389107531 144.91725201522442, -37.79548192912637 144.9172503619517, -37.7954896560646 144.91724711728398, -37.795496875075486 144.91724236283727, -37.79550340089594 144.91723622192237, -37.795509067740184 144.91722884910152, -37.79551373116142 144.91722043354292, -37.795517271494155 144.917211189839, -37.7955225582692 144.91721264489016, -37.795527882811605 144.91721750924322, -37.79554787000698 144.91718276473622, -37.795549693703194 144.91718443061959, -37.795547796506746 144.91718772960056, -37.795585261074486 144.9171652168934, -37.795562964712104 144.9171062895337, -37.79560606566391 144.91708038980036, -37.795586003235485 144.91702737096253, -37.79552596799478 144.91697458350802, -37.79551518083276 144.91696509947485, -37.79550615767408 144.91705177942188, -37.79548870641867 144.91704622226797, -37.795470777766646 144.91704419336583, -37.79548067502565 144.91712544261756, -37.79547213376664 144.91712396769162, -37.79546351776413 144.91712433007712, -37.79545507465707 144.9171265194108, -37.795447044855756 144.91713047329256, -37.79543965974035 144.91713607733615, -37.7953689244748 144.91715026555036, -37.79537288977028 144.91718166049793, -37.79528693991674 144.91719890046613, -37.79529094067844 144.91723051810857, -37.79529672563711 144.91725606557193, -37.79527949927069 144.91726449779338, -37.79522246948952 144.91681420054672, -37.79537999608994 144.91652353030355, -37.7956328698175 144.91678773195926, -37.79564608900609 144.9167647508688, -37.7956745430749 144.9165709482448, -37.795943494496825 144.9161034071445, -37.79617339198661 144.9157037509205, -37.79623794295949 144.9157369013004, -37.79631809091113 144.9155975705208, -37.796254465740965 144.91556280995684, -37.79644031497091 144.91523972430934, -37.796326364744694 144.91511568250598, -37.79602562233197 144.9146794492349, -37.795687392393944 144.91405420520803, -37.795410395046076 144.91351331252392, -37.79522760970293 144.913143420699, -37.795135984816156 144.91295800673936, -37.79509147233936 144.91285330727993, -37.79449935673942 144.91431401564196, -37.79408113208127 144.9149862520718, -37.79419087661073 144.91585340741238, -37.7942061987967 144.91585032737143, -37.79434170299525 144.9169210930623, -37.79431586829957 144.91699986514178, -37.79400174941276 144.91706298828475, -37.79405090926647 144.91745147697017, -37.79438660111749 144.91738404968112, -37.79435023739096 144.91709668237314, -37.79438701345053 144.91698454805604, -37.79498084320683 144.9168529929641, -37.79503626415394 144.91729095430873, -37.79499622680235 144.91729900051854, -37.79505013255682 144.91772500904992, -37.794992301656634 144.91773662998168, -37.79498108441573 144.91775613051595, -37.79499826522045 144.91789191059323, -37.79448482797525 144.91878441030636, -37.79442660211459 144.9188856214325, -37.79436050030677 144.9190005220345, -37.7943340129862 144.91898027198235, -37.79430525752222 144.9189657399119, -37.79427500591373 144.91895731638851, -37.794244069624675 144.91895522847292, -37.79421327688512 144.91895953013835, -37.794183454757125 144.91897010731756, -37.794155402052766 144.91898667525672, -37.79412987061981 144.91900879039798, -37.79410754568651 144.91903586001658, -37.79408542893965 144.91901565431112, -37.79408166921079 144.91902131304394, -37.79407546908551 144.91901564875235, -37.79407889725578 144.91900968816105, -37.79405737954785 144.91899003006898, -37.79405394171125 144.91899600455818, -37.794048107031685 144.91899067297592, -37.794051543967306 144.91898469851225, -37.79402995297398 144.91896497321753, -37.79402652042262 144.9189709407435, -37.79401973682503 144.91896474318892, -37.79402341394153 144.918958999333, -37.79401610642328 144.91895232361904, -37.7939949531788 144.91898909153394, -37.79400226069505 144.91899576724984, -37.794005448702464 144.9189895771922, -37.79401223229878 144.91899577474794, -37.7940087997257 144.91900174113604, -37.7940303907131 144.91902146643645, -37.794033828531035 144.91901549081524, -37.794039663209496 144.9190208223985, -37.79403622627196 144.91902679685964, -37.79405774489477 144.91904645606715, -37.794061173066694 144.91904049547867, -37.794067374091526 144.9190461597461, -37.79406427567611 144.9190524222442, -37.79408639241689 144.91907262795544, -37.79407389495032 144.91910465589862, -37.794065331157704 144.9191386766407, -37.794060893005785 144.91917392619948, -37.79394764191158 144.9191966809861, -37.79395139283877 144.91925341165287, -37.79396182116098 144.91930880118002, -37.79397037086098 144.9193070827128, -37.793968653242516 144.91930014678996, -37.793975531680545 144.9192974315699, -37.79397757090121 144.91930563605214, -37.79400506269503 144.91930011210556, -37.794004140906274 144.9192928245185, -37.79401125834014 144.91929139493652, -37.79401218102975 144.919298682499, -37.794039624324135 144.91929316785684, -37.794037627822334 144.91928631016165, -37.79404439443572 144.9192831824346, -37.79404686927999 144.91929171311915, -37.79407506687716 144.91928604670997, -37.794086655521404 144.91931504466783, -37.794101262018444 144.9193417889099, -37.794118617196325 144.91936578504124, -37.79413839868201 144.9193865878547, -37.79401613677796 144.91959910666134, -37.79386987066788 144.9198533487267, -37.793690975746486 144.91988929081154, -37.79368350470091 144.91983024236765, -37.79314027536969 144.91993938364197, -37.79314939819841 144.92001149375426, -37.792624587214945 144.9208491424153, -37.79233767613286 144.92059024748974)))"
com_clue_floor_use_block_2016.538,538,2016,Kensington,0,0,0,0,0,0,0,12305,0,0,0,,0,0,0,0,0,,0,0,0,0,0,0,0,0,0,0,16141.80957031,0,0,0,0,0,0,0,0,0,"MULTIPOLYGON (((-37.79652119263622 144.92022077847471, -37.796828986621854 144.91968575015366, -37.79723439801355 144.91898102418563, -37.796626558440174 144.91843037891562, -37.79622283124693 144.91913195881733, -37.79588436836108 144.9197202990457, -37.795519782358326 144.9203540782709, -37.79607786753037 144.92085597817575, -37.796275526488984 144.9205124034891, -37.796326586068844 144.92055905338964, -37.79649052108808 144.92027409405853, -37.79652119263622 144.92022077847471)))"
com_clue_floor_use_block_2016.539,539,2016,Kensington,0,1050,0,0,0,0,0,0,0,,5921,3140,0,0,0,0,,23525,0,,0,0,0,0,0,0,,0,54165.01171875,0,,0,0,0,,,0,,"MULTIPOLYGON (((-37.797848902494096 144.9195377205521, -37.798483389706135 144.9201125317583, -37.79873211315835 144.91968219258516, -37.79826982626448 144.91651640617386, -37.798211037604176 144.91652155941955, -37.79804921020627 144.91653574518494, -37.7977687415197 144.91643205156146, -37.79743803034441 144.91626778506082, -37.79713876623159 144.9160282516606, -37.796775977175315 144.91560511423936, -37.79644031497091 144.91523972430934, -37.796254465740965 144.91556280995684, -37.79631809091113 144.9155975705208, -37.79623794295949 144.9157369013004, -37.79617339198661 144.9157037509205, -37.795943494496825 144.9161034071445, -37.7956745430749 144.9165709482448, -37.79564608900609 144.9167647508688, -37.7956328698175 144.91678773195926, -37.795743402917516 144.91690321755624, -37.795889511102196 144.9176082483188, -37.79592891468451 144.91779839342533, -37.796626558440174 144.91843037891562, -37.79723439801355 144.91898102418563, -37.797848902494096 144.9195377205521)))"
com_clue_floor_use_block_2016.502,502,2016,West Melbourne (Industrial),0,7073,0,0,0,0,0,0,0,8140,,0,0,0,0,0,0,34207,0,0,0,3832,,0,0,0,22558,0,306211.75,,205911,0,0,0,0,1018,13086,,"MULTIPOLYGON (((-37.80307056936897 144.9290151249935, -37.80172153569586 144.9167175347177, -37.80152007082824 144.91488203637823, -37.80151781695128 144.91486147239772, -37.79873211315835 144.91968219258516, -37.799706612658575 144.92620530144342, -37.79981697652171 144.92694422089727, -37.80018992078778 144.92960590631284, -37.80033807993392 144.93057730596948, -37.800558570706 144.93155202510377, -37.80085211549489 144.93249801753052, -37.80090211931432 144.93241663543859, -37.80099043469235 144.93227289694505, -37.8018018225629 144.9309522919875, -37.80307056936897 144.9290151249935)))"
com_clue_floor_use_block_2016.519,519,2016,Kensington,0,498,3341,0,0,0,,0,0,0,0,,0,0,0,0,0,0,0,0,0,0,0,0,0,0,0,0,122644,0,0,0,0,0,,0,0,0,"MULTIPOLYGON (((-37.799706612658575 144.92620530144342, -37.79873211315835 144.91968219258516, -37.798483389706135 144.9201125317583, -37.79737170511422 144.92204609229574, -37.79593231063841 144.92454946463553, -37.798672342256125 144.9270811229242, -37.79933279094063 144.92594555985028, -37.799706612658575 144.92620530144342)))"
com_clue_floor_use_block_2016.504,504,2016,Kensington,0,1371,0,0,,0,0,0,0,0,2045,0,0,0,0,0,0,,0,0,0,0,0,0,0,0,4097,0,15734.90039062,0,0,,0,,0,945,0,,"MULTIPOLYGON (((-37.79930382204431 144.9350710211627, -37.8005218881193 144.9330354717927, -37.79893735056634 144.93200123956788, -37.79909309902845 144.93348918131318, -37.79925787225585 144.93495791645208, -37.79930382204431 144.9350710211627)))"
com_clue_floor_use_block_2016.503,503,2016,Kensington,0,376,0,,0,0,0,0,0,1755,6003,,0,0,,0,,,0,0,0,,0,0,0,0,15119,0,71716,0,0,0,0,0,0,3277,3392,811,"MULTIPOLYGON (((-37.79893735056634 144.93200123956788, -37.8005218881193 144.9330354717927, -37.80085211549489 144.93249801753052, -37.800558570706 144.93155202510377, -37.80033807993392 144.93057730596948, -37.80018992078778 144.92960590631284, -37.79981697652171 144.92694422089727, -37.799362027912636 144.92772075880544, -37.79836595104758 144.92942092889203, -37.79841971174462 144.92947435340525, -37.79871297287633 144.93087026113693, -37.79892422777487 144.9318758805818, -37.79893735056634 144.93200123956788)))"
com_clue_floor_use_block_2016.505,505,2016,Kensington,0,490,0,0,0,0,0,,0,0,1126,0,0,0,,0,0,3377,0,0,0,,0,0,0,0,,0,14883.45019531,0,0,0,0,0,0,,,5939,"MULTIPOLYGON (((-37.79930382204431 144.9350710211627, -37.79925787225585 144.93495791645208, -37.79909309902845 144.93348918131318, -37.79820400333845 144.93317093842415, -37.79837812644686 144.93469609456184, -37.798493002178105 144.93570535143047, -37.79885810945945 144.93580972830367, -37.79930382204431 144.9350710211627)))"
com_clue_floor_use_block_2016.509,509,2016,Kensington,0,3891,0,0,,0,0,0,0,19444,636,0,0,0,,0,4963,,0,0,0,0,0,0,0,0,4890,0,58015,0,0,0,0,0,0,7247,0,8823,"MULTIPOLYGON (((-37.796427005700195 144.93253345734792, -37.797329742164436 144.93285671603184, -37.79820400333845 144.93317093842415, -37.79909309902845 144.93348918131318, -37.79893735056634 144.93200123956788, -37.79892422777487 144.9318758805818, -37.797257139208746 144.93131101004434, -37.796832393081125 144.9311587785366, -37.79642192108129 144.93093420923026, -37.79549640407015 144.9306507932916, -37.794946221532236 144.93055859944238, -37.79448327800241 144.93048102494404, -37.79451342363669 144.93075183640576, -37.79452969297945 144.93089798775642, -37.79454975118998 144.93107817760074, -37.795445090353155 144.93138861560746, -37.79589249175735 144.93154279650736, -37.79633103034801 144.93169392383174, -37.796427005700195 144.93253345734792)))"
com_clue_floor_use_block_2016.508,508,2016,Kensington,0,1099,0,0,0,0,0,948,0,,2591,0,0,0,0,0,0,2366,0,,0,0,0,0,0,0,2063,0,20506.63085938,0,,0,0,0,,2550,2647,,"MULTIPOLYGON (((-37.796427005700195 144.93253345734792, -37.796507278441005 144.93319608912623, -37.79652059392554 144.93330734867368, -37.796605893675085 144.93405474380134, -37.79750390195872 144.9343795810548, -37.79837812644686 144.93469609456184, -37.79820400333845 144.93317093842415, -37.797329742164436 144.93285671603184, -37.796427005700195 144.93253345734792)))"
com_clue_floor_use_block_2016.513,513,2016,Kensington,0,1281,0,0,,,0,4493,0,,,0,0,0,1581,0,0,3471,0,3754,0,,0,0,0,0,,0,18896.99023438,0,0,0,0,0,,,,,"MULTIPOLYGON (((-37.795445090353155 144.93138861560746, -37.79454975118998 144.93107817760074, -37.79456907957818 144.93125182390952, -37.794636201522785 144.93184267642548, -37.79482408419115 144.9334966951854, -37.79566603048182 144.93334227214092, -37.795445090353155 144.93138861560746)))"
com_clue_floor_use_block_2016.511,511,2016,Kensington,0,,0,0,0,0,0,6273,0,0,0,0,0,0,0,0,0,3623,0,0,0,0,0,0,0,0,,0,10812.90039062,0,0,0,0,0,,0,0,0,"MULTIPOLYGON (((-37.79566603048182 144.93334227214092, -37.79587843633261 144.93517502172202, -37.79595742597195 144.93517799747676, -37.796276504573854 144.93519988246186, -37.79631204472474 144.9352027915953, -37.796742687860814 144.93525341336505, -37.796605893675085 144.93405474380134, -37.79652059392554 144.93330734867368, -37.796507278441005 144.93319608912623, -37.79566603048182 144.93334227214092)))"
com_clue_floor_use_block_2016.309,309,2016,North Melbourne,0,527,0,,,,0,0,0,0,4950,0,0,0,0,0,0,2354,0,0,0,0,,0,0,0,417,0,13350.83984375,0,0,0,0,0,0,1808,0,1194,"MULTIPOLYGON (((-37.795927922661306 144.93673019145922, -37.795173929142685 144.93662466549287, -37.795412185183544 144.93875127082504, -37.79542648808327 144.93886363917792, -37.79615043068516 144.9387229219856, -37.795927922661306 144.93673019145922)))"
com_clue_floor_use_block_2016.310,310,2016,North Melbourne,0,,0,0,0,0,0,0,0,,4290,0,0,0,0,0,,,0,0,0,0,,0,0,0,,0,11030,0,0,0,0,0,0,0,2550,,"MULTIPOLYGON (((-37.795927922661306 144.93673019145922, -37.79615043068516 144.9387229219856, -37.79685519094141 144.93858593077346, -37.79666154191334 144.93683286771952, -37.795927922661306 144.93673019145922)))"
com_clue_floor_use_block_2016.311,311,2016,North Melbourne,0,0,,0,0,0,0,0,0,0,,0,0,0,0,0,0,,0,0,0,0,0,0,0,0,,0,4487,0,0,0,0,0,0,0,0,0,"MULTIPOLYGON (((-37.797243129717316 144.93851052235627, -37.79706656758241 144.9368895552475, -37.79666154191334 144.93683286771952, -37.79685519094141 144.93858593077346, -37.797243129717316 144.93851052235627)))"
com_clue_floor_use_block_2016.321,321,2016,North Melbourne,0,0,0,0,0,0,0,0,0,0,0,,0,0,0,0,0,0,0,0,0,0,0,0,0,0,0,0,6513,0,0,0,0,0,0,0,0,0,"MULTIPOLYGON (((-37.797243129717316 144.93851052235627, -37.79685519094141 144.93858593077346, -37.79615043068516 144.9387229219856, -37.79542648808327 144.93886363917792, -37.79542763218907 144.93887262787936, -37.795434714041136 144.93892826208096, -37.795535214400445 144.93903858466493, -37.796378283020786 144.9399639161261, -37.79674699219432 144.9393515599602, -37.797084734374266 144.93879062462298, -37.797247479795494 144.93851459549282, -37.797243129717316 144.93851052235627)))"
com_clue_floor_use_block_2016.313,313,2016,North Melbourne,0,270,0,0,0,,0,0,0,,,0,0,0,0,0,0,12638,0,0,0,0,0,0,0,0,5957,0,20878,0,0,0,0,0,0,0,0,0,"MULTIPOLYGON (((-37.79869911217225 144.94004229395233, -37.7983780240161 144.93711883053982, -37.7981130180352 144.93704653082915, -37.797247479795494 144.93851459549282, -37.797084734374266 144.93879062462298, -37.79840584606751 144.94024062346378, -37.79851888964208 144.94007458382725, -37.79869911217225 144.94004229395233)))"
com_clue_floor_use_block_2016.506,506,2016,North Melbourne,0,0,0,0,0,95,0,0,0,0,0,0,0,0,0,,0,,0,0,0,0,0,0,0,0,,0,33396,0,0,0,0,0,,0,0,0,"MULTIPOLYGON (((-37.7995989681021 144.9374599323538, -37.799555703243506 144.93706478874293, -37.799555617403946 144.9370640040792, -37.79948478318443 144.93641709716576, -37.79947428183509 144.93632118976356, -37.7990249745934 144.93627008070877, -37.799322552868 144.93618871834033, -37.7993101773291 144.93607602186097, -37.79900931838206 144.9361582823346, -37.798766357367164 144.93619402141263, -37.79853600034489 144.93615850075702, -37.79862792132451 144.93600529009402, -37.7973694307318 144.93565712076975, -37.79714943517516 144.9356004683836, -37.79692822346978 144.9355519134666, -37.796705984673046 144.93551149611142, -37.79648290503898 144.9354792508086, -37.796259176124785 144.93545520622186, -37.796034985704 144.93543938089803, -37.79581052419096 144.9354317899031, -37.79558598360073 144.93543243690146, -37.79536155232385 144.93544132452283, -37.795137422133216 144.93545844281078, -37.79503901939818 144.93547602981658, -37.795061068592695 144.93566331801514, -37.79512261458534 144.93618608832588, -37.79513033088062 144.93625162766548, -37.795167654452484 144.93656866516508, -37.795173929142685 144.93662466549287, -37.795927922661306 144.93673019145922, -37.79666154191334 144.93683286771952, -37.79706656758241 144.9368895552475, -37.7981130180352 144.93704653082915, -37.7983780240161 144.93711883053982, -37.7995989681021 144.9374599323538)))"
com_clue_floor_use_block_2016.314,314,2016,North Melbourne,0,324,0,,0,0,0,0,0,,,0,0,0,0,0,0,13540,0,0,0,0,0,0,0,0,0,0,23320,0,0,0,0,,0,0,,0,"MULTIPOLYGON (((-37.79985970644306 144.93983434980063, -37.7995989681021 144.9374599323538, -37.7983780240161 144.93711883053982, -37.79869911217225 144.94004229395233, -37.79985970644306 144.93983434980063)))"
com_clue_floor_use_block_2016.323,323,2016,North Melbourne,0,421,0,0,0,0,0,0,0,0,2323,0,0,0,0,0,0,1020,0,0,0,0,0,0,0,0,,0,10543.28027344,0,0,,0,0,0,0,,1554,"MULTIPOLYGON (((-37.797084734374266 144.93879062462298, -37.79674699219432 144.9393515599602, -37.79804290262336 144.94077371110532, -37.79840584606751 144.94024062346378, -37.797084734374266 144.93879062462298)))"
com_clue_floor_use_block_2016.316,316,2016,North Melbourne,0,0,0,0,0,0,0,0,0,0,0,,0,0,0,0,0,0,0,0,0,0,0,0,0,0,0,0,5285,0,0,0,0,0,0,0,0,0,"MULTIPOLYGON (((-37.7995978013431 144.94409908098544, -37.800107945347044 144.94403840702947, -37.799174870241174 144.9430222865508, -37.798295117030975 144.944331256502, -37.7995978013431 144.94409908098544)))"
com_clue_floor_use_block_2016.658,658,2016,East Melbourne,0,29898,0,0,49732,,0,0,0,0,5127,,0,0,,0,0,,,0,0,910,0,0,81630,0,0,0,471634.90625,0,0,0,0,0,0,,0,0,"MULTIPOLYGON (((-37.81937966615831 144.98963282116372, -37.820358685268 144.9894684262022, -37.82149868631625 144.98928067375175, -37.823090770122555 144.9890432719516, -37.82336730967263 144.98900203482117, -37.82344364492813 144.9889865261044, -37.823189190068554 144.98693725123576, -37.8224793724709 144.9848086841855, -37.82206566228286 144.98365438092821, -37.82125464772745 144.98218911899906, -37.820177289683 144.98061673846755, -37.81900735951798 144.97853851600271, -37.81900494163426 144.97853426280906, -37.818301679484826 144.97866132145742, -37.81826982701446 144.97866707524196, -37.818603297421944 144.9817355721701, -37.81679398709144 144.98205057151515, -37.816795979153405 144.98207531251182, -37.816792691439666 144.98214387040943, -37.81678227022093 144.98221128662715, -37.8167648962875 144.9822763838821, -37.8167408719704 144.98233803043223, -37.81671061593108 144.98239515157942, -37.816674655443265 144.98244675260062, -37.816633617618166 144.98249193261927, -37.81658821628169 144.98252990768265, -37.81653924300497 144.9825600132778, -37.81653785773245 144.98256026682995, -37.81682443660657 144.9851378105022, -37.81676327598361 144.9851485341753, -37.81679564151859 144.9854357151158, -37.81679144739936 144.98543645052794, -37.81703107740836 144.98758234672312, -37.81707112652522 144.98794102295108, -37.817346713273935 144.9878969844568, -37.81920091887608 144.9876006722914, -37.81937966615831 144.98963282116372)))"
com_clue_floor_use_block_2016.2385,2385,2016,North Melbourne,0,4314,,,,0,0,0,0,0,2347,0,0,0,6854,0,0,4746,0,0,0,,0,0,0,0,,0,79451,0,0,0,0,0,,7448,,0,"MULTIPOLYGON (((-37.790706173896446 144.9397278228463, -37.7922251574936 144.93945270382903, -37.79193588689212 144.9368719177988, -37.79201003979397 144.93686212724637, -37.79266307651076 144.93672104096336, -37.7933149203428 144.9366000958366, -37.79344105328781 144.9365687727427, -37.793492860797954 144.93655590689366, -37.794106973620224 144.93644173098252, -37.79410692627928 144.93644139501671, -37.79513033088062 144.93625162766548, -37.79512261458534 144.93618608832588, -37.795061068592695 144.93566331801514, -37.79503901939818 144.93547602981658, -37.79501503344548 144.9352723026539, -37.794895118151494 144.93524600786947, -37.79482893478882 144.93535085468216, -37.7947328328345 144.93541326964717, -37.79323066567386 144.9356826957035, -37.79323967752668 144.9357810030532, -37.79258711177513 144.93590225126394, -37.792578588454866 144.9358105756166, -37.792455471184006 144.9358339890202, -37.7919230951084 144.93593380241322, -37.791931208697115 144.9360210791362, -37.791750786048134 144.93605377127065, -37.79174271275158 144.93596843209838, -37.790582674172626 144.9361862039193, -37.79043588815875 144.9362234937601, -37.79045307436248 144.93638656709794, -37.79027604854104 144.93643929221463, -37.78962508218124 144.936633219274, -37.78961643397952 144.9365514062219, -37.7895107976721 144.93660651504834, -37.789517018691164 144.93666537083132, -37.78883751524229 144.9368677875556, -37.78897748704121 144.9381764721454, -37.78897986315801 144.9381986936383, -37.788966987583265 144.93821266798187, -37.78901029877227 144.938595832652, -37.78915676460798 144.9384966466228, -37.78941640890543 144.9382365825922, -37.789525286105565 144.93821757988124, -37.78956754500731 144.93804221077585, -37.78960938747948 144.9380077755134, -37.789710219041204 144.93792480137418, -37.789773202371116 144.93790885574904, -37.78994040078452 144.93778701650402, -37.79044883147941 144.93743410324996, -37.79048179106534 144.9375233822454, -37.790706173896446 144.9397278228463)))"
com_clue_floor_use_block_2016.2387,2387,2016,North Melbourne,0,,0,,,0,0,0,0,0,5008,0,0,0,0,0,,12419,0,0,0,0,0,0,0,0,9803,0,44470.66015625,0,0,0,0,0,0,7660,758,,"MULTIPOLYGON (((-37.79372750361123 144.93918058504178, -37.79344105328781 144.9365687727427, -37.7933149203428 144.9366000958366, -37.79266307651076 144.93672104096336, -37.79201003979397 144.93686212724637, -37.79193588689212 144.9368719177988, -37.7922251574936 144.93945270382903, -37.79222709518139 144.93945235246488, -37.79369754078705 144.93918601241538, -37.79372750361123 144.93918058504178)))"
com_clue_floor_use_block_2016.2390,2390,2016,North Melbourne,0,964,0,1679,0,0,0,0,0,,2557,0,0,0,0,0,0,10460,0,0,0,0,0,0,0,0,18698,0,48076.01953125,0,0,0,,0,0,1611,2057,8546,"MULTIPOLYGON (((-37.795173929142685 144.93662466549287, -37.795167654452484 144.93656866516508, -37.79513033088062 144.93625162766548, -37.79410692627928 144.93644139501671, -37.794106973620224 144.93644173098252, -37.793492860797954 144.93655590689366, -37.79344105328781 144.9365687727427, -37.79372750361123 144.93918058504178, -37.79542763218907 144.93887262787936, -37.79542648808327 144.93886363917792, -37.795412185183544 144.93875127082504, -37.795173929142685 144.93662466549287)))"
com_clue_floor_use_block_2016.2534,2534,2016,Kensington,0,263,0,0,0,0,0,0,0,0,1132,0,0,0,0,0,,,0,0,0,0,0,0,0,0,,0,8617,0,0,0,0,0,0,718,0,0,"MULTIPOLYGON (((-37.79027064520562 144.93577721969655, -37.79025008291598 144.93578106582675, -37.78875125776258 144.93606138574518, -37.78883751524229 144.9368677875556, -37.789517018691164 144.93666537083132, -37.7895107976721 144.93660651504834, -37.78961643397952 144.9365514062219, -37.78962508218124 144.936633219274, -37.79027604854104 144.93643929221463, -37.79045307436248 144.93638656709794, -37.79043588815875 144.9362234937601, -37.7903975564363 144.93585977340138, -37.79038106289305 144.93575656792876, -37.79027064520562 144.93577721969655)))"
com_clue_floor_use_block_2016.2540,2540,2016,Kensington,0,,0,0,,,,0,0,,4371,0,0,0,0,0,0,5646,0,0,0,0,,0,0,0,1622,0,17622.99023438,0,0,0,0,0,,2898,0,,"MULTIPOLYGON (((-37.79497480437568 144.93489733292668, -37.793265831158806 144.93521700166713, -37.79177044805981 144.93549670406344, -37.791351404933636 144.9355750811362, -37.79038106289305 144.93575656792876, -37.7903975564363 144.93585977340138, -37.79043588815875 144.9362234937601, -37.790582674172626 144.9361862039193, -37.79174271275158 144.93596843209838, -37.791750786048134 144.93605377127065, -37.791931208697115 144.9360210791362, -37.7919230951084 144.93593380241322, -37.792455471184006 144.9358339890202, -37.792578588454866 144.9358105756166, -37.79258711177513 144.93590225126394, -37.79323967752668 144.9357810030532, -37.79323066567386 144.9356826957035, -37.7947328328345 144.93541326964717, -37.79482893478882 144.93535085468216, -37.794895118151494 144.93524600786947, -37.79501503344548 144.9352723026539, -37.7950078343675 144.93521115998018, -37.79497871447194 144.93496382857828, -37.79497480437568 144.93489733292668)))"
com_clue_floor_use_block_2016.2529,2529,2016,Kensington,0,0,0,0,0,0,0,3047,0,0,0,0,0,0,0,0,0,2851,0,1561,0,0,0,0,0,0,0,0,7459.10009766,0,0,0,0,0,0,0,0,0,"MULTIPOLYGON (((-37.789851781724416 144.93176772687693, -37.78976414663846 144.9309000362657, -37.788761082858464 144.93107769657124, -37.788760004958014 144.9311981449654, -37.78884596861051 144.93195471507758, -37.789847374043305 144.93176854588665, -37.789851781724416 144.93176772687693)))"
com_clue_floor_use_block_2016.2528,2528,2016,Kensington,0,45,0,0,0,,0,2483,0,0,0,0,0,0,0,,0,4533,0,639,0,0,0,0,0,0,0,0,10035.62988281,0,0,0,0,0,0,0,0,0,"MULTIPOLYGON (((-37.78976414663846 144.9309000362657, -37.78962200459714 144.9294928070229, -37.78811692189577 144.92910543707964, -37.788153110675516 144.92944178800076, -37.788345027873596 144.92950506299962, -37.788469282881486 144.9295460296131, -37.788603833332715 144.92957805042604, -37.78876209835833 144.9309641676908, -37.788761082858464 144.93107769657124, -37.78976414663846 144.9309000362657)))"
com_clue_floor_use_block_2016.2527,2527,2016,Kensington,0,,0,0,0,0,0,4500,0,0,0,,0,0,0,0,0,3969,0,1389,0,0,0,0,0,0,0,0,11478.5,0,0,0,0,0,0,0,0,0,"MULTIPOLYGON (((-37.78991094252268 144.92956717435868, -37.78962200459714 144.9294928070229, -37.78976414663846 144.9309000362657, -37.789851781724416 144.93176772687693, -37.79075496831246 144.93159981113303, -37.79054885755321 144.9297313626552, -37.79043575219078 144.92970225121644, -37.78991094252268 144.92956717435868)))"
com_clue_floor_use_block_2016.2526,2526,2016,Kensington,0,84,0,0,0,0,0,1528,0,,0,0,0,0,,0,0,2168,0,618,0,0,0,0,0,0,0,0,6241.58007812,0,0,0,0,0,0,0,0,0,"MULTIPOLYGON (((-37.79135204732289 144.93148880340243, -37.79119238686543 144.9298969991385, -37.79054885755321 144.9297313626552, -37.79075496831246 144.93159981113303, -37.791345806352844 144.931489964291, -37.79135204732289 144.93148880340243)))"
com_clue_floor_use_block_2016.2525,2525,2016,Kensington,0,540,0,0,0,0,0,4035,0,0,0,0,0,0,,0,0,5319,0,3165,0,0,0,0,0,0,0,0,14575.5,0,0,,0,0,0,0,0,0,"MULTIPOLYGON (((-37.79119238686543 144.9298969991385, -37.79135204732289 144.93148880340243, -37.792843712743704 144.93121146758884, -37.7934533663676 144.93109811467866, -37.79345423967595 144.93075163345935, -37.79281936149333 144.93056453074763, -37.79284773280908 144.93032307766697, -37.79194791047899 144.9300914648598, -37.79119238686543 144.9298969991385)))"
com_clue_floor_use_block_2016.2547,2547,2016,Kensington,0,2818,0,,0,0,,1615,0,0,6170,,0,0,0,,0,16723,0,0,0,0,0,0,0,0,,0,48257.33984375,0,0,0,0,0,,0,0,5734,"MULTIPOLYGON (((-37.793265831158806 144.93521700166713, -37.79497480437568 144.93489733292668, -37.79496582704314 144.93474466472918, -37.79482408419115 144.9334966951854, -37.794636201522785 144.93184267642548, -37.793007015358455 144.9321432910307, -37.79294086694562 144.93213325917233, -37.79302544225091 144.93293575875384, -37.79311536726089 144.9337890788792, -37.793188838022054 144.9344863041104, -37.793265831158806 144.93521700166713)))"
com_clue_floor_use_block_2016.2546,2546,2016,Kensington,0,0,0,0,,0,0,4813,0,0,0,0,0,0,0,,0,4920,0,0,0,,0,0,0,0,0,0,11182.20019531,0,0,0,0,0,0,0,0,,"MULTIPOLYGON (((-37.79294042794451 144.9321290946215, -37.79294086694562 144.93213325917233, -37.793007015358455 144.9321432910307, -37.794636201522785 144.93184267642548, -37.79456907957818 144.93125182390952, -37.79454975118998 144.93107817760074, -37.79452969297945 144.93089798775642, -37.7941747661754 144.93096398175703, -37.79345423967595 144.93075163345935, -37.7934533663676 144.93109811467866, -37.792843712743704 144.93121146758884, -37.79294042794451 144.9321290946215)))"
com_clue_floor_use_block_2016.2541,2541,2016,Kensington,0,0,0,0,0,,0,3941,0,0,,0,0,0,0,0,0,4658,0,0,0,0,0,0,0,0,,0,9889.71972656,0,0,,0,0,0,0,0,0,"MULTIPOLYGON (((-37.791345806352844 144.931489964291, -37.79144142358389 144.93239205080545, -37.792876457322045 144.93210949697047, -37.79294042794451 144.9321290946215, -37.792843712743704 144.93121146758884, -37.79135204732289 144.93148880340243, -37.791345806352844 144.931489964291)))"
com_clue_floor_use_block_2016.2542,2542,2016,Kensington,0,0,0,0,0,0,0,4193,0,0,0,0,0,0,0,0,0,4973,0,0,0,0,0,0,0,0,0,0,9166,0,0,0,0,0,0,0,0,0,"MULTIPOLYGON (((-37.79152843062322 144.9332129621956, -37.79302544225091 144.93293575875384, -37.79294086694562 144.93213325917233, -37.79294042794451 144.9321290946215, -37.792876457322045 144.93210949697047, -37.79144142358389 144.93239205080545, -37.79144188803691 144.93239643373389, -37.79152843062322 144.9332129621956)))"
com_clue_floor_use_block_2016.2543,2543,2016,Kensington,0,0,0,0,0,0,0,4072,0,0,0,0,0,0,0,0,0,4809,0,0,0,0,0,0,0,0,0,0,8881.08984375,0,0,0,0,0,0,0,0,0,"MULTIPOLYGON (((-37.79161808665357 144.93405893367742, -37.79311536726089 144.9337890788792, -37.79302544225091 144.93293575875384, -37.79152843062322 144.9332129621956, -37.79152866296407 144.9332151610434, -37.79161808665357 144.93405893367742)))"
com_clue_floor_use_block_2016.2545,2545,2016,Kensington,0,193,0,0,0,0,0,0,0,3079,0,0,0,0,0,0,0,,0,0,0,0,0,0,0,0,0,0,7020.31982422,0,0,0,0,0,0,1440,0,,"MULTIPOLYGON (((-37.791691714539475 144.93475370722456, -37.79177044805981 144.93549670406344, -37.793265831158806 144.93521700166713, -37.793188838022054 144.9344863041104, -37.791691714539475 144.93475370722456)))"
com_clue_floor_use_block_2016.2544,2544,2016,Kensington,0,256,0,0,0,0,0,1449,0,,0,0,0,0,,0,0,2612,0,1878,0,0,0,0,0,0,,0,8724.59960938,0,0,0,0,0,,,0,,"MULTIPOLYGON (((-37.791691714539475 144.93475370722456, -37.793188838022054 144.9344863041104, -37.79311536726089 144.9337890788792, -37.79161808665357 144.93405893367742, -37.79161898069943 144.9340673632777, -37.791691714539475 144.93475370722456)))"
com_clue_floor_use_block_2016.2535,2535,2016,Kensington,0,234,0,0,0,0,0,3493,0,0,0,0,0,0,0,0,0,3856,0,2896,0,0,0,0,0,0,0,0,10479.09960938,0,0,0,0,0,0,0,0,0,"MULTIPOLYGON (((-37.7899434385244 144.93267822411752, -37.79144188803691 144.93239643373389, -37.79144142358389 144.93239205080545, -37.791345806352844 144.931489964291, -37.79075496831246 144.93159981113303, -37.789851781724416 144.93176772687693, -37.789847374043305 144.93176854588665, -37.7899434385244 144.93267822411752)))"
com_clue_floor_use_block_2016.2536,2536,2016,Kensington,0,162,0,0,0,0,0,3603,0,0,0,0,0,0,0,0,0,5223,0,608,0,0,0,0,0,0,0,0,9596.13964844,0,0,0,0,0,0,0,0,0,"MULTIPOLYGON (((-37.79003085641275 144.9335060848618, -37.79152866296407 144.9332151610434, -37.79152843062322 144.9332129621956, -37.79144188803691 144.93239643373389, -37.7899434385244 144.93267822411752, -37.78994781267394 144.93271964585864, -37.79003085641275 144.9335060848618)))"
com_clue_floor_use_block_2016.2537,2537,2016,Kensington,0,0,0,0,0,0,0,,0,0,0,0,0,0,0,0,0,5206,0,0,0,0,0,0,0,0,0,0,9243.15039062,0,0,0,0,0,,0,0,0,"MULTIPOLYGON (((-37.79011700837047 144.9343220094491, -37.791223126533275 144.93413447774282, -37.79161898069943 144.9340673632777, -37.79161808665357 144.93405893367742, -37.79152866296407 144.9332151610434, -37.79003085641275 144.9335060848618, -37.790031777308585 144.93351480991078, -37.79011700837047 144.9343220094491)))"
com_clue_floor_use_block_2016.2538,2538,2016,Kensington,0,613,0,0,,0,0,3406,0,0,669,0,0,0,0,0,0,3564,0,0,0,,0,0,0,0,,0,14089,0,0,657,0,0,,1602,0,2275,"MULTIPOLYGON (((-37.791223126533275 144.93413447774282, -37.79011700837047 144.9343220094491, -37.79011840794268 144.93433526801837, -37.79027064520562 144.93577721969655, -37.79038106289305 144.93575656792876, -37.791351404933636 144.9355750811362, -37.791223126533275 144.93413447774282)))"
com_clue_floor_use_block_2016.2539,2539,2016,Kensington,0,,0,0,,0,0,2422,0,0,,0,0,0,,0,0,806,0,0,0,0,0,0,0,0,0,0,4162.91992188,0,0,0,0,0,,0,0,0,"MULTIPOLYGON (((-37.791351404933636 144.9355750811362, -37.79177044805981 144.93549670406344, -37.791691714539475 144.93475370722456, -37.79161898069943 144.9340673632777, -37.791223126533275 144.93413447774282, -37.791351404933636 144.9355750811362)))"
com_clue_floor_use_block_2016.2530,2530,2016,Kensington,0,1453,0,0,1526,,0,1993,0,0,0,0,0,0,3956,0,0,3130,0,8752,0,0,0,0,0,0,0,0,21099.94921875,0,0,0,0,0,0,,0,0,"MULTIPOLYGON (((-37.788424751205206 144.9330094168477, -37.78994781267394 144.93271964585864, -37.7899434385244 144.93267822411752, -37.789847374043305 144.93176854588665, -37.78884596861051 144.93195471507758, -37.78885045077392 144.93199416523726, -37.788346518623186 144.93208836174503, -37.78833503810762 144.93217097015983, -37.788424751205206 144.9330094168477)))"
com_clue_floor_use_block_2016.2531,2531,2016,Kensington,0,432,0,0,0,0,0,2781,0,0,3187,0,0,0,529,,0,3128,0,0,0,0,0,0,0,0,0,0,10422.19042969,0,0,0,0,0,,0,0,0,"MULTIPOLYGON (((-37.78994781267394 144.93271964585864, -37.788424751205206 144.9330094168477, -37.78851048719068 144.9338107429967, -37.790031777308585 144.93351480991078, -37.79003085641275 144.9335060848618, -37.78994781267394 144.93271964585864)))"
com_clue_floor_use_block_2016.2533,2533,2016,Kensington,0,2301,0,,,0,0,0,0,492,2229,0,0,0,,0,0,2563,0,0,0,0,0,0,0,0,9028,0,23598.50976562,0,0,0,0,0,0,4016,0,,"MULTIPOLYGON (((-37.79011840794268 144.93433526801837, -37.788599408468585 144.93464190638375, -37.78875125776258 144.93606138574518, -37.79025008291598 144.93578106582675, -37.79027064520562 144.93577721969655, -37.79011840794268 144.93433526801837)))"
com_clue_floor_use_block_2016.2532,2532,2016,Kensington,0,378,0,0,0,0,0,3639,0,0,,0,0,0,,0,0,2638,0,0,0,0,0,0,0,0,,0,10289.54003906,0,0,0,0,0,0,0,0,0,"MULTIPOLYGON (((-37.790031777308585 144.93351480991078, -37.78851048719068 144.9338107429967, -37.788599408468585 144.93464190638375, -37.79011840794268 144.93433526801837, -37.79011700837047 144.9343220094491, -37.790031777308585 144.93351480991078)))"
com_clue_floor_use_block_2016.2522,2522,2016,Kensington,0,0,0,0,0,0,0,,0,0,0,0,0,0,0,0,0,7308,0,0,0,0,0,0,0,0,0,0,12522.66992188,0,0,0,0,0,0,,0,0,"MULTIPOLYGON (((-37.79194791047899 144.9300914648598, -37.79284773280908 144.93032307766697, -37.79289119744593 144.93003799531587, -37.79343597895746 144.93017147096774, -37.793615692804025 144.92895718513108, -37.792164440754554 144.9287769713175, -37.792164531562484 144.92878213463663, -37.79216282420635 144.92879245497738, -37.79194791047899 144.9300914648598)))"
com_clue_floor_use_block_2016.2521,2521,2016,Kensington,0,,,0,0,0,0,5095,0,0,0,0,0,0,0,0,0,6126,0,,0,0,0,0,0,0,0,0,12173.0703125,0,0,0,0,0,0,0,0,0,"MULTIPOLYGON (((-37.792164440754554 144.9287769713175, -37.793615692804025 144.92895718513108, -37.793619401203145 144.92893213075834, -37.79362300477814 144.9289077777198, -37.793601942337496 144.9277104594308, -37.792146394677054 144.9277511307028, -37.792164440754554 144.9287769713175)))"
com_clue_floor_use_block_2016.2524,2524,2016,Kensington,0,0,0,0,677,0,0,1399,0,0,615,0,0,0,,0,0,1771,0,1138,0,3155,0,0,0,0,662,0,12142.65039062,,0,0,0,0,0,,0,0,"MULTIPOLYGON (((-37.794301028205986 144.92887335209699, -37.794296309290495 144.92883177428348, -37.793619401203145 144.92893213075834, -37.793615692804025 144.92895718513108, -37.79343597895746 144.93017147096774, -37.79289119744593 144.93003799531587, -37.79284773280908 144.93032307766697, -37.79281936149333 144.93056453074763, -37.79345423967595 144.93075163345935, -37.7941747661754 144.93096398175703, -37.79452969297945 144.93089798775642, -37.79451342363669 144.93075183640576, -37.79448327800241 144.93048102494404, -37.79447298900899 144.93038860085656, -37.79443783472172 144.9300788226933, -37.794301028205986 144.92887335209699)))"
com_clue_floor_use_block_2016.2523,2523,2016,Kensington,0,0,0,0,,0,0,1585,,0,0,0,0,0,0,0,0,1598,0,426,0,605,0,0,0,0,0,0,4961.93994141,0,0,0,0,0,0,,0,0,"MULTIPOLYGON (((-37.794114258110966 144.92769614347768, -37.793601942337496 144.9277104594308, -37.79362300477814 144.9289077777198, -37.793619401203145 144.92893213075834, -37.794296309290495 144.92883177428348, -37.79417390952777 144.92775335119882, -37.794115761414474 144.92769758574053, -37.794114258110966 144.92769614347768)))"
com_clue_floor_use_block_2016.2519,2519,2016,Kensington,0,0,0,0,0,0,0,,0,0,0,0,0,0,0,0,0,5362,0,0,0,0,0,0,0,0,0,0,9997.74023438,0,0,0,0,0,,0,0,0,"MULTIPOLYGON (((-37.79216282420635 144.92879245497738, -37.79061505654102 144.92861939810447, -37.79043575219078 144.92970225121644, -37.79054885755321 144.9297313626552, -37.79119238686543 144.9298969991385, -37.79194791047899 144.9300914648598, -37.79216282420635 144.92879245497738)))"
com_clue_floor_use_block_2016.2518,2518,2016,Kensington,0,0,,0,0,0,0,,0,0,0,0,0,0,0,0,0,5408,0,0,0,0,0,0,0,0,0,0,10150.90039062,0,0,0,0,0,0,0,0,0,"MULTIPOLYGON (((-37.790602431746336 144.9277942692837, -37.790616698534045 144.92860525971633, -37.79061676569007 144.92860907792726, -37.79061505654102 144.92861939810447, -37.79216282420635 144.92879245497738, -37.792164531562484 144.92878213463663, -37.792164440754554 144.9287769713175, -37.792146394677054 144.9277511307028, -37.7917453298027 144.92776233683998, -37.79101935587966 144.92778262068003, -37.790602431746336 144.9277942692837)))"
com_clue_floor_use_block_2016.2517,2517,2016,Kensington,0,0,0,0,0,0,0,1889,0,0,0,0,0,0,0,0,0,1540,0,0,0,0,0,0,0,0,0,0,3429.5300293,0,0,0,0,0,0,0,0,0,"MULTIPOLYGON (((-37.79043575219078 144.92970225121644, -37.79061505654102 144.92861939810447, -37.79061676569007 144.92860907792726, -37.790616698534045 144.92860525971633, -37.78977698325992 144.9284723889567, -37.78991094252268 144.92956717435868, -37.79043575219078 144.92970225121644)))"
com_clue_floor_use_block_2016.2516,2516,2016,Kensington,0,0,0,0,0,0,0,1963,0,0,0,0,0,0,0,0,0,1672,0,0,0,0,0,0,0,0,0,0,3635.16992188,0,0,0,0,0,0,0,0,0,"MULTIPOLYGON (((-37.78977698325992 144.9284723889567, -37.790616698534045 144.92860525971633, -37.790602431746336 144.9277942692837, -37.789697097739705 144.9278195629284, -37.78977698325992 144.9284723889567)))"
com_clue_floor_use_block_2016.2520,2520,2016,Kensington,0,,0,,,0,0,3369,0,0,0,0,0,0,0,0,,9991,0,0,0,0,0,0,0,0,0,0,18811.94921875,0,0,0,0,0,0,0,0,0,"MULTIPOLYGON (((-37.792897240253765 144.92652900915743, -37.792282957457715 144.92593992423002, -37.79177649375457 144.92676323506646, -37.7917453298027 144.92776233683998, -37.792146394677054 144.9277511307028, -37.793601942337496 144.9277104594308, -37.794114258110966 144.92769614347768, -37.793496892522455 144.927104077714, -37.792897240253765 144.92652900915743)))"
com_clue_floor_use_block_2016.2514,2514,2016,Kensington,0,0,0,0,0,0,0,,0,0,0,0,0,0,0,0,0,5899,0,,0,0,0,0,0,0,0,0,10202.70019531,0,0,0,0,0,0,0,0,0,"MULTIPOLYGON (((-37.790602431746336 144.9277942692837, -37.79101935587966 144.92778262068003, -37.79102489268952 144.92681751884012, -37.79039960044472 144.92623056472058, -37.78982654717838 144.92715759159861, -37.789810333482194 144.9271838197979, -37.78977377730756 144.92724295624774, -37.78941241438421 144.9278275163101, -37.789697097739705 144.9278195629284, -37.790602431746336 144.9277942692837)))"
com_clue_floor_use_block_2016.2513,2513,2016,Kensington,0,0,0,0,0,0,0,7720,0,0,0,0,0,0,0,0,0,11312,0,429,0,0,0,0,0,0,0,0,20241.41992188,0,0,0,0,780,0,0,0,0,"MULTIPOLYGON (((-37.79143709624919 144.92512877900373, -37.79121330998331 144.9249141815272, -37.7908127553257 144.9255621869934, -37.79040799544643 144.92621698358357, -37.79039960044472 144.92623056472058, -37.79102489268952 144.92681751884012, -37.79101935587966 144.92778262068003, -37.7917453298027 144.92776233683998, -37.79177649375457 144.92676323506646, -37.792282957457715 144.92593992423002, -37.79220253564741 144.92586280149072, -37.79143709624919 144.92512877900373)))"
com_clue_floor_use_block_2016.2515,2515,2016,Kensington,0,198,2301,0,0,0,0,2229,0,0,369,,0,0,0,0,0,4134,0,0,0,0,0,0,0,0,,0,14265.90039062,0,0,0,0,0,0,0,0,0,"MULTIPOLYGON (((-37.789697097739705 144.9278195629284, -37.78941241438421 144.9278275163101, -37.78938045643424 144.92782840913281, -37.78918107273515 144.9276297018472, -37.788796366167496 144.928149135044, -37.78850308931597 144.92817630872403, -37.78823772446395 144.92820972925404, -37.788235772551566 144.92819139139863, -37.788022450641954 144.92822743242837, -37.78811692189577 144.92910543707964, -37.78962200459714 144.9294928070229, -37.78991094252268 144.92956717435868, -37.78977698325992 144.9284723889567, -37.789697097739705 144.9278195629284)))"
com_clue_floor_use_block_2016.2507,2507,2016,Kensington,0,0,0,0,0,0,0,1720,0,0,0,0,0,0,0,0,0,879,0,0,0,0,0,0,0,0,0,0,2598.84008789,0,0,0,0,0,0,0,0,0,"MULTIPOLYGON (((-37.787938836082525 144.9274503860425, -37.788022450641954 144.92822743242837, -37.788235772551566 144.92819139139863, -37.78823772446395 144.92820972925404, -37.78850308931597 144.92817630872403, -37.788397204561946 144.92736270080658, -37.78835673650299 144.92742446167938, -37.787938836082525 144.9274503860425)))"
com_clue_floor_use_block_2016.2508,2508,2016,Kensington,0,0,0,0,0,0,0,,0,0,0,0,0,0,0,,0,2135,0,0,0,0,0,0,0,0,0,0,3830.48999023,0,0,0,0,0,0,0,0,0,"MULTIPOLYGON (((-37.788397204561946 144.92736270080658, -37.78850308931597 144.92817630872403, -37.788796366167496 144.928149135044, -37.78918107273515 144.9276297018472, -37.78860102749728 144.92705163285777, -37.78853838352878 144.92714723875974, -37.788397204561946 144.92736270080658)))"
com_clue_floor_use_block_2016.2511,2511,2016,Kensington,0,0,0,0,0,0,0,4061,0,0,0,1582,0,0,0,0,0,3108,0,0,0,0,0,0,0,0,0,0,8751.16015625,0,0,0,0,0,0,0,0,0,"MULTIPOLYGON (((-37.7908127553257 144.9255621869934, -37.789922195085246 144.924713244039, -37.78988386150306 144.92477704872118, -37.78985471148438 144.92474924122885, -37.789675257190595 144.92504793372188, -37.78961116513273 144.92508079002212, -37.78950773076158 144.9252529491471, -37.78942388642344 144.92539250187136, -37.79008654033716 144.92603064659593, -37.79040799544643 144.92621698358357, -37.7908127553257 144.9255621869934)))"
com_clue_floor_use_block_2016.2512,2512,2016,Kensington,0,0,0,0,0,0,0,5127,0,0,0,,0,0,0,0,0,,0,0,0,0,0,0,0,0,0,0,7821.91015625,0,0,0,0,0,0,0,0,0,"MULTIPOLYGON (((-37.79031932820425 144.92405692211875, -37.790290021436654 144.92402882048927, -37.79016625462099 144.9242348296293, -37.790177747674626 144.92424579328227, -37.79015408054354 144.9242851854188, -37.79014425292522 144.92427581037555, -37.79013082026416 144.9242981675393, -37.79009972826382 144.92427635125742, -37.78994202987209 144.9246332072815, -37.789959988461305 144.92465033901328, -37.789922195085246 144.924713244039, -37.7908127553257 144.9255621869934, -37.79121330998331 144.9249141815272, -37.791048544534526 144.92475618251726, -37.79052017450385 144.92424951540286, -37.79031932820425 144.92405692211875)))"
com_clue_floor_use_block_2016.2503,2503,2016,Kensington,0,0,0,0,0,0,0,3721,0,0,0,,0,0,0,0,0,,0,0,0,0,0,0,0,0,0,0,5650.81005859,0,0,0,0,0,0,0,0,0,"MULTIPOLYGON (((-37.78834931008284 144.92418441554162, -37.788797824104115 144.92463975664594, -37.78928663208497 144.92385780583723, -37.789617187994686 144.9237382412685, -37.78976399612729 144.92352441559984, -37.78952705472824 144.92329721536095, -37.7892557055734 144.92303702573435, -37.789138612701045 144.9229088822359, -37.78834931008284 144.92418441554162)))"
com_clue_floor_use_block_2016.2504,2504,2016,Kensington,0,,0,0,0,0,0,3384,0,0,0,0,0,0,,0,0,2987,0,6095,0,0,0,0,0,0,0,0,14657.33984375,0,0,0,0,0,0,0,0,0,"MULTIPOLYGON (((-37.78879834529882 144.92464028599144, -37.78927083331499 144.9251199747903, -37.78930887789729 144.9250582717429, -37.789413676082354 144.92516086872016, -37.78973156111289 144.9246240217785, -37.789689418395774 144.92458135913006, -37.7897684731076 144.92445736226384, -37.7898189031342 144.9245084153324, -37.790025546165616 144.92407765762755, -37.79002151620278 144.92391166511567, -37.790076347843275 144.92382392811223, -37.78976399612729 144.92352441559984, -37.789617187994686 144.9237382412685, -37.78928663208497 144.92385780583723, -37.788797824104115 144.92463975664594, -37.78879834529882 144.92464028599144)))"
com_clue_floor_use_block_2016.2502,2502,2016,Kensington,0,,0,,0,0,0,0,0,0,0,0,0,0,0,0,0,,0,0,0,0,0,0,0,0,0,0,9418,0,0,0,0,0,0,0,0,0,"MULTIPOLYGON (((-37.788797824104115 144.92463975664594, -37.78834931008284 144.92418441554162, -37.78770023623612 144.9252332977372, -37.78785535219508 144.9266746028364, -37.7881117297132 144.92663128335485, -37.78838582652877 144.92619029580544, -37.78839576085851 144.92619990523917, -37.78855732938275 144.9259347005972, -37.788545708770364 144.92592329079775, -37.78856235526179 144.92589637503622, -37.788233807789915 144.92557375790668, -37.78879834529882 144.92464028599144, -37.788797824104115 144.92463975664594)))"
com_clue_floor_use_block_2016.2505,2505,2016,Kensington,0,0,0,0,0,0,0,3462,0,0,0,0,0,0,,0,0,3231,0,,0,0,0,0,0,0,0,0,6970.52978516,0,0,0,0,0,0,0,0,0,"MULTIPOLYGON (((-37.78927083331499 144.9251199747903, -37.78879834529882 144.92464028599144, -37.788233807789915 144.92557375790668, -37.78856235526179 144.92589637503622, -37.78856515564183 144.9258918453872, -37.78857421695444 144.92595120480962, -37.78875392987599 144.92612682971225, -37.78908663823521 144.92558885042348, -37.78929730245558 144.9252482075911, -37.78923149289055 144.9251837796003, -37.78927083331499 144.9251199747903)))"
com_clue_floor_use_block_2016.2510,2510,2016,Kensington,0,,0,0,0,0,0,3446,,0,0,,0,0,0,0,0,4554,0,0,0,0,0,0,0,0,0,0,11469.62988281,0,0,0,0,0,0,0,0,0,"MULTIPOLYGON (((-37.78942388642344 144.92539250187136, -37.7893805216675 144.9253507418337, -37.78884659900059 144.92621739136112, -37.78894616996541 144.92631469850065, -37.78895488494033 144.92630060792277, -37.78913821755979 144.9264808504495, -37.78982654717838 144.92715759159861, -37.79039960044472 144.92623056472058, -37.79040799544643 144.92621698358357, -37.79008654033716 144.92603064659593, -37.78942388642344 144.92539250187136)))"
com_clue_floor_use_block_2016.2506,2506,2016,Kensington,0,0,0,0,0,0,0,4382,0,0,0,0,0,0,0,0,0,1025,0,0,0,0,0,0,0,0,0,0,5407.60986328,0,0,0,0,0,0,0,0,0,"MULTIPOLYGON (((-37.78853838352878 144.92714723875974, -37.78892882482063 144.92641720258266, -37.788856993573276 144.926347004396, -37.788711037644894 144.9262043662449, -37.78855643823629 144.9264555485037, -37.788488760826525 144.9263894110275, -37.788277397460874 144.92673281667643, -37.78814604992679 144.92694621774223, -37.78788925085871 144.9269896069908, -37.787938836082525 144.9274503860425, -37.78835673650299 144.92742446167938, -37.788397204561946 144.92736270080658, -37.78853838352878 144.92714723875974)))"
com_clue_floor_use_block_2016.2509,2509,2016,Kensington,0,0,0,0,0,0,0,3712,0,0,0,,0,0,0,0,0,,0,0,0,0,0,0,0,0,0,0,6301.56982422,0,0,0,0,0,0,0,0,0,"MULTIPOLYGON (((-37.78853838352878 144.92714723875974, -37.78860102749728 144.92705163285777, -37.78918107273515 144.9276297018472, -37.78938045643424 144.92782840913281, -37.78941241438421 144.9278275163101, -37.78977377730756 144.92724295624774, -37.78948199940025 144.92695780608915, -37.78942504501312 144.92690214525314, -37.788985142121454 144.92647223890896, -37.78892882482063 144.92641720258266, -37.78853838352878 144.92714723875974)))"
com_clue_floor_use_block_2016.2381,2381,2016,North Melbourne,0,4545,0,,0,0,,0,0,0,2627,0,0,0,9161,,,,0,9288,0,0,0,0,0,0,0,0,35578.03125,,0,0,0,0,0,1032,0,0,"MULTIPOLYGON (((-37.78916840488759 144.94000633177865, -37.78916969847661 144.94000609712924, -37.78901029877227 144.938595832652, -37.788966987583265 144.93821266798187, -37.78878135660452 144.93841412969326, -37.788645923189435 144.93857629180505, -37.788515276436236 144.93874457262703, -37.78838958903008 144.93891874820227, -37.78826902991477 144.9390985867346, -37.78815375798765 144.93928384876358, -37.78804392840503 144.93947428698925, -37.78793968629702 144.93966964758238, -37.78784117129119 144.93986967119395, -37.78774851387014 144.94007409078512, -37.78765439623069 144.94028052283784, -37.78916840488759 144.94000633177865)))"
com_clue_floor_use_block_2016.2501,2501,2016,Kensington,0,0,,0,0,0,0,0,0,0,0,0,0,0,0,0,0,,0,0,0,0,0,0,,0,0,0,21454,0,0,0,0,0,0,0,0,0,"MULTIPOLYGON (((-37.7874578004769 144.92131156894573, -37.78745136076833 144.92144463580016, -37.7874020382789 144.92246298440125, -37.78770023623612 144.9252332977372, -37.78834931008284 144.92418441554162, -37.789138612701045 144.9229088822359, -37.78913050056908 144.9229000045259, -37.78904056594772 144.92280158253962, -37.787807679506024 144.92165288375017, -37.7874578004769 144.92131156894573)))"
com_clue_floor_use_block_2016.2382,2382,2016,North Melbourne,0,,0,0,0,0,0,474,0,0,0,0,0,0,,0,0,2855,0,,0,,0,0,0,0,0,0,4897.08007812,0,0,0,0,0,,,0,,"MULTIPOLYGON (((-37.7893851423588 144.94215724869704, -37.78916840488759 144.94000633177865, -37.78765439623069 144.94028052283784, -37.78761572755634 144.94036533544656, -37.788025998599366 144.9406501551141, -37.7882599515207 144.94081536327266, -37.78843968267018 144.94097090493514, -37.78846356967187 144.94100087779762, -37.7893851423588 144.94215724869704)))"
com_clue_floor_use_block_2016.2384,2384,2016,North Melbourne,832,3552,0,,0,0,0,7826,,0,5130,0,0,0,4463,0,0,11544,0,435,0,,,0,0,0,,0,46232.26953125,0,0,6187,0,0,,,0,,"MULTIPOLYGON (((-37.79029461515793 144.9432984795418, -37.790915545984696 144.94251243664735, -37.79099015819642 144.94249909046422, -37.790706173896446 144.9397278228463, -37.78917296030253 144.94000550575768, -37.78916969847661 144.94000609712924, -37.78916840488759 144.94000633177865, -37.7893851423588 144.94215724869704, -37.78955080771569 144.94236512682895, -37.79029461515793 144.9432984795418)))"
com_clue_floor_use_block_2016.2386,2386,2016,North Melbourne,0,8639,0,0,0,416,0,0,0,0,,0,0,0,0,0,0,,0,47927,0,0,0,0,0,0,0,0,85394,0,0,0,0,0,0,0,0,0,"MULTIPOLYGON (((-37.79249275384845 144.94223031970137, -37.792350529555634 144.9407430088121, -37.79222709518139 144.93945235246488, -37.7922251574936 144.93945270382903, -37.790706173896446 144.9397278228463, -37.79099015819642 144.94249909046422, -37.79218496128193 144.94228537636144, -37.79249275384845 144.94223031970137)))"
com_clue_floor_use_block_2016.2389,2389,2016,North Melbourne,0,,,0,0,0,0,15455,0,0,0,0,0,0,0,0,0,4196,0,0,0,0,0,0,0,0,0,0,21780,0,0,0,0,0,0,,0,0,"MULTIPOLYGON (((-37.792350529555634 144.9407430088121, -37.79249275384845 144.94223031970137, -37.79335411963578 144.94207624084063, -37.7940033086495 144.94196011311442, -37.79384400932525 144.94051478134682, -37.79384255683177 144.9405016006768, -37.792350529555634 144.9407430088121)))"
com_clue_floor_use_block_2016.2388,2388,2016,North Melbourne,0,,,0,,,660,0,0,0,0,0,0,0,0,0,0,,0,0,0,0,0,0,0,0,0,0,16073,0,0,0,0,0,0,0,0,0,"MULTIPOLYGON (((-37.79222709518139 144.93945235246488, -37.792350529555634 144.9407430088121, -37.79384255683177 144.9405016006768, -37.79369754078705 144.93918601241538, -37.79222709518139 144.93945235246488)))"
com_clue_floor_use_block_2016.2392,2392,2016,North Melbourne,0,5187,0,0,,0,0,5315,0,0,,0,0,0,,0,,11504,0,17862,0,1004,0,0,0,0,0,0,41553.5,0,0,0,0,0,0,,0,0,"MULTIPOLYGON (((-37.79558825116497 144.9401500247857, -37.79557269434963 144.94009557630503, -37.79491898952659 144.94011373467922, -37.79471202938753 144.94032597179506, -37.79384400932525 144.94051478134682, -37.7940033086495 144.94196011311442, -37.79452462028143 144.94186685846853, -37.79578410871273 144.94164154895006, -37.79560750171408 144.9402173966782, -37.79558825116497 144.9401500247857)))"
com_clue_floor_use_block_2016.2391,2391,2016,North Melbourne,0,179,0,0,0,,0,11497,0,0,0,0,0,0,0,0,0,7133,0,0,0,0,0,0,0,0,0,,19846.69921875,0,0,0,0,,0,0,0,0,"MULTIPOLYGON (((-37.79384255683177 144.9405016006768, -37.79384400932525 144.94051478134682, -37.79471202938753 144.94032597179506, -37.79491898952659 144.94011373467922, -37.79557269434963 144.94009557630503, -37.795572064649974 144.94009337358813, -37.79549907175502 144.93943388642464, -37.795434714041136 144.93892826208096, -37.79542763218907 144.93887262787936, -37.79372750361123 144.93918058504178, -37.79369754078705 144.93918601241538, -37.79384255683177 144.9405016006768)))"
com_clue_floor_use_block_2016.2383,2383,2016,North Melbourne,0,4636,0,,,,0,,0,0,2003,0,0,0,0,0,0,6785,0,0,0,,0,0,0,0,7828,0,33157.62109375,0,0,0,0,0,0,6948,,0,"MULTIPOLYGON (((-37.78916969847661 144.94000609712924, -37.78917296030253 144.94000550575768, -37.790706173896446 144.9397278228463, -37.79048179106534 144.9375233822454, -37.79044883147941 144.93743410324996, -37.78994040078452 144.93778701650402, -37.789773202371116 144.93790885574904, -37.789710219041204 144.93792480137418, -37.78960938747948 144.9380077755134, -37.78956754500731 144.93804221077585, -37.789525286105565 144.93821757988124, -37.78941640890543 144.9382365825922, -37.78915676460798 144.9384966466228, -37.78901029877227 144.938595832652, -37.78916969847661 144.94000609712924)))"
com_clue_floor_use_block_2016.1111,1111,2016,West Melbourne (Industrial),0,0,0,0,0,0,0,0,0,0,,0,0,0,0,0,0,0,0,0,0,0,0,0,0,0,0,0,218441,0,196465,0,0,0,,0,0,0,"MULTIPOLYGON (((-37.817994920150866 144.931780506454, -37.817943004801045 144.9316282561221, -37.818290448404184 144.92572517286763, -37.8167392942272 144.92557986087144, -37.81645597076909 144.9280030859407, -37.81610703866513 144.92890685202948, -37.814647875772046 144.92805442047003, -37.813425801907684 144.93121150848222, -37.813405196335914 144.9312267769437, -37.81345286099886 144.9312801152175, -37.813492499736796 144.93132447315764, -37.81344365625859 144.93138823319165, -37.813390743986474 144.93144660881822, -37.81333413691635 144.93149918975317, -37.81327423224052 144.93154560369058, -37.81321145230845 144.93158552533507, -37.8131462382616 144.9316186731716, -37.813079050112805 144.93164481400632, -37.813010359580254 144.93166376543797, -37.81195045301592 144.93189798417725, -37.81166107231907 144.931960015838, -37.81162124038398 144.93206535080637, -37.811575520613324 144.93216681522048, -37.811524148082874 144.93226388794125, -37.811467387091945 144.93235606973704, -37.811405531222846 144.93244288668976, -37.81133889613479 144.93252389039623, -37.81126782690899 144.93259866571464, -37.81133043370459 144.9326508471364, -37.81139528464884 144.93269847470566, -37.8114621715898 144.93274139519463, -37.81144297011522 144.93276412284234, -37.8113549574338 144.93285268561843, -37.811261410996636 144.9329317235493, -37.81127733754244 144.93295170049137, -37.811608684302804 144.93325369033982, -37.8119594608261 144.9334715394726, -37.812573102789386 144.93367353757588, -37.81261854296792 144.93444183510206, -37.81331981976308 144.9343633469198, -37.81330166739561 144.93380636805244, -37.81372867294868 144.93345521369363, -37.81448522363388 144.9331243619428, -37.81542866827542 144.93294140769274, -37.81626046365316 144.9325510990821, -37.81685315303588 144.9319707144178, -37.817994920150866 144.931780506454)))"
com_clue_floor_use_block_2016.2548,2548,2016,Kensington,0,0,0,0,0,0,0,0,0,0,0,,0,0,0,0,0,0,0,0,0,0,0,0,0,0,0,0,6944,0,0,0,0,0,0,0,0,0,"MULTIPOLYGON (((-37.790076347843275 144.92382392811223, -37.79002151620278 144.92391166511567, -37.790025546165616 144.92407765762755, -37.7898189031342 144.9245084153324, -37.7897684731076 144.92445736226384, -37.789689418395774 144.92458135913006, -37.78973156111289 144.9246240217785, -37.789413676082354 144.92516086872016, -37.78930887789729 144.9250582717429, -37.78927083331499 144.9251199747903, -37.78923149289055 144.9251837796003, -37.78929730245558 144.9252482075911, -37.78908663823521 144.92558885042348, -37.78875392987599 144.92612682971225, -37.78857421695444 144.92595120480962, -37.78856515564183 144.9258918453872, -37.78856235526179 144.92589637503622, -37.788545708770364 144.92592329079775, -37.78855732938275 144.9259347005972, -37.78839576085851 144.92619990523917, -37.78838582652877 144.92619029580544, -37.7881117297132 144.92663128335485, -37.78785535219508 144.9266746028364, -37.78785540926472 144.92667513153654, -37.78788925085871 144.9269896069908, -37.78814604992679 144.92694621774223, -37.788277397460874 144.92673281667643, -37.788488760826525 144.9263894110275, -37.78855643823629 144.9264555485037, -37.788711037644894 144.9262043662449, -37.788856993573276 144.926347004396, -37.78892882482063 144.92641720258266, -37.788985142121454 144.92647223890896, -37.78942504501312 144.92690214525314, -37.78948199940025 144.92695780608915, -37.78977377730756 144.92724295624774, -37.789810333482194 144.9271838197979, -37.78982654717838 144.92715759159861, -37.78913821755979 144.9264808504495, -37.78895488494033 144.92630060792277, -37.78894616996541 144.92631469850065, -37.78884659900059 144.92621739136112, -37.7893805216675 144.9253507418337, -37.78942388642344 144.92539250187136, -37.78950773076158 144.9252529491471, -37.78961116513273 144.92508079002212, -37.789675257190595 144.92504793372188, -37.78985471148438 144.92474924122885, -37.78988386150306 144.92477704872118, -37.789922195085246 144.924713244039, -37.789959988461305 144.92465033901328, -37.78994202987209 144.9246332072815, -37.79009972826382 144.92427635125742, -37.79013082026416 144.9242981675393, -37.79014425292522 144.92427581037555, -37.79015408054354 144.9242851854188, -37.790177747674626 144.92424579328227, -37.79016625462099 144.9242348296293, -37.790290021436654 144.92402882048927, -37.79018783677348 144.92393083505286, -37.79010721849158 144.9238535290464, -37.790076347843275 144.92382392811223)))"
